Test project /home/ghecht/Projects/hven/.scratch/m6-close/build-debug
  Test    #1: Version.NonNullNonEmptyMatchesProjectVersion
  Test    #2: SparseBackendLink.MklGetVersionResolvesThroughPublicLinkage
  Test    #3: PatternHash.SameMatrixSameHash
  Test    #4: PatternHash.StructurallyIdenticalDifferentValuesSameHash
  Test    #5: PatternHash.OneMovedNonzeroDifferentHash
  Test    #6: PatternHash.DifferentDimsSameNnzDifferentHash
  Test    #7: PatternHash.EmptyMatrixWellDefined
  Test    #8: PatternHash.UncompressedInputThrows
  Test    #9: PatternHash.Fnv1aFeedMixesRawBytesByteAtATime
  Test   #10: PatternHash.LiteralValuePinnedForFixedFixture
  Test   #11: PatternHash.CrossCheckAgainstIndependentFnv1aReference
  Test   #12: PatternHash.Fnv1aFeedIndexMatchesTheByteAtATimeFormAtEveryMagnitude
  Test   #13: PatternHash.Fnv1aFeedIndexPairsIsTheInterleavedPerElementStream
  Test   #14: PatternHash.Fnv1aFeedIndexRemainsAConstantExpression
  Test   #15: PatternHash.TolerantPathReproducesThePinnedLiteralInBothStorageStates
  Test   #16: PatternHash.TolerantPathAgreesWithCompressedOnEmptyOuterRows
  Test   #17: PatternHash.TolerantPathAgreesWithCompressedOnLeadingAndTrailingEmptyRows
  Test   #18: PatternHash.GappedStructureDigestsMatchTheIndependentReference
  Test   #19: PatternHash.CombinedKeyToleratesMixedStorageStates
  Test   #20: PatternHash.CrossWidthStabilityAtThirtyTwoAndSixtyFourBitStorageIndices
  Test   #21: PatternHash.CombinedKeyIsContinuedAccumulationNotAFoldOverDigests
  Test   #22: CoreLayering.TheScanActuallyReadsTheCoreHeaders
  Test   #23: CoreLayering.NoCoreHeaderDependsUpwardOnAnotherTier
  Test   #24: DenseSymmetricFactor.Spd2x2ReproducesKnownInverse
  Test   #25: DenseSymmetricFactor.Spd3x3ReproducesKnownInverse
  Test   #26: DenseSymmetricFactor.SymmetricIndefinite3x3SolvesKnownSystem
  Test   #27: DenseSymmetricFactor.MultiRhsSolveMatchesPerColumnSolve
  Test   #28: DenseSymmetricFactor.IdentityMatrixSolveReproducesRhs
  Test   #29: DenseSymmetricFactor.NonContiguousXTakesScratchPathAndMatchesContiguousResult
  Test   #30: DenseSymmetricFactor.ZeroColumnRhsIsAcceptedAndNoOp
  Test   #31: DenseSymmetricFactor.SolveBeforeFactorizeThrows
  Test   #32: DenseSymmetricFactor.NonSquareFactorizeThrows
  Test   #33: DenseSymmetricFactor.EmptyFactorizeThrows
  Test   #34: DenseSymmetricFactor.RhsRowCountMismatchThrows
  Test   #35: DenseSymmetricFactor.XShapeMismatchThrows
  Test   #36: DenseSymmetricFactor.SingularMatrixFactorizeThrowsWithInfoCode
  Test   #37: DenseSymmetricFactor.RefactorizeWithDifferentDimLeavesNoStaleState
  Test   #38: DenseSymmetricFactor.ThreadCountDefaultsToTheBackendDefaultAndRefusesNegatives
  Test   #39: DenseSymmetricFactor.ACallScopedThreadCountRestoresTheCallersOwnOverride
  Test   #40: DenseSymmetricFactorGrowth.UpperOverloadIsTheSingleArgumentCall
  Test   #41: DenseSymmetricFactorGrowth.FactorizeStillThrowsOnExactSingularity
  Test   #42: DenseSymmetricFactorGrowth.FactorizeLowerAlsoThrowsOnExactSingularity
  Test   #43: DenseSymmetricFactorGrowth.OverloadValidationThrowsAndNamesItsEntryPoint
  Test   #44: DenseSymmetricFactorGrowth.TryFactorizeReportsExactSingularityWithoutThrowing
  Test   #45: DenseSymmetricFactorGrowth.TryFactorizeOkMatchesFactorize
  Test   #46: DenseSymmetricFactorGrowth.TryFactorizeSingularClearsAnEarlierUsableFactorization
  Test   #47: DenseSymmetricFactorGrowth.EachTriangleReadsOnlyItsOwnHalf
  Test   #48: DenseSymmetricFactorGrowth.UpperAndLowerAgreeOnSolveAndInertia
  Test   #49: DenseSymmetricFactorGrowth.RefactorizeResetsTheTriangle
  Test   #50: DenseSymmetricFactorGrowth.UnknownTriangleValueThrows
  Test   #51: DenseSymmetricFactorGrowth.EvidenceIsAbsentBeforeAnyFactorization
  Test   #52: DenseSymmetricFactorGrowth.EvidenceOnDiagonalFixtureIsExact
  Test   #53: DenseSymmetricFactorGrowth.EvidenceDecodesAForced2x2Block
  Test   #54: DenseSymmetricFactorGrowth.EvidenceMatchesDeterminantAndIndependentInertia
  Test   #55: DenseSymmetricFactorGrowth.EvidenceOnAMixedBlockFixture
  Test   #56: DenseSymmetricFactorGrowth.EvidenceDecodesA2x2BlockPastTheFirstIndex
  Test   #57: DenseSymmetricFactorGrowth.EvidenceIsAbsentAfterAFailedFactorize
  Test   #58: SymmetricFactorEvidenceInvariants.ObservedEvidenceSatisfiesTheHonestyInvariants
  Test   #59: SymmetricFactorEvidenceInvariants.PartialSolveUnsupportedBeforeAnyFactorization
  Test   #60: SymmetricFactorEvidenceInvariants.AbsentPerturbedPivotsImpliesPartialSolveUnsupported
  Test   #61: SymmetricFactorEvidenceInvariants.ZeroClassDerivationMatchesTheBackendContract
  Test   #62: SymmetricFactorEvidenceInvariants.DefaultOptionsMatchTheFreeCostlySplit
  Test   #63: SymmetricFactorThreadCount.ANegativeCountIsRejectedAndLeavesTheCountAlone
  Test   #64: SymmetricFactorThreadCount.ANewCountCostsNoAnalysisNoSessionAndNoEpoch
  Test   #65: SymmetricFactorThreadCount.AdoptReportsTheCountSetAfterTheAnalysis
  Test   #66: SymmetricFactorThreadCount.AnAdoptedEngineTracksACoOwnersLaterSet
  Test   #67: SymmetricFactorFactorEvidence.CollectFactorMflopsAddsTheCostlyFieldOnMkl
  Test   #68: SymmetricFactorPardisoOnlyOptions.NonDefaultOrderingDoesNotThrowOnMkl
  Test   #69: SymmetricFactorPardisoOnlyOptions.WeightedMatchingTrueDoesNotThrowOnMkl
  Test   #70: SymmetricFactorPardisoOnlyOptions.MatrixScalingTrueAloneThrowsOnMkl
  Test   #71: SymmetricFactorPardisoOnlyOptions.MatrixScalingTrueWithWeightedMatchingDoesNotThrowOnMkl
  Test   #72: SymmetricFactorPardisoOnlyOptions.NonDefaultPivotStrategyDoesNotThrowOnMkl
  Test   #73: SymmetricFactorPardisoOnlyOptions.ClassicFactorizationAlgorithmDoesNotThrowOnMkl
  Test   #74: SymmetricFactorPardisoOnlyOptions.TwoLevelFactorizationAlgorithmDoesNotThrowWithCompatibleOrdering
  Test   #75: SymmetricFactorPardisoOnlyOptions.NonDefaultSolveParallelismDoesNotThrowOnMkl
  Test   #76: SymmetricFactorPardisoOnlyOptions.PositiveCnrThreadsDoesNotThrowOnMklWithCompatibleOrdering
  Test   #77: SymmetricFactorPardisoOnlyOptions.CollectFactorMflopsTrueDoesNotThrowOnMkl
  Test   #78: SymmetricFactorPardisoOnlyOptions.AccelerateZeroToleranceThrowsOnMkl
  Test   #79: SymmetricFactorPardisoOnlyOptions.PositiveCnrThreadsThrowsWithIncompatibleOrderingOnMkl
  Test   #80: SymmetricFactorPardisoOnlyOptions.TwoLevelFactorizationAlgorithmThrowsWithIncompatibleOrderingOnMkl
  Test   #81: SymmetricFactorPardisoOnlyOptions.TwoLevelFactorizationAlgorithmThrowsWithScalingOnMkl
  Test   #82: SymmetricFactorPardisoOnlyOptions.TwoLevelFactorizationAlgorithmThrowsWithMatchingOnMkl
  Test   #83: WarmStartValue.DefaultIsEmptyAndEqualToAnotherDefault
  Test   #84: WarmStartValue.ACopyEqualsItsOriginal
  Test   #85: WarmStartValue.EqualityIsFieldwiseOverEveryBlock
  Test   #86: WarmStartValue.EqualityIsFieldwiseOverBothStampConjuncts
  Test   #87: WarmStartValue.EqualityIsFieldwiseOverTheExtensionList
  Test   #88: WarmStartValue.EqualityIsExactSoANaNPayloadIsUnequalToItself
  Test   #89: WarmStartSerialization.RoundTripsAPopulatedValue
  Test   #90: WarmStartSerialization.RoundTripsADefaultConstructedValue
  Test   #91: WarmStartSerialization.RoundTripsEmptyBlocksWithAPopulatedStamp
  Test   #92: WarmStartSerialization.RoundTripsSpecialDoublesBitExactly
  Test   #93: WarmStartSerialization.RoundTripsAwkwardExtensionsInOrder
  Test   #94: WarmStartSerialization.TheEncodingIsAFunctionOfTheValueAlone
  Test   #95: WarmStartSerialization.FrozenByteLayout
  Test   #96: WarmStartSerialization.DecodesTheFrozenBytesBackToTheFrozenValue
  Test   #97: WarmStartSerialization.TheFormatVersionThisBuildWritesIsTwo
  Test   #98: WarmStartSerialization.RefusesAVersionOnePayloadNamingBothVersions
  Test   #99: WarmStartSerialization.AVersionAboveThisBuildsIsNotBlamedOnThePreRulingStamp
  Test  #100: WarmStartSerialization.AVersionZeroPayloadGetsTheNumbersAndNoStory
  Test  #101: WarmStartSerialization.RefusesAnEmptyInput
  Test  #102: WarmStartSerialization.RefusesABadMagic
  Test  #103: WarmStartSerialization.RefusesAVersionThisBuildDoesNotRead
  Test  #104: WarmStartSerialization.RefusesTrailingBytes
  Test  #105: WarmStartSerialization.RefusesAVectorLengthTheInputCannotHold
  Test  #106: WarmStartSerialization.RefusesAnExtensionCountTheInputCannotHold
  Test  #107: WarmStartSerialization.RefusesATagLengthTheInputCannotHold
  Test  #108: WarmStartSerialization.RefusesAPayloadLengthTheInputCannotHold
  Test  #109: IpmPolishSerialization.RoundTripsAPopulatedPayload
  Test  #110: IpmPolishSerialization.RoundTripsADefaultConstructedPayload
  Test  #111: IpmPolishSerialization.RoundTripsSpecialDoublesBitExactly
  Test  #112: IpmPolishSerialization.FrozenByteLayout
  Test  #113: IpmPolishSerialization.DecodesTheFrozenBytesBackToTheFrozenValue
  Test  #114: IpmPolishSerialization.RefusesAnEmptyInput
  Test  #115: IpmPolishSerialization.RefusesABadMagic
  Test  #116: IpmPolishSerialization.RefusesTrailingBytes
  Test  #117: IpmPolishSerialization.RefusesALengthTheInputCannotHold
  Test  #118: IpmPolishLookup.ReturnsNullOnACoreOnlyValue
  Test  #119: IpmPolishLookup.IgnoresForeignTagsIncludingANearMiss
  Test  #120: IpmPolishLookup.FindsTheTagAmongOthersAndReturnsItsBytesVerbatim
  Test  #121: IpmPolishLookup.RefusesTheTagCarriedTwice
  Test  #122: IpmPolishBridge.MatchesFromInteriorPointHandedTheSameBlocks
  Test  #123: IpmPolishBridge.ForwardsTheCrossoverOptions
  Test  #124: IpmPolishBridge.RefusesACoreOnlyValueNamingTheTag
  Test  #125: IpmPolishBridge.RefusesAStampThatDoesNotMatchTheModel
  Test  #126: IpmPolishBridge.RefusesAMalformedPayloadWithTheDecodesOwnMessage
  Test  #127: IpmPolishBridge.RefusesAnExtensionWhoseWidthsDisagreeWithTheCore
  Test  #128: IpmPolishBridge.RefusesBoundVectorsThatAreNotAtTheCoresWidth
  Test  #129: SymmetricFactor.AnalyzeOnceFactorizeManyOnAFixedPattern
  Test  #130: SymmetricFactor.FactorizeRejectsAForeignPattern
  Test  #131: SymmetricFactor.AnAssumedPatternSkipsTheGuardAndNothingElse
  Test  #132: SymmetricFactor.TheGuardCounterCountsRejectedCallsToo
  Test  #133: SymmetricFactor.MisuseOrderingThrows
  Test  #134: SymmetricFactor.AnalyzeRejectsMalformedInput
  Test  #135: SymmetricFactor.SolveRejectsSizeMismatch
  Test  #136: SymmetricFactor.UnimplementedFactorKindsThrow
  Test  #137: SymmetricFactor.InertiaOfAnSpdMatrixIsAllPositive
  Test  #138: SymmetricFactor.InertiaOfASaddlePointIsObserved
  Test  #139: SymmetricFactor.InertiaOfASingularMatrixDerivesItsZeroClass
  Test  #140: SymmetricFactor.PartialSolvesComposeToTheFullSolve
  Test  #141: SymmetricFactor.ConfiguredRefinementDoesNotLeakIntoPartialSolves
  Test  #142: SymmetricFactor.ComposedPartialsDivergeWhenTheGateIsClosed
  Test  #143: SymmetricFactor.SupportsPartialSolveIsFalseBeforeAFactorization
  Test  #144: SymmetricFactor.SupportsPartialSolveTracksPerturbedPivots
  Test  #145: SymmetricFactor.MultiRhsSolveMatchesPerColumnSolves
  Test  #146: SymmetricFactor.ZeroColumnSolveIsANoOpAndCountsAsNoWork
  Test  #147: SymmetricFactor.ExplicitThreadCountChangesNeitherCountersNorSolutions
  Test  #148: SymmetricFactor.APerInstanceThreadCountRestoresTheCallersOwnThreadLocalOverride
  Test  #149: SymmetricFactor.ANewThreadCountKeepsTheAnalysisTheSessionAndTheNumerics
  Test  #150: SymmetricFactor.AThreadCountSetBeforeAnalyzeIsCarriedIntoTheSession
  Test  #151: SymmetricFactor.ANegativeThreadCountIsRejectedAndChangesNothing
  Test  #152: SymmetricFactor.MinimumDegreeOrderingFactorizesAndSolvesCorrectly
  Test  #153: SymmetricFactor.NestedDissectionOrderingFactorizesAndSolvesCorrectly
  Test  #154: SymmetricFactor.ParallelNestedDissectionOrderingFactorizesAndSolvesCorrectly
  Test  #155: SymmetricFactor.WeightedMatchingFactorizesAndSolvesCorrectly
  Test  #156: SymmetricFactor.WeightedMatchingForcesSupportsPartialSolveFalse
  Test  #157: SymmetricFactor.SharedHandleOutlivesItsOriginator
  Test  #158: SymmetricFactor.AdoptingACurrentHandleReusesItsNumerics
  Test  #159: SymmetricFactor.AdoptingAStaleHandleRefusesNumericsButKeepsTheSymbolic
  Test  #160: SymmetricFactor.AdoptingAHandleForAnotherPatternRequiresAFreshAnalysis
  Test  #161: SymmetricFactor.AdoptRejectsANullHandle
  Test  #162: SymmetricFactor.ReanalysisForksTheSessionAndTheSessionIdSeparatesTheBranches
  Test  #163: EveryProperPrefix/WarmStartTruncation.RefusesAndNamesWhereItRanOut/0
  Test  #164: EveryProperPrefix/WarmStartTruncation.RefusesAndNamesWhereItRanOut/1
  Test  #165: EveryProperPrefix/WarmStartTruncation.RefusesAndNamesWhereItRanOut/2
  Test  #166: EveryProperPrefix/WarmStartTruncation.RefusesAndNamesWhereItRanOut/3
  Test  #167: EveryProperPrefix/WarmStartTruncation.RefusesAndNamesWhereItRanOut/4
  Test  #168: EveryProperPrefix/WarmStartTruncation.RefusesAndNamesWhereItRanOut/5
  Test  #169: EveryProperPrefix/WarmStartTruncation.RefusesAndNamesWhereItRanOut/6
  Test  #170: EveryProperPrefix/WarmStartTruncation.RefusesAndNamesWhereItRanOut/7
  Test  #171: EveryProperPrefix/WarmStartTruncation.RefusesAndNamesWhereItRanOut/8
  Test  #172: EveryProperPrefix/WarmStartTruncation.RefusesAndNamesWhereItRanOut/9
  Test  #173: EveryProperPrefix/WarmStartTruncation.RefusesAndNamesWhereItRanOut/10
  Test  #174: EveryProperPrefix/WarmStartTruncation.RefusesAndNamesWhereItRanOut/11
  Test  #175: EveryProperPrefix/WarmStartTruncation.RefusesAndNamesWhereItRanOut/12
  Test  #176: EveryProperPrefix/WarmStartTruncation.RefusesAndNamesWhereItRanOut/13
  Test  #177: EveryProperPrefix/WarmStartTruncation.RefusesAndNamesWhereItRanOut/14
  Test  #178: EveryProperPrefix/WarmStartTruncation.RefusesAndNamesWhereItRanOut/15
  Test  #179: EveryProperPrefix/WarmStartTruncation.RefusesAndNamesWhereItRanOut/16
  Test  #180: EveryProperPrefix/WarmStartTruncation.RefusesAndNamesWhereItRanOut/17
  Test  #181: EveryProperPrefix/WarmStartTruncation.RefusesAndNamesWhereItRanOut/18
  Test  #182: EveryProperPrefix/WarmStartTruncation.RefusesAndNamesWhereItRanOut/19
  Test  #183: EveryProperPrefix/WarmStartTruncation.RefusesAndNamesWhereItRanOut/20
  Test  #184: EveryProperPrefix/WarmStartTruncation.RefusesAndNamesWhereItRanOut/21
  Test  #185: EveryProperPrefix/WarmStartTruncation.RefusesAndNamesWhereItRanOut/22
  Test  #186: EveryProperPrefix/WarmStartTruncation.RefusesAndNamesWhereItRanOut/23
  Test  #187: EveryProperPrefix/WarmStartTruncation.RefusesAndNamesWhereItRanOut/24
  Test  #188: EveryProperPrefix/WarmStartTruncation.RefusesAndNamesWhereItRanOut/25
  Test  #189: EveryProperPrefix/WarmStartTruncation.RefusesAndNamesWhereItRanOut/26
  Test  #190: EveryProperPrefix/WarmStartTruncation.RefusesAndNamesWhereItRanOut/27
  Test  #191: EveryProperPrefix/WarmStartTruncation.RefusesAndNamesWhereItRanOut/28
  Test  #192: EveryProperPrefix/WarmStartTruncation.RefusesAndNamesWhereItRanOut/29
  Test  #193: EveryProperPrefix/WarmStartTruncation.RefusesAndNamesWhereItRanOut/30
  Test  #194: EveryProperPrefix/WarmStartTruncation.RefusesAndNamesWhereItRanOut/31
  Test  #195: EveryProperPrefix/WarmStartTruncation.RefusesAndNamesWhereItRanOut/32
  Test  #196: EveryProperPrefix/WarmStartTruncation.RefusesAndNamesWhereItRanOut/33
  Test  #197: EveryProperPrefix/WarmStartTruncation.RefusesAndNamesWhereItRanOut/34
  Test  #198: EveryProperPrefix/WarmStartTruncation.RefusesAndNamesWhereItRanOut/35
  Test  #199: EveryProperPrefix/WarmStartTruncation.RefusesAndNamesWhereItRanOut/36
  Test  #200: EveryProperPrefix/WarmStartTruncation.RefusesAndNamesWhereItRanOut/37
  Test  #201: EveryProperPrefix/WarmStartTruncation.RefusesAndNamesWhereItRanOut/38
  Test  #202: EveryProperPrefix/WarmStartTruncation.RefusesAndNamesWhereItRanOut/39
  Test  #203: EveryProperPrefix/WarmStartTruncation.RefusesAndNamesWhereItRanOut/40
  Test  #204: EveryProperPrefix/WarmStartTruncation.RefusesAndNamesWhereItRanOut/41
  Test  #205: EveryProperPrefix/WarmStartTruncation.RefusesAndNamesWhereItRanOut/42
  Test  #206: EveryProperPrefix/WarmStartTruncation.RefusesAndNamesWhereItRanOut/43
  Test  #207: EveryProperPrefix/WarmStartTruncation.RefusesAndNamesWhereItRanOut/44
  Test  #208: EveryProperPrefix/WarmStartTruncation.RefusesAndNamesWhereItRanOut/45
  Test  #209: EveryProperPrefix/WarmStartTruncation.RefusesAndNamesWhereItRanOut/46
  Test  #210: EveryProperPrefix/WarmStartTruncation.RefusesAndNamesWhereItRanOut/47
  Test  #211: EveryProperPrefix/WarmStartTruncation.RefusesAndNamesWhereItRanOut/48
  Test  #212: EveryProperPrefix/WarmStartTruncation.RefusesAndNamesWhereItRanOut/49
  Test  #213: EveryProperPrefix/WarmStartTruncation.RefusesAndNamesWhereItRanOut/50
  Test  #214: EveryProperPrefix/WarmStartTruncation.RefusesAndNamesWhereItRanOut/51
  Test  #215: EveryProperPrefix/WarmStartTruncation.RefusesAndNamesWhereItRanOut/52
  Test  #216: EveryProperPrefix/WarmStartTruncation.RefusesAndNamesWhereItRanOut/53
  Test  #217: EveryProperPrefix/WarmStartTruncation.RefusesAndNamesWhereItRanOut/54
  Test  #218: EveryProperPrefix/WarmStartTruncation.RefusesAndNamesWhereItRanOut/55
  Test  #219: EveryProperPrefix/WarmStartTruncation.RefusesAndNamesWhereItRanOut/56
  Test  #220: EveryProperPrefix/WarmStartTruncation.RefusesAndNamesWhereItRanOut/57
  Test  #221: EveryProperPrefix/WarmStartTruncation.RefusesAndNamesWhereItRanOut/58
  Test  #222: EveryProperPrefix/WarmStartTruncation.RefusesAndNamesWhereItRanOut/59
  Test  #223: EveryProperPrefix/WarmStartTruncation.RefusesAndNamesWhereItRanOut/60
  Test  #224: EveryProperPrefix/WarmStartTruncation.RefusesAndNamesWhereItRanOut/61
  Test  #225: EveryProperPrefix/WarmStartTruncation.RefusesAndNamesWhereItRanOut/62
  Test  #226: EveryProperPrefix/WarmStartTruncation.RefusesAndNamesWhereItRanOut/63
  Test  #227: EveryProperPrefix/WarmStartTruncation.RefusesAndNamesWhereItRanOut/64
  Test  #228: EveryProperPrefix/WarmStartTruncation.RefusesAndNamesWhereItRanOut/65
  Test  #229: EveryProperPrefix/WarmStartTruncation.RefusesAndNamesWhereItRanOut/66
  Test  #230: EveryProperPrefix/WarmStartTruncation.RefusesAndNamesWhereItRanOut/67
  Test  #231: EveryProperPrefix/WarmStartTruncation.RefusesAndNamesWhereItRanOut/68
  Test  #232: EveryProperPrefix/WarmStartTruncation.RefusesAndNamesWhereItRanOut/69
  Test  #233: EveryProperPrefix/WarmStartTruncation.RefusesAndNamesWhereItRanOut/70
  Test  #234: EveryProperPrefix/WarmStartTruncation.RefusesAndNamesWhereItRanOut/71
  Test  #235: EveryProperPrefix/WarmStartTruncation.RefusesAndNamesWhereItRanOut/72
  Test  #236: EveryProperPrefix/WarmStartTruncation.RefusesAndNamesWhereItRanOut/73
  Test  #237: EveryProperPrefix/WarmStartTruncation.RefusesAndNamesWhereItRanOut/74
  Test  #238: EveryProperPrefix/WarmStartTruncation.RefusesAndNamesWhereItRanOut/75
  Test  #239: EveryProperPrefix/WarmStartTruncation.RefusesAndNamesWhereItRanOut/76
  Test  #240: EveryProperPrefix/WarmStartTruncation.RefusesAndNamesWhereItRanOut/77
  Test  #241: EveryProperPrefix/WarmStartTruncation.RefusesAndNamesWhereItRanOut/78
  Test  #242: EveryProperPrefix/WarmStartTruncation.RefusesAndNamesWhereItRanOut/79
  Test  #243: EveryProperPrefix/WarmStartTruncation.RefusesAndNamesWhereItRanOut/80
  Test  #244: EveryProperPrefix/WarmStartTruncation.RefusesAndNamesWhereItRanOut/81
  Test  #245: EveryProperPrefix/WarmStartTruncation.RefusesAndNamesWhereItRanOut/82
  Test  #246: EveryProperPrefix/WarmStartTruncation.RefusesAndNamesWhereItRanOut/83
  Test  #247: EveryProperPrefix/WarmStartTruncation.RefusesAndNamesWhereItRanOut/84
  Test  #248: EveryProperPrefix/WarmStartTruncation.RefusesAndNamesWhereItRanOut/85
  Test  #249: EveryProperPrefix/WarmStartTruncation.RefusesAndNamesWhereItRanOut/86
  Test  #250: EveryProperPrefix/WarmStartTruncation.RefusesAndNamesWhereItRanOut/87
  Test  #251: EveryProperPrefix/WarmStartTruncation.RefusesAndNamesWhereItRanOut/88
  Test  #252: EveryProperPrefix/WarmStartTruncation.RefusesAndNamesWhereItRanOut/89
  Test  #253: EveryProperPrefix/WarmStartTruncation.RefusesAndNamesWhereItRanOut/90
  Test  #254: EveryProperPrefix/WarmStartTruncation.RefusesAndNamesWhereItRanOut/91
  Test  #255: EveryProperPrefix/WarmStartTruncation.RefusesAndNamesWhereItRanOut/92
  Test  #256: EveryProperPrefix/WarmStartTruncation.RefusesAndNamesWhereItRanOut/93
  Test  #257: EveryProperPrefix/WarmStartTruncation.RefusesAndNamesWhereItRanOut/94
  Test  #258: EveryProperPrefix/WarmStartTruncation.RefusesAndNamesWhereItRanOut/95
  Test  #259: EveryProperPrefix/WarmStartTruncation.RefusesAndNamesWhereItRanOut/96
  Test  #260: EveryProperPrefix/WarmStartTruncation.RefusesAndNamesWhereItRanOut/97
  Test  #261: EveryProperPrefix/WarmStartTruncation.RefusesAndNamesWhereItRanOut/98
  Test  #262: EveryProperPrefix/WarmStartTruncation.RefusesAndNamesWhereItRanOut/99
  Test  #263: EveryProperPrefix/WarmStartTruncation.RefusesAndNamesWhereItRanOut/100
  Test  #264: EveryProperPrefix/WarmStartTruncation.RefusesAndNamesWhereItRanOut/101
  Test  #265: EveryProperPrefix/WarmStartTruncation.RefusesAndNamesWhereItRanOut/102
  Test  #266: EveryProperPrefix/WarmStartTruncation.RefusesAndNamesWhereItRanOut/103
  Test  #267: EveryProperPrefix/WarmStartTruncation.RefusesAndNamesWhereItRanOut/104
  Test  #268: EveryProperPrefix/WarmStartTruncation.RefusesAndNamesWhereItRanOut/105
  Test  #269: EveryProperPrefix/WarmStartTruncation.RefusesAndNamesWhereItRanOut/106
  Test  #270: EveryProperPrefix/WarmStartTruncation.RefusesAndNamesWhereItRanOut/107
  Test  #271: EveryProperPrefix/WarmStartTruncation.RefusesAndNamesWhereItRanOut/108
  Test  #272: EveryProperPrefix/WarmStartTruncation.RefusesAndNamesWhereItRanOut/109
  Test  #273: EveryProperPrefix/WarmStartTruncation.RefusesAndNamesWhereItRanOut/110
  Test  #274: EveryProperPrefix/WarmStartTruncation.RefusesAndNamesWhereItRanOut/111
  Test  #275: EveryProperPrefix/WarmStartTruncation.RefusesAndNamesWhereItRanOut/112
  Test  #276: EveryProperPrefix/WarmStartTruncation.RefusesAndNamesWhereItRanOut/113
  Test  #277: EveryProperPrefix/WarmStartTruncation.RefusesAndNamesWhereItRanOut/114
  Test  #278: EveryProperPrefix/WarmStartTruncation.RefusesAndNamesWhereItRanOut/115
  Test  #279: EveryProperPrefix/WarmStartTruncation.RefusesAndNamesWhereItRanOut/116
  Test  #280: EveryProperPrefix/WarmStartTruncation.RefusesAndNamesWhereItRanOut/117
  Test  #281: EveryProperPrefix/WarmStartTruncation.RefusesAndNamesWhereItRanOut/118
  Test  #282: EveryProperPrefix/WarmStartTruncation.RefusesAndNamesWhereItRanOut/119
  Test  #283: EveryProperPrefix/WarmStartTruncation.RefusesAndNamesWhereItRanOut/120
  Test  #284: EveryProperPrefix/WarmStartTruncation.RefusesAndNamesWhereItRanOut/121
  Test  #285: EveryProperPrefix/WarmStartTruncation.RefusesAndNamesWhereItRanOut/122
  Test  #286: EveryProperPrefix/WarmStartTruncation.RefusesAndNamesWhereItRanOut/123
  Test  #287: EveryProperPrefix/WarmStartTruncation.RefusesAndNamesWhereItRanOut/124
  Test  #288: EveryProperPrefix/WarmStartTruncation.RefusesAndNamesWhereItRanOut/125
  Test  #289: EveryProperPrefix/WarmStartTruncation.RefusesAndNamesWhereItRanOut/126
  Test  #290: EveryProperPrefix/WarmStartTruncation.RefusesAndNamesWhereItRanOut/127
  Test  #291: EveryProperPrefix/WarmStartTruncation.RefusesAndNamesWhereItRanOut/128
  Test  #292: EveryProperPrefix/IpmPolishTruncation.RefusesAndNamesWhereItRanOut/0
  Test  #293: EveryProperPrefix/IpmPolishTruncation.RefusesAndNamesWhereItRanOut/1
  Test  #294: EveryProperPrefix/IpmPolishTruncation.RefusesAndNamesWhereItRanOut/2
  Test  #295: EveryProperPrefix/IpmPolishTruncation.RefusesAndNamesWhereItRanOut/3
  Test  #296: EveryProperPrefix/IpmPolishTruncation.RefusesAndNamesWhereItRanOut/4
  Test  #297: EveryProperPrefix/IpmPolishTruncation.RefusesAndNamesWhereItRanOut/5
  Test  #298: EveryProperPrefix/IpmPolishTruncation.RefusesAndNamesWhereItRanOut/6
  Test  #299: EveryProperPrefix/IpmPolishTruncation.RefusesAndNamesWhereItRanOut/7
  Test  #300: EveryProperPrefix/IpmPolishTruncation.RefusesAndNamesWhereItRanOut/8
  Test  #301: EveryProperPrefix/IpmPolishTruncation.RefusesAndNamesWhereItRanOut/9
  Test  #302: EveryProperPrefix/IpmPolishTruncation.RefusesAndNamesWhereItRanOut/10
  Test  #303: EveryProperPrefix/IpmPolishTruncation.RefusesAndNamesWhereItRanOut/11
  Test  #304: EveryProperPrefix/IpmPolishTruncation.RefusesAndNamesWhereItRanOut/12
  Test  #305: EveryProperPrefix/IpmPolishTruncation.RefusesAndNamesWhereItRanOut/13
  Test  #306: EveryProperPrefix/IpmPolishTruncation.RefusesAndNamesWhereItRanOut/14
  Test  #307: EveryProperPrefix/IpmPolishTruncation.RefusesAndNamesWhereItRanOut/15
  Test  #308: EveryProperPrefix/IpmPolishTruncation.RefusesAndNamesWhereItRanOut/16
  Test  #309: EveryProperPrefix/IpmPolishTruncation.RefusesAndNamesWhereItRanOut/17
  Test  #310: EveryProperPrefix/IpmPolishTruncation.RefusesAndNamesWhereItRanOut/18
  Test  #311: EveryProperPrefix/IpmPolishTruncation.RefusesAndNamesWhereItRanOut/19
  Test  #312: EveryProperPrefix/IpmPolishTruncation.RefusesAndNamesWhereItRanOut/20
  Test  #313: EveryProperPrefix/IpmPolishTruncation.RefusesAndNamesWhereItRanOut/21
  Test  #314: EveryProperPrefix/IpmPolishTruncation.RefusesAndNamesWhereItRanOut/22
  Test  #315: EveryProperPrefix/IpmPolishTruncation.RefusesAndNamesWhereItRanOut/23
  Test  #316: EveryProperPrefix/IpmPolishTruncation.RefusesAndNamesWhereItRanOut/24
  Test  #317: EveryProperPrefix/IpmPolishTruncation.RefusesAndNamesWhereItRanOut/25
  Test  #318: EveryProperPrefix/IpmPolishTruncation.RefusesAndNamesWhereItRanOut/26
  Test  #319: EveryProperPrefix/IpmPolishTruncation.RefusesAndNamesWhereItRanOut/27
  Test  #320: EveryProperPrefix/IpmPolishTruncation.RefusesAndNamesWhereItRanOut/28
  Test  #321: EveryProperPrefix/IpmPolishTruncation.RefusesAndNamesWhereItRanOut/29
  Test  #322: EveryProperPrefix/IpmPolishTruncation.RefusesAndNamesWhereItRanOut/30
  Test  #323: EveryProperPrefix/IpmPolishTruncation.RefusesAndNamesWhereItRanOut/31
  Test  #324: EveryProperPrefix/IpmPolishTruncation.RefusesAndNamesWhereItRanOut/32
  Test  #325: EveryProperPrefix/IpmPolishTruncation.RefusesAndNamesWhereItRanOut/33
  Test  #326: EveryProperPrefix/IpmPolishTruncation.RefusesAndNamesWhereItRanOut/34
  Test  #327: EveryProperPrefix/IpmPolishTruncation.RefusesAndNamesWhereItRanOut/35
  Test  #328: EveryProperPrefix/IpmPolishTruncation.RefusesAndNamesWhereItRanOut/36
  Test  #329: EveryProperPrefix/IpmPolishTruncation.RefusesAndNamesWhereItRanOut/37
  Test  #330: EveryProperPrefix/IpmPolishTruncation.RefusesAndNamesWhereItRanOut/38
  Test  #331: EveryProperPrefix/IpmPolishTruncation.RefusesAndNamesWhereItRanOut/39
  Test  #332: EveryProperPrefix/IpmPolishTruncation.RefusesAndNamesWhereItRanOut/40
  Test  #333: EveryProperPrefix/IpmPolishTruncation.RefusesAndNamesWhereItRanOut/41
  Test  #334: EveryProperPrefix/IpmPolishTruncation.RefusesAndNamesWhereItRanOut/42
  Test  #335: EveryProperPrefix/IpmPolishTruncation.RefusesAndNamesWhereItRanOut/43
  Test  #336: EveryProperPrefix/IpmPolishTruncation.RefusesAndNamesWhereItRanOut/44
  Test  #337: EveryProperPrefix/IpmPolishTruncation.RefusesAndNamesWhereItRanOut/45
  Test  #338: EveryProperPrefix/IpmPolishTruncation.RefusesAndNamesWhereItRanOut/46
  Test  #339: EveryProperPrefix/IpmPolishTruncation.RefusesAndNamesWhereItRanOut/47
  Test  #340: EveryProperPrefix/IpmPolishTruncation.RefusesAndNamesWhereItRanOut/48
  Test  #341: EveryProperPrefix/IpmPolishTruncation.RefusesAndNamesWhereItRanOut/49
  Test  #342: EveryProperPrefix/IpmPolishTruncation.RefusesAndNamesWhereItRanOut/50
  Test  #343: EveryProperPrefix/IpmPolishTruncation.RefusesAndNamesWhereItRanOut/51
  Test  #344: EveryProperPrefix/IpmPolishTruncation.RefusesAndNamesWhereItRanOut/52
  Test  #345: EveryProperPrefix/IpmPolishTruncation.RefusesAndNamesWhereItRanOut/53
  Test  #346: EveryProperPrefix/IpmPolishTruncation.RefusesAndNamesWhereItRanOut/54
  Test  #347: EveryProperPrefix/IpmPolishTruncation.RefusesAndNamesWhereItRanOut/55
  Test  #348: EveryProperPrefix/IpmPolishTruncation.RefusesAndNamesWhereItRanOut/56
  Test  #349: EveryProperPrefix/IpmPolishTruncation.RefusesAndNamesWhereItRanOut/57
  Test  #350: EveryProperPrefix/IpmPolishTruncation.RefusesAndNamesWhereItRanOut/58
  Test  #351: EveryProperPrefix/IpmPolishTruncation.RefusesAndNamesWhereItRanOut/59
  Test  #352: EveryProperPrefix/IpmPolishTruncation.RefusesAndNamesWhereItRanOut/60
  Test  #353: EveryProperPrefix/IpmPolishTruncation.RefusesAndNamesWhereItRanOut/61
  Test  #354: EveryProperPrefix/IpmPolishTruncation.RefusesAndNamesWhereItRanOut/62
  Test  #355: EveryProperPrefix/IpmPolishTruncation.RefusesAndNamesWhereItRanOut/63
  Test  #356: EveryProperPrefix/IpmPolishTruncation.RefusesAndNamesWhereItRanOut/64
  Test  #357: EveryProperPrefix/IpmPolishTruncation.RefusesAndNamesWhereItRanOut/65
  Test  #358: EveryProperPrefix/IpmPolishTruncation.RefusesAndNamesWhereItRanOut/66
  Test  #359: EveryProperPrefix/IpmPolishTruncation.RefusesAndNamesWhereItRanOut/67
  Test  #360: EveryProperPrefix/IpmPolishTruncation.RefusesAndNamesWhereItRanOut/68
  Test  #361: EveryProperPrefix/IpmPolishTruncation.RefusesAndNamesWhereItRanOut/69
  Test  #362: EveryProperPrefix/IpmPolishTruncation.RefusesAndNamesWhereItRanOut/70
  Test  #363: EveryProperPrefix/IpmPolishTruncation.RefusesAndNamesWhereItRanOut/71
  Test  #364: EveryProperPrefix/IpmPolishTruncation.RefusesAndNamesWhereItRanOut/72
  Test  #365: EveryProperPrefix/IpmPolishTruncation.RefusesAndNamesWhereItRanOut/73
  Test  #366: EveryProperPrefix/IpmPolishTruncation.RefusesAndNamesWhereItRanOut/74
  Test  #367: EveryProperPrefix/IpmPolishTruncation.RefusesAndNamesWhereItRanOut/75
  Test  #368: EveryProperPrefix/IpmPolishTruncation.RefusesAndNamesWhereItRanOut/76
  Test  #369: EveryProperPrefix/IpmPolishTruncation.RefusesAndNamesWhereItRanOut/77
  Test  #370: EveryProperPrefix/IpmPolishTruncation.RefusesAndNamesWhereItRanOut/78
  Test  #371: EveryProperPrefix/IpmPolishTruncation.RefusesAndNamesWhereItRanOut/79
  Test  #372: FailedFactorizeEvidencePin.InertiaReportsNonObservedAfterAFailedFactorize
  Test  #373: MklFactorizeFaultInjection.FirstFactorizeFailureLeavesNoUsableNumericsAndDoesNotBumpEpoch
  Test  #374: MklFactorizeFaultInjection.TheSameSessionFactorizesNormallyOnceTheInjectorIsDisengaged
  Test  #375: PardisoIparmObservation.DefaultOptionsLeaveOrderingAndMatchingAtThePardisoinitDefault
  Test  #376: PardisoIparmObservation.MatrixScalingTrueWritesExactly1
  Test  #377: PardisoIparmObservation.PivotStrategyWritesItsOwnContractCode
  Test  #378: PardisoIparmObservation.FactorizationAlgorithmWritesItsOwnContractCode
  Test  #379: PardisoIparmObservation.SolveParallelismWritesItsOwnContractCode
  Test  #380: PardisoIparmObservation.CnrThreadsWritesTheRequestedCount
  Test  #381: PardisoIparmObservation.CollectFactorMflopsTrueRequestsIparm18
  Test  #382: PardisoIparmObservation.FactorNonzerosIsAlwaysPresentRegardlessOfCollectFactorMflops
  Test  #383: PardisoIparmObservation.MinimumDegreeOrderingWritesExactly0
  Test  #384: PardisoIparmObservation.NestedDissectionOrderingWritesExactly2
  Test  #385: PardisoIparmObservation.ParallelNestedDissectionOrderingWritesExactly3
  Test  #386: PardisoIparmObservation.WeightedMatchingTrueWritesExactly1
  Test  #387: PardisoIparmObservation.DefaultOptionsStillWriteRefinementCapZeroAndPivotPerturbEight
  Test  #388: PardisoIparmObservation.NulloptRefinementCapAndPivotPerturbExecuteNoWriteAtAll
  Test  #389: PardisoIparmObservation.PresentRefinementCapAndPivotPerturbWriteTheRequestedValues
  Test  #390: BackendDefaultPremise.MklPardisoinitLeavesScalingAndCnrAtZero
  Test  #391: BackendDefaultPremise.MklPardisoinitDefaultsTheRefinementCapAndPivotPerturbExponent
  Test  #392: BackendDefaultPremise.MklPardisoinitAlreadyRequestsTheFactorNonzeroCount
  Test  #393: ThreadCountObservation.ANewCountLandsInTheConfigTheNextSolveReadsWithoutReAnalyzing
  Test  #394: ThreadScope.TheConfiguredCountReachesTheCallAndTheCallersOverrideIsBackAfterIt
  Test  #395: ThreadScope.TheCallersOverrideSurvivesAnInjectedFactorizationFailureOutsideTheScope
  Test  #396: ThreadScope.TheCallersOverrideIsRestoredWhenAThrowUnwindsTheScope
  Test  #397: ThreadScope.AnUnengagedScopeWritesNothingWhenAThrowUnwindsIt
  Test  #398: KktFactorizationFaultTest.SymbolicFailureIsRecordedRatherThanPropagated
  Test  #399: KktFactorizationFaultTest.AnAbsentPerturbedPivotCountSurfacesAsNulloptNotZero
  Test  #400: KktFactorizationFaultTest.SymbolicFailureLeavesTheObjectAnalyzableAgain
  Test  #401: KktFactorizationFaultTest.AMalformedAssemblyIsACallerErrorAndStillThrows
  Test  #402: KktFactorizationFaultTest.PardisoZeroPivotCodesAreRecordedAsANumericalIssue
  Test  #403: KktFactorizationFaultTest.PardisoOtherErrorsAreRecordedAsInvalidInput
  Test  #404: KktFactorizationFaultTest.PardisoFailedFactorizationReportsNoInertia
  Test  #405: IpqpSeamTest.WithNothingInjectedTheTierSolvesExactlyAsItDoesInProduction
  Test  #406: IpqpSeamTest.AnUnusableEvidenceStateStepsAtAConservativeFloorAndDowngradesTheSolve
  Test  #407: IpqpSeamTest.TheConservativeFloorIsPaidOnceAndTheSolveStillFinishes
  Test  #408: IpqpSeamTest.AnAbsentPerturbedPivotCountReachesTheTierAsAbsentAndNotAsZero
  Test  #409: IpqpSeamTest.AnUNCLEARABLEPerturbationFallsBackToTheDualShiftAfterTwoPrimalRungs
  Test  #410: IpqpSeamTest.AStepTakenAfterADeltaEscalationIsBuiltFromTheSCHEDULEsDelta
  Test  #411: IpqpSeamTest.ATerminalUNREADABLEFinalReadIsTwoAndEscapesNumerical
  Test  #412: IpqpSeamTest.ATerminalPERTURBEDFinalReadIsAlsoTwoAndAlsoEscapesNumerical
  Test  #413: IpqpSeamTest.AWrongTerminalReadStaysIndefiniteAndIsNotFoldedIntoNumerical
  Test  #414: IpqpSeamTest.TheSkipCountLetsASolveConvergeBeforeItsLastReadingIsCorrupted
  Test  #415: IpqpSeamTest.AMidSolveEvidenceFailureDowngradesReadKeptTightButLeavesTheCountersPopulated
  Test  #416: IpqpSeamTest.AnUnavailableMidSolveReadingReachesTheTraceAsAbsentAndNeighboursStayObserved
  Test  #417: IpqpSeamTest.StagingOneSeedTwiceFromColdGivesABitwiseIdenticalFirstIterate
  Test  #418: IpqpSeamTest.AnUnrepairedSeedReachesTheFirstIterateWithItsBoundDualsUNTOUCHED
  Test  #419: IpqpSeamTest.NoAcceptedStepIsAFixedPointTheStoppingGateCannotSee
  Test  #420: FailByDesignControl.ControlsArePresentForWhicheverOldSeamsThisBuildHas
  Test  #421: Arms/SqpTrace.T1_PhaseSplitLifecycle/native@mkl
  Test  #422: Arms/SqpTrace.T1_PhaseSplitLifecycle/native-sqp-parity@mkl
  Test  #423: Arms/SqpTrace.T1_PhaseSplitLifecycle/native-psiopt-parity@mkl
  Test  #424: Arms/SqpTrace.T2_PersistentOracleInterleaving/native@mkl
  Test  #425: Arms/SqpTrace.T2_PersistentOracleInterleaving/native-sqp-parity@mkl
  Test  #426: Arms/SqpTrace.T2_PersistentOracleInterleaving/native-psiopt-parity@mkl
  Test  #427: Arms/SqpTrace.T2b_PartialSolvePredicateUnderPerturbation/native@mkl
  Test  #428: Arms/SqpTrace.T2b_PartialSolvePredicateUnderPerturbation/native-sqp-parity@mkl
  Test  #429: Arms/SqpTrace.T2b_PartialSolvePredicateUnderPerturbation/native-psiopt-parity@mkl
  Test  #430: Arms/SqpTrace.T3_ValueOnlyRefactorization/native@mkl
  Test  #431: Arms/SqpTrace.T3_ValueOnlyRefactorization/native-sqp-parity@mkl
  Test  #432: Arms/SqpTrace.T3_ValueOnlyRefactorization/native-psiopt-parity@mkl
  Test  #433: Arms/SqpTrace.T4_HandleOutlivesItsEmitter/native@mkl
  Test  #434: Arms/SqpTrace.T4_HandleOutlivesItsEmitter/native-sqp-parity@mkl
  Test  #435: Arms/SqpTrace.T4_HandleOutlivesItsEmitter/native-psiopt-parity@mkl
  Test  #436: Arms/SqpTrace.T4b_AdoptRefusesStaleNumerics/native@mkl
  Test  #437: Arms/SqpTrace.T4b_AdoptRefusesStaleNumerics/native-sqp-parity@mkl
  Test  #438: Arms/SqpTrace.T4b_AdoptRefusesStaleNumerics/native-psiopt-parity@mkl
  Test  #439: Arms/SqpTrace.T5_InertiaEvidence/native@mkl
  Test  #440: Arms/SqpTrace.T5_InertiaEvidence/native-sqp-parity@mkl
  Test  #441: Arms/SqpTrace.T5_InertiaEvidence/native-psiopt-parity@mkl
  Test  #442: Arms/SqpTrace.T6_RankDeficientFaceReportsAState/native@mkl
  Test  #443: Arms/SqpTrace.T6_RankDeficientFaceReportsAState/native-sqp-parity@mkl
  Test  #444: Arms/SqpTrace.T6_RankDeficientFaceReportsAState/native-psiopt-parity@mkl
  Test  #445: Arms/SqpTrace.T7_BackendParameterSurfaceFloor/native@mkl
  Test  #446: Arms/SqpTrace.T7_BackendParameterSurfaceFloor/native-sqp-parity@mkl
  Test  #447: Arms/SqpTrace.T7_BackendParameterSurfaceFloor/native-psiopt-parity@mkl
  Test  #448: Arms/SqpTrace.T8_ThreadCountControl/native@mkl
  Test  #449: Arms/SqpTrace.T8_ThreadCountControl/native-sqp-parity@mkl
  Test  #450: Arms/SqpTrace.T8_ThreadCountControl/native-psiopt-parity@mkl
  Test  #451: Arms/InteriorPointTrace.P1_IterateLoopLifecycle/native@mkl
  Test  #452: Arms/InteriorPointTrace.P1_IterateLoopLifecycle/native-sqp-parity@mkl
  Test  #453: Arms/InteriorPointTrace.P1_IterateLoopLifecycle/native-psiopt-parity@mkl
  Test  #454: Arms/InteriorPointTrace.P2_InertiaCorrectionLadderReplay/native@mkl
  Test  #455: Arms/InteriorPointTrace.P2_InertiaCorrectionLadderReplay/native-sqp-parity@mkl
  Test  #456: Arms/InteriorPointTrace.P2_InertiaCorrectionLadderReplay/native-psiopt-parity@mkl
  Test  #457: Arms/InteriorPointTrace.P3_SingularVerdictAndControl/native@mkl
  Test  #458: Arms/InteriorPointTrace.P3_SingularVerdictAndControl/native-sqp-parity@mkl
  Test  #459: Arms/InteriorPointTrace.P3_SingularVerdictAndControl/native-psiopt-parity@mkl
  Test  #460: Arms/InteriorPointTrace.P4_PerturbationEvidencePresenceIsBackendHonest/native@mkl
  Test  #461: Arms/InteriorPointTrace.P4_PerturbationEvidencePresenceIsBackendHonest/native-sqp-parity@mkl
  Test  #462: Arms/InteriorPointTrace.P4_PerturbationEvidencePresenceIsBackendHonest/native-psiopt-parity@mkl
  Test  #463: Arms/InteriorPointTrace.P5_InertiaBeforeFactorizationIsAnExplicitState/native@mkl
  Test  #464: Arms/InteriorPointTrace.P5_InertiaBeforeFactorizationIsAnExplicitState/native-sqp-parity@mkl
  Test  #465: Arms/InteriorPointTrace.P5_InertiaBeforeFactorizationIsAnExplicitState/native-psiopt-parity@mkl
  Test  #466: Arms/InteriorPointTrace.P6_RefinementStepEvidence/native@mkl
  Test  #467: Arms/InteriorPointTrace.P6_RefinementStepEvidence/native-sqp-parity@mkl
  Test  #468: Arms/InteriorPointTrace.P6_RefinementStepEvidence/native-psiopt-parity@mkl
  Test  #469: AuditRuntimeShim.RecordsBackendPhasesAtAll
  Test  #470: AuditRuntimeShim.RecordsNothingOutsideAWindow
  Test  #471: AuditRuntimeShim.FindsTheRefinementCapRuleAroundAPhaseSplitSolve
  Test  #472: GoldenRigAudit.StaticScanSelfTest
  Test  #473: SwitchingAcceptance.LazyInitCapturesThetaZero
  Test  #474: SwitchingAcceptance.LazyInitOnlyOnceUntilReset
  Test  #475: SwitchingAcceptance.ResetRearmsLazyInit
  Test  #476: SwitchingAcceptance.ThetaMaxCeilingRejectsRegardless
  Test  #477: SwitchingAcceptance.MembershipRejectsFTypeTrial
  Test  #478: SwitchingAcceptance.MembershipRejectsFTypeTrialArmijoWouldFail
  Test  #479: SwitchingAcceptance.MembershipRejectsHTypeTrialProgressWouldPass
  Test  #480: SwitchingAcceptance.MembershipRejectsHTypeTrialProgressWouldFail
  Test  #481: SwitchingAcceptance.SwitchingHoldsFTypeArmijoAccepts
  Test  #482: SwitchingAcceptance.SwitchingHoldsFTypeArmijoRejects
  Test  #483: SwitchingAcceptance.NonDescentForcesHType
  Test  #484: SwitchingAcceptance.InequalityFailsForcesHType
  Test  #485: SwitchingAcceptance.ThetaAboveMinAlwaysHType
  Test  #486: SwitchingAcceptance.HTypeAcceptedRegistersBookkeeping
  Test  #487: SwitchingAcceptance.HTypeRejectedSkipsBookkeeping
  Test  #488: SwitchingAcceptance.DrivesGenericPath
  Test  #489: SwitchingAcceptance.RestorationHookThrows
  Test  #490: WatchdogStateArm.ExactBoundary
  Test  #491: WatchdogStateArm.MuChangeResetsBeforeArming
  Test  #492: WatchdogStateArm.AcceptedIterationResetsConsecutiveCount
  Test  #493: WatchdogStateTrial.ProgressDisarms
  Test  #494: WatchdogStateTrial.WindowExhaustionReverts
  Test  #495: WatchdogStateTrial.MuChangeWhileArmedResetsEntirely
  Test  #496: ExtendedBacktrackGuards.DisabledDeclines
  Test  #497: ExtendedBacktrackLadder.ContinuesFromLiveAlphaAndHonorsCap
  Test  #498: ExtendedBacktrackLadder.AcceptsAndStopsEarly
  Test  #499: ChainedRecoveryOrdering.SocResolvesFirst
  Test  #500: ChainedRecoveryOrdering.ExtendedResolvesWhenSocDeclines
  Test  #501: ChainedRecoveryOrdering.BothDeclineIsUnresolved
  Test  #502: ChainedRecoveryOrdering.NotifyStepAcceptedPropagatesToBothLinks
  Test  #503: WatchdogRecoveryDecorator.DelegatesWhileNotArmed
  Test  #504: WatchdogRecoveryDecorator.ArmsRelaxesThenReverts
  Test  #505: WatchdogRecoveryDecorator.ProgressDisarmsAndDelegatesBack
  Test  #506: WatchdogRecoveryDecorator.NotifyStepAcceptedResetsArmingCounter
  Test  #507: WatchdogRecoveryDecorator.ResetPropagatesToInner
  Test  #508: WatchdogRecoveryDecorator.NullInnerThrowsAtConstruction
  Test  #509: NLPMultiplierSeedingTest.SeededSolveMatchesUnseededSolution
  Test  #510: NLPMultiplierSeedingTest.SeedSizeMismatchThrowsAndTheNextSolveIsUnaffected
  Test  #511: NLPMultiplierSeedingTest.NegativeIqSeedIsClamped
  Test  #512: NLPMultiplierSeedingTest.TheUnseededPathBuildsNoPayload
  Test  #513: NLPMultiplierSeedingTest.SeededSolveOptimizeReachesOptPhase
  Test  #514: NLPMultiplierSeedingTest.SeededSolveWithMakeConstraintFixedVarConverges
  Test  #515: NLPMultiplierSeedingTest.ADecliningProblemSolvesColdThroughTheWrapper
  Test  #516: NLPMultiplierSeedingTest.NaNSeedThrows
  Test  #517: NLPMultiplierSeedingTest.OversizedSeedIsCapped
  Test  #518: NLPMultiplierSeedingTest.OversizedIqSeedIsCapped
  Test  #519: NLPMultiplierSeedingTest.FixedVariableConstraintRowStaysOutOfTheReportedMultipliers
  Test  #520: NlpProblemModelTest.RowKindsDecideTheNativeBlocksAndTheirSigns
  Test  #521: NlpProblemModelTest.MultiplierShapesMapBothWays
  Test  #522: NlpProblemModelTest.EmptyMultiplierBlockIsRefusedSiteNamedWhenRowsAreHosted
  Test  #523: NlpProblemModelTest.TheDeclaredLowerTriangleBecomesTheNativeUpperTriangle
  Test  #524: NlpProblemModelTest.LargeFiniteBoundsStayBoundsAndInfinitiesStayUnbounded
  Test  #525: NlpProblemModelTest.TheTwoBlocksShareOneCallbackPerIterate
  Test  #526: NlpProblemModelTest.TheStartPointIsTheOriginProjectedOntoTheVariableBounds
  Test  #527: NlpProblemModelTest.VariableBoundsAreValidatedAtConstruction
  Test  #528: NlpProblemModelTest.TheInPlaceOverrideAndTheDefaultDelegationAgreeExactly
  Test  #529: NlpAdapterHostTest.APatternThatShiftsBetweenEvaluationsIsRefusedByName
  Test  #530: NlpAdapterHostTest.AModelWhosePatternDriftsAfterTranscriptionIsRefused
  Test  #531: NlpAdapterHostTest.AnUncompressedMatrixReturnIsRefusedFromEachEntryPoint
  Test  #532: NlpAdapterHostTest.TranscriptionSpendsOneStartPointAndThreeDerivativeCalls
  Test  #533: NlpAdapterHostTest.AWrongLengthGradientIsRefusedAndNamesBothCounts
  Test  #534: NlpAdapterHostTest.AShortEqualityMultiplierBlockIsRefusedBeforeItIsSliced
  Test  #535: NlpAdapterHostTest.AnEmptyMultiplierBlockIsNotReadAsAllZeroAtTheHessianOwner
  Test  #536: ObjectiveScaleReporting.TheReportedObjectiveAndMultipliersDoNotMoveWithTheScale
  Test  #537: ObjectiveScaleReporting.AnActiveBoundMultiplierDoesNotMoveWithTheScale
  Test  #538: ObjectiveScaleReporting.ASeededMultiplierIsInstalledOnTheSolversScale
  Test  #539: ObjectiveScaleReporting.ANegativeScaleIsRefusedByValidate
  Test  #540: ObjectiveScaleReporting.AnUnconstrainedCallReportsNoConstraintBlocks
  Test  #541: ObjectiveScaleReporting.TheScaleACallRanAtIsTheScaleItsOutputsAreReportedOn
  Test  #542: ProxRestoZeta.SetOnceFromEntryMu
  Test  #543: ProxRestoZeta.FrozenAcrossIterationsNotRecomputedFromLiveMu
  Test  #544: ProxRestoZeta.FreshEntryRecomputesIndependentlyNotBlended
  Test  #545: ProxRestoScaling.BelowOneMagnitudeGetsUnitScaling
  Test  #546: ProxRestoScaling.AboveOneMagnitudeGetsInverseScaling
  Test  #547: ProxRestoScaling.NegativeAboveOneMagnitudeUsesAbsoluteValue
  Test  #548: ProxRestoScaling.ZeroCenterLandsInUnitScalingBranchNoDivideByZeroTrap
  Test  #549: ProxRestoScaling.UnitMagnitudeBoundaryGetsUnitScaling
  Test  #550: ProxRestoThreeVectorFixture.DiagonalHandComputed
  Test  #551: ProxRestoThreeVectorFixture.ObjectiveHandComputed
  Test  #552: ProxRestoThreeVectorFixture.GradientAccumulatesIntoExistingGradOut
  Test  #553: ProxRestoThreeVectorFixture.ObjectiveIsZeroAtTheSnapshotItself
  Test  #554: ProxRestoEntryPermitted.NearFeasibleGuardBoundary
  Test  #555: ProxRestoEntryPermitted.BudgetExhaustionAfterMaxEntries
  Test  #556: ProxRestoEntryPermitted.ZeroBudgetAlwaysRefuses
  Test  #557: ProxRestoLifecycle.EnterActivatesExitDeactivates
  Test  #558: ProxRestoLifecycle.ReenteringAfterExitIsActiveAgain
  Test  #559: ProxRestoReset.ClearsAllState
  Test  #560: ProxRestoReference.ReturnsTheEntryPointPassedIn
  Test  #561: ProxRestoDiagnostics.NeverEnteredReportsZeroZero
  Test  #562: ProxRestoDiagnostics.ReportsEntriesAndIterationsInMode
  Test  #563: RecoveryDispatchGate.PredicateTruthTable
  Test  #564: RecoveryDispatchGate.StubAcceptanceDrivesHook
  Test  #565: RecoveryDispatchGate.ValidateAcceptsFunnelWithMaxSoc
  Test  #566: RecoveryDispatchGate.ValidateAcceptsFunnelWithLsExtendedIters
  Test  #567: RecoveryDispatchGate.ValidateAcceptsFilterWithMaxSoc
  Test  #568: RecoveryDispatchGate.ValidateAcceptsFilterWithLsExtendedIters
  Test  #569: RecoveryDispatchGate.ValidateRejectsNegativeMaxFeasRest
  Test  #570: RecoveryDispatchGate.ValidateAcceptsZeroMaxFeasRest
  Test  #571: RecoveryDispatchGate.ValidateAcceptsRestorationWithClassicMerit
  Test  #572: RecoveryDispatchGate.ValidateAcceptsRestorationWithFilterMonitored
  Test  #573: RecoveryDispatchGate.ValidateAcceptsClassicMeritWithMaxSoc
  Test  #574: RecoveryDispatchGate.ValidateAcceptsMeritWithMaxSoc
  Test  #575: RecoveryDispatchGate.ValidateAcceptsFunnelWithWatchdog
  Test  #576: RecoveryDispatchGate.ValidateAcceptsFilterWithWatchdog
  Test  #577: RecoveryDispatchGate.ValidateRejectsFunnelWithClassicAdaptiveGovernor
  Test  #578: RecoveryDispatchGate.ValidateRejectsFilterWithClassicAdaptiveGovernor
  Test  #579: RecoveryDispatchGate.ValidateAcceptsFunnelWithMonitoredGovernor
  Test  #580: RecoveryDispatchGate.ValidateAcceptsFilterWithMonitoredGovernor
  Test  #581: RecoveryDispatchGate.ValidateAcceptsFunnelWithNeverMonotone
  Test  #582: RecoveryDispatchGate.ValidateAcceptsFilterWithNeverMonotone
  Test  #583: RecoveryDispatchGate.ValidateRejectsNeverMonotoneWithMonitoredGovernor
  Test  #584: RecoveryDispatchGate.ValidateAcceptsClassicMeritWithClassicAdaptiveGovernor
  Test  #585: RecoveryDispatchGate.ValidateAcceptsMeritWithClassicAdaptiveGovernor
  Test  #586: RecoveryDispatchGate.ValidateAcceptsClassicMeritWithMonitoredGovernor
  Test  #587: RecoveryDispatchGate.FunnelSelectionConstructsFunnelAcceptance
  Test  #588: RecoveryDispatchGate.FilterSelectionConstructsFilterAcceptance
  Test  #589: RecoveryDispatchGate.MonitoredSelectionConstructsMonitoredGovernor
  Test  #590: RecoveryDispatchGate.MeritPenaltyRuleSelectionReachesTheStrategy
  Test  #591: SocTrigger.FiresOnlyOnANonImprovingFirstTrialRejection
  Test  #592: SocContinue.StopsAtTheCapAndOnAStagnatingViolation
  Test  #593: SocRunLoop.AnAcceptedCorrectionRetriesAndStopsEarly
  Test  #594: SocRunLoop.RejectionsRunToTheCapCarryingTheViolationForward
  Test  #595: SocRunLoop.AStagnatingViolationStopsBelowTheCap
  Test  #596: SocRecovery.DisabledDeclinesWithoutEvaluatingAnything
  Test  #597: SocRecovery.ATriggerRefusalCostsNoEvaluation
  Test  #598: SocRecovery.AnAcceptedCorrectionCommitsTheCorrectedStep
  Test  #599: SocRecovery.TheCorrectedDirectionSolvesTheCorrectedRightHandSide
  Test  #600: SocRecovery.DeclinedCorrectionsRunToTheCapAndRestoreTheStepLengths
  Test  #601: SocRecovery.AStagnatingCorrectionStopsBelowTheCap
  Test  #602: SocRecovery.ARejectionWithoutAnInfeasibilityReadingStopsTheLoop
  Test  #603: SocRecovery.AnUnevaluableSeedDeclinesAndLogsTheMessage
  Test  #604: SocRecovery.AnUnevaluableSeedOfUnknownTypeDeclinesAndLogsTheSentinel
  Test  #605: SocRecovery.AnUnevaluableAccumulationPointEndsTheLoopAndLogsTheMessage
  Test  #606: SocRecovery.AnUnevaluableAccumulationPointOfUnknownTypeLogsTheSentinel
  Test  #607: SocRecovery.ResetIsAStatelessNoOp
  Test  #608: SocRecovery.ANegativeTrialResidualIsZeroedByTheSlackReset
  Test  #609: SocRecovery.AnEqualityOnlyProblemSkipsTheFractionToBoundaryScaling
  Test  #610: SolverInterfaceAdapter.PrimaryTemplateIsInspectableForAnUnregisteredType
  Test  #611: SolverInterfaceAdapter.RegisteredTypesReportRegistered
  Test  #612: SolverInterfaceAdapter.ConstrainedPartialSpecializationSelectsOnItsConstraint
  Test  #613: SolverInterfaceAdapter.RegisteredFamilyMemberIsStoredAsItself
  Test  #614: SolverInterfaceAdapter.RegisteredConstraintOnlyTypeEntersTheConstraintInterface
  Test  #615: SolverInterfaceAdapter.RegisteredScalarObjectiveIsStoredAsItself
  Test  #616: SolverInterfaceAdapter.MixinDeclaredConstraintOnlyTypeStillEntersTheConstraintInterface
  Test  #617: SolverInterfaceAdapter.MixinDeclaredObjectiveOnlyTypeStillEntersTheObjectiveInterface
  Test  #618: SolverInterfaceAdapter.AdapterMissingAnInstallStillServesTheOneItHas
  Test  #619: SolverInterfaceAdapter.SurfaceProbesMatchWhatTheModelsRequire
  Test  #620: SolverInterfaceAdapter.CopyingAnInterfacePreservesTheStoredDynamicType
  Test  #621: StructureEpochGating.APartitionRenegotiationBetweenSolvesForcesAFreshAnalysis
  Test  #622: StructureEpochGating.ASecondSolveAgainstUnmovedStructuresRunsNoFreshAnalysis
  Test  #623: StructureEpochGating.AWholeSolveRunsNoFullKktPatternHash
  Test  #624: StructureEpochGating.TheEpochStopsVouchingForThePatternAcrossARelay
  Test  #625: StructureEpochGating.ASolveThatHandsOutTheKktMatrixVerifiesThePatternThroughout
  Test  #626: StructureEpochGating.TheVerdictOnTheGuardIsTakenOnceAtEntryAndHeldForTheCall
  Test  #627: StructureEpochGating.AnEarlyCallbackArmedFromInsideTheLateCallbackVerifiesFromThatHandOutOn
  Test  #628: StructureEpochGating.AnEarlyCallbackThatScalesAStoredCoefficientMovesTheStepItProduces
  Test  #629: EarlyCallbackViews.TheThreeVectorsAreTheModelsOwnNumbersAtThisIterationsEvaluation
  Test  #630: EarlyCallbackViews.TheEarlyAndLateViewsOfOneIterationAreTheSameIterate
  Test  #631: KktVectorLayout.TheConstTwinsThirteenAccessorsNameTheSameBlocksAsKKTVectors
  Test  #632: IpmTrace.IterCountEqualsTheReportedIterationsAndTheCallbackInvocations
  Test  #633: IpmTrace.EveryIterLineIsTheRecordTheCallbackSawInTheSameOrder
  Test  #634: IpmTrace.TheLastIterLineEqualsTheLastRecordTheCallbackSaw
  Test  #635: IpmTrace.TheTwoProximalShiftsAreNullOnTheClassicPathAndNumbersUnderProximalMode
  Test  #636: IpmTrace.AConvergedSolveLeavesThroughTheConvergeCheckSiteAndAMaxItersSolveDoesNot
  Test  #637: IpmTrace.ThePerturbedPivotCountIsTheBackendsOwnAndNeverAFabricatedZero
  Test  #638: IpmTrace.SolveWritesExactlyOnePairPerEntryPointAndBracketsEveryIterLine
  Test  #639: IpmTrace.SolveBeginCarriesHs071sDimensionsCensusAndSettings
  Test  #640: IpmTrace.SolveOptimizeReportsTwoPhasesAndNumbersItsIterLinesByPhase
  Test  #641: IpmTrace.SolveEndReportsTheDriversOwnStatusOnTwoDifferentExits
  Test  #642: IpmTrace.ARefusedCallWritesNoLineAtAll
  Test  #643: IpmTrace.AttachingASinkMovesNoResultField
  Test  #644: IpmTrace.DetachingMidLifetimeStopsTheStreamAndChangesNothingElse
  Test  #645: IpmTrace.SeqIsContiguousAcrossAnSqpSolveThenAnIpmSolveOnOneSinkAtDepthZero
  Test  #646: IpmTrace.SolveBeginCarriesTheEightFieldsTheConsoleTableNeeds
  Test  #647: IpmLedger.OneRecordPerSolveCarryingThatCallsOwnCounters
  Test  #648: IpmLedger.FactorizationsAndAnalysesArePerCallNotLifetime
  Test  #649: IpmLedger.ThePerCallDeltaSurvivesAReAnalysisInsideTheCall
  Test  #650: IpmLedger.AMultiPhaseCallCountsOnlyThePhasesThatRan
  Test  #651: IpmLedger.ACallbackThatThrowsAfterWorkBeganWritesNoRecord
  Test  #652: IpmLedger.AttachResetsTheCounterAndADetachStopsRecording
  Test  #653: IpmLedger.ARefusedCallRecordsNothingAndConsumesNoLabel
  Test  #654: IpmLedger.TheSummaryTableIsEmptyWithoutRecordsAndHasARowPerRecordWithThem
  Test  #655: IpmPhaseEvents.TheLineCountIsTheDeclaredArithmeticOnThreePhaseShapes
  Test  #656: IpmPhaseEvents.TheOrderIsAnalysisThenTheBracketWithTheExitInsideIt
  Test  #657: IpmPhaseEvents.TheExitEventEmbedsTheReportTheSolveReturns
  Test  #658: IpmDeferral.AHookInstalledFromInsideAFactorTimeMessageReachesTheNEXTSolve
  Test  #659: IpmDeferral.TheSolveIsBitwiseUnchangedByASinkThatSetsAHookMidSolve
  Test  #660: IpmDeferral.TheLastWriteWinsWhenASinkAndACallbackBothSetInOneSolve
  Test  #661: IpmMessageSink.ARetryAfterAThrowingFactorTimeSinkIsBitwiseAFreshSolve
  Test  #662: IpmMessageSink.AMultiIterationRetryAfterAThrowingRowSinkIsBitwiseAFreshSolve
  Test  #663: IpmConsole.PrintLevelZeroWritesTheTableAndTenWritesNothing
  Test  #664: IpmConsole.TheConsoleDoesNotDisplaceAUserSink
  Test  #665: IpmConsole.AttachTraceDuringASolveIsRefusedAndTheConsoleRunsOnUnbroken
  Test  #666: IpmConsole.ASinkThatDetachesItselfInsideOnIpmIterThrowsRatherThanCrashing
  Test  #667: IpmConsole.TheWideLayoutIsTheSolversOwnOptionAndReachesItsConsole
  Test  #668: IpmWarmStart.AFreshSolverHasNoCompletedSolveAndNoResultToExportFrom
  Test  #669: IpmWarmStart.ASolveThatThrewIsNotACompletedSolve
  Test  #670: IpmWarmStart.ExportIsStampedAndDeclaredWidthOnAnEliminatingProblem
  Test  #671: IpmWarmStart.TheStampIsCapturedAtSolveCompletionNotAtExport
  Test  #672: IpmWarmStart.TheSizeRefusalNamesTheBlockAndBothCountsAtSolveEntry
  Test  #673: IpmWarmStart.TheHandOverRefusesANonFiniteBlock
  Test  #674: IpmWarmStart.ARefusedPayloadLeavesNothingBehindForTheNextSolve
  Test  #675: IpmWarmStart.ARelayBetweenExportAndSolvingRefusesAtSolveEntry
  Test  #676: IpmWarmStart.ARebindToADifferentStructureRefusesAtSolveEntry
  Test  #677: IpmWarmStart.APayloadSurvivesAnIdenticalStampRelayAndIsTheSolveStart
  Test  #678: IpmWarmStart.APayloadAppliesToItsOwnCallAndTheNextSolveIsCold
  Test  #679: IpmWarmStart.PassingTheSamePayloadTwiceFromColdGivesBitIdenticalFirstIterates
  Test  #680: IpmWarmStart.AnExportPayloadRoundTripStartsAtTheExportingSolvesTerminalPoint
  Test  #681: IpmWarmStart.ValuesAtEliminatedVariablesAreIgnoredOnApplication
  Test  #682: IpmWarmStart.MakeConstraintExportDropsTheTreatmentsInternalFixingRow
  Test  #683: IpmWarmStart.AnEliminatingExportStagesIntoAFreshEngineWithTheSameSettings
  Test  #684: IpmWarmStart.AnExportUnderOneTreatmentStagesAndAppliesUnderAnother
  Test  #685: IpmWarmStart.ThePointFormAndTheSeedFormAreTheSameArgument
  Test  #686: IpmWarmStart.AnEmptyPrimalWithNonEmptyBoundDualsIsRefusedAtHandOver
  Test  #687: IpmWarmStart.ExportCarriesThePolishTagOnABoundedProblem
  Test  #688: IpmWarmStart.ExportCarriesNoExtensionWhenTheProblemHasNoFiniteBounds
  Test  #689: IpmWarmStart.ARelayThatEmptiesTheBoundSetLeavesNoBoundStoryOnTheSameInstance
  Test  #690: IpmWarmStart.ARestorationActiveExitExportsTheCoreWithoutThePolishTag
  Test  #691: IpmWarmStart.ARestorationEntryZeroesTheEqualityMultipliersAndRaisesMuToTheEntryFloor
  Test  #692: IpmWarmStart.ABoundedOptimalExitUnderTheSamePresetKeepsThePolishTag
  Test  #693: IpmWarmStart.ThePolishPayloadSurvivesTheCurrencysOwnRoundTripVerbatim
  Test  #694: IpmWarmStart.TheHandOverRefusesAMalformedPayloadUnderTheKnownTagNamingIt
  Test  #695: IpmWarmStart.EveryTruncationOfThePolishPayloadRefusesAtTheHandOverNamingTheOffset
  Test  #696: IpmWarmStart.TheHandOverRefusesAPolishBlockThatIsNotAtTheDeclaredWidth
  Test  #697: IpmWarmStart.TheHandOverRefusesANegativeLowerBoundPriceNamingTheTagAndTheBlock
  Test  #698: IpmWarmStart.TheHandOverRefusesANegativeUpperBoundPriceNamingTheTagAndTheBlock
  Test  #699: IpmWarmStart.AZeroValuedPriceBlockIsStillAcceptedAndSolves
  Test  #700: IpmWarmStart.TheHandOverRefusesThePolishTagCarriedTwiceNamingTheEntry
  Test  #701: IpmWarmStart.AForeignExtensionTagIsIgnoredAtTheHandOverAndAtSolve
  Test  #702: IpmWarmStart.ThePolishPairSeedsTheBoundDualsAndACoreOnlyValueDoesNot
  Test  #703: IpmWarmStart.ACoreOnlyWarmStartOnABoundedProblemStillConverges
  Test  #704: IpmWarmStart.TheBridgeEqualsTheCrossoverHandedTheSolvesOwnRawBlocks
  Test  #705: IpmWarmStart.TheBridgeRefusesTheStampOfADifferentStructure
  Test  #706: IpmWarmStart.AnUnchangedEpochResolveAnswersExactlyWhatAFreshEngineAnswers
  Test  #707: KktFactorizationTest.ComputeReportsTheInertiaTheEngineReads
  Test  #708: KktFactorizationTest.RefactorizeReusesTheSymbolicAndTracksNewValues
  Test  #709: KktFactorizationTest.AnAssumedPatternSkipsTheGuardAndReportsTheSameInertia
  Test  #710: KktFactorizationTest.SolveReturnsTheNewtonDirectionForTheAssembledSystem
  Test  #711: KktFactorizationTest.RefactorizeBeforeAnySymbolicAnalysisThrows
  Test  #712: KktFactorizationTest.RefactorizeAgainstADifferentPatternThrows
  Test  #713: KktFactorizationTest.ReleaseDropsTheBufferAndTheFactorization
  Test  #714: KktFactorizationTest.ReconfigureRebuildsTheFactorAndDropsTheAnalysis
  Test  #715: KktFactorizationTest.SettingTheSameThreadCountKeepsTheAnalysis
  Test  #716: KktFactorizationTest.ChangingTheThreadCountKeepsTheAnalysisToo
  Test  #717: KktFactorizationTest.InertiaEvidenceIsUnavailableBeforeAnyFactorization
  Test  #718: KktFactorizationTest.InertiaEvidenceAgreesWithTheCachedIntsAfterASuccessfulFactorization
  Test  #719: KktFactorizationTest.InertiaEvidenceFollowsTheLastFactorization
  Test  #720: KktFactorizationTest.ReleaseAndReconfigureClearTheInertiaEvidence
  Test  #721: KktFactorizationTest.AThreadCountChangedAfterTranscriptionStillSolves
  Test  #722: KktFactorizationTest.MklRejectsBackendMessageOutput
  Test  #723: KktFactorizationTest.MklRejectsAnUndocumentedPivotingStrategyCode
  Test  #724: L1RestoSlackInit.TruthTablePositiveNegativeZeroResiduals
  Test  #725: L1RestoSlackInit.ZeroResidualEdgeExactValues
  Test  #726: L1RestoEntryMu.MaxOfOuterMuAndInfinityNormResiduals
  Test  #727: L1RestoDenseOracle.EqualityChannelCondensationMatchesEnlargedSolve
  Test  #728: L1RestoDenseOracle.InequalityChannelCondensationMatchesEnlargedSolve
  Test  #729: L1RestoLiveEta.ObjectiveDeltaAcrossMuIsProximalTermOnly
  Test  #730: L1RestoScaling.DrSquaredTruthTable
  Test  #731: L1RestoFractionToBoundary.PrimalAndDualCapsMatchTauRule
  Test  #732: L1RestoFractionToBoundary.CapNeverExceedsUnity
  Test  #733: L1RestoStepApplication.ApplyMovesSlacksAndUpdatesPivots
  Test  #734: L1RestoStepApplication.TrialResidualShiftIsAlphaBlendedSlackDifference
  Test  #735: L1RestoStepApplication.TrialObjectiveBlendsSlacksAndProximalTerm
  Test  #736: L1RestoRecenter.ClosedFormBothChannelsAtNewMuAndResiduals
  Test  #737: L1RestoRecenter.ResetClearsRecenterCount
  Test  #738: L1RestoEntryPermitted.NearFeasibleGuardBoundary
  Test  #739: L1RestoEntryPermitted.BudgetExhaustionCountsNestedEntries
  Test  #740: L1RestoEntryPermitted.ZeroBudgetAlwaysRefuses
  Test  #741: L1RestoIdentity.IsNestedTrue
  Test  #742: L1RestoIdentity.ProximalTrioThrowsForNestedMode
  Test  #743: L1RestoLifecycle.EnterActivatesExitDeactivates
  Test  #744: L1RestoReset.ClearsAllElasticState
  Test  #745: L1RestoDiagnostics.NeverEnteredReportsZeroZero
  Test  #746: L1RestoDiagnostics.ReportsEntriesAndIterationsInMode
  Test  #747: L1RestoConstants.BoundMultResetThresholdDefault
  Test  #748: WmnoRule.DescentAcceptsPenaltyUnchanged
  Test  #749: WmnoRule.PenaltyBumpThenAccept
  Test  #750: WmnoRule.MeritIncreaseRejects
  Test  #751: WmnoRule.FeasibleCurrentNoPenaltyUpdate
  Test  #752: WmnoRule.PenaltyTrajectoryMonotone
  Test  #753: FlexRule.RegionIIAcceptsAndRaisesPiL
  Test  #754: FlexRule.ObjectiveDecreaseAcceptsKeepsPiL
  Test  #755: FlexRule.BothWorseRejects
  Test  #756: FlexRule.PiUpperRaisedWhenChiExceeds
  Test  #757: ModernMerit.ResetClearsPenaltyState
  Test  #758: ModernMerit.DrivesGenericPath
  Test  #759: ModernMeritRestoration.SmallestKnownTracksAcceptsNotRejects
  Test  #760: ModernMeritRestoration.ExitBoundaryAtRatioTimesSmallestKnown
  Test  #761: ModernMeritRestoration.ReferenceArgumentIgnored
  Test  #762: ModernMeritRestoration.ResetReBasesTrackerToInfinity
  Test  #763: ModernMeritRestoration.StashFreezeRestore
  Test  #764: ModernMeritRestoration.ExitTestReadsStashedTrackerInPhase
  Test  #765: ModernMeritRestoration.ResetMidPhasePreservesStash
  Test  #766: ModernMeritRestoration.ResetOutsidePhaseDropsStash
  Test  #767: ModernMeritRestoration.EntryBeforeAnyAcceptStashesInfinity
  Test  #768: ModernMeritRestoration.DoubleEntryThrows
  Test  #769: ModernMeritRestoration.ExitWithoutEntryThrows
  Test  #770: MonGovErrorNorm.MonitorErrorIsSumOfSquaredResiduals
  Test  #771: MonGovMonitorWindow.FewerThanFourRefsAlwaysSufficient
  Test  #772: MonGovMonitorWindow.SufficientDecreaseBoundary
  Test  #773: MonGovMonitorWindow.NonmonotoneAnyReferenceSatisfies
  Test  #774: MonGovMonitorWindow.ReferenceListFifoCapAtFour
  Test  #775: MonGovHandoff.MuIsPointEightTimesAvgComp
  Test  #776: MonGovHandoff.DecideSwitchesToMonotoneOnMonitorFailure
  Test  #777: MonGovFiaccoMcCormick.SequenceHandComputed
  Test  #778: MonGovFiaccoMcCormick.FloorClampsTinyMu
  Test  #779: MonGovFiaccoMcCormick.GateBlocksAdvanceUntilSubproblemConverged
  Test  #780: MonGovReentry.ReturnsToFreeWhenErrorReentersBand
  Test  #781: MonGovMuEvent.StayingFreeDoesNotFire
  Test  #782: MonGovMuEvent.HoldingMonotoneDoesNotFire
  Test  #783: MonGovReset.ClearsAllState
  Test  #784: MonGovDelegation.FreeModeForwardsToDelegateVerbatim
  Test  #785: MonGovSequence.SufficientProgressVerdictFlipsWithPassedCurrent
  Test  #786: MonGovSequence.FiaccoMcCormickGateAdvancesOnSatisfyingCall
  Test  #787: MonGovMonotoneSchedule.AdvancesAndFlagsTheEventWhenTheSubproblemIsSolved
  Test  #788: MonGovMonotoneSchedule.HoldsMuWhileTheSubproblemIsUnsolved
  Test  #789: MonGovMonotoneSchedule.AFlooredMuIsHeldRatherThanReAdvanced
  Test  #790: MonGovMonotoneSchedule.EveryGovernorRunsTheSameSharedSchedule
  Test  #791: NLPRowClassificationTest.ClassifiesAllRowKindsAndCounts
  Test  #792: NLPRowClassificationTest.RejectsInvertedAndNaNAndInfiniteEqualityBounds
  Test  #793: NLPAdapterCoreTest.ValidSetupPopulatesTables
  Test  #794: NLPAdapterCoreTest.RejectsBadSizesAndStructures
  Test  #795: NLPAdapterCoreTest.HessianOwnerFallsBackToEqThenObjective
  Test  #796: NLPAdapterAssemblyTest.KktMatchesDenseReferenceAndCallbacksAreCounted
  Test  #797: NLPAdapterAssemblyTest.ShortEqualityMultiplierBlockIsRefusedBeforeItIsRead
  Test  #798: NLPAdapterAssemblyTest.ShortNonEmptyEqualityMultiplierBlockIsRefusedBeforeItIsRead
  Test  #799: NLPAdapterAssemblyTest.NoObjectiveChainUsesZeroObjFactorConsumeOnce
  Test  #800: NLPAdapterAssemblyTest.AbortedAssemblyDoesNotLeakStalePendingRecords
  Test  #801: NLPAdapterAssemblyTest.RangeRowScattersDuplicatedJacobianAndComposedLambdaHessian
  Test  #802: NlpAggregateEngineContract.EveryRequestReproducesTheEntryPointItReplaces
  Test  #803: NlpAggregateEngineContract.ShapesFiveAndSevenLeaveTheirZeroArenasEmpty
  Test  #804: NlpAggregateEngineContract.AnEqualityOnlyModelEvaluatesValuesThroughTheContract
  Test  #805: NlpAggregateEngineContract.AnInequalityOnlyModelEvaluatesValuesThroughTheContract
  Test  #806: NlpAggregateEngineContract.AnUnmappedRequestIsRefusedAtTheEngineEntry
  Test  #807: NlpAggregateEngineContract.ALegalLagrangianHessianRequestIsRefusedByName
  Test  #808: NlpAggregateEngineContract.ALegalGradientAndJacobiansRequestIsRefusedByName
  Test  #809: NlpAggregateEngineContract.ALegalConstraintJacobiansOnlyRequestIsRefusedByName
  Test  #810: NlpAggregateEngineContract.TheFullKktShapeStillRunsAfterTheExplicitArm
  Test  #811: NlpAggregateEngineContract.AShortGradientViewIsRefusedByTheProvider
  Test  #812: NlpAggregateEngineContract.ADoublyInvalidCallReportsTheLaidWidthFirst
  Test  #813: NlpAggregateEngineEpoch.EveryRelayBumpsAndTheBumpPrecedesTheNewStructures
  Test  #814: NlpAggregateEngineEpoch.AnEvaluationNeverRunsUnderAStaleEpoch
  Test  #815: NlpAggregateEngineEpoch.ARejectedReconfigurationThatRelaidBumpsToo
  Test  #816: NlpAggregateEngineEpoch.ARejectionThatTouchedNoLayoutDoesNotBump
  Test  #817: NlpAggregateEngineEpoch.AnInvalidStagedRecordCannotBreakARenegotiation
  Test  #818: NlpAggregateEngineKey.TheKeySurvivesTheSparsityAnalysis
  Test  #819: NlpAggregateEngineKey.DroppingStagedBoundsDoesNotMoveTheKeyUntilTheNextLay
  Test  #820: NlpAggregateEngineKey.ABoundThatFixesAVariableKeysDifferentlyFromOneThatDoesNot
  Test  #821: NlpAggregateEngineKey.StagingABoundThenConfiguringATreatmentDoesNotMoveTheBoundDigest
  Test  #822: NlpAggregateEngineLayout.TheSameDeclarationLaysTheSameLayoutTwice
  Test  #823: NlpAggregateEngineLayout.TheStructuralKeyIsTheSameBeforeAndAfterSparsityAnalysis
  Test  #824: NlpAggregateEngineLayout.ARelayIsFullyVisibleThroughASecondDeclarationRead
  Test  #825: NlpAggregateEngineLayout.MutatingTheMasterListsAfterALayIsRefusedByName
  Test  #826: NlpAggregateEngineLayout.AFailedRelayNeverLeavesAMixedDeclaration
  Test  #827: NlpAggregateEngineLayout.AFailedRelayAfterTheMasterListsMovedIsRefusedNotServed
  Test  #828: NlpAggregateEngineLayout.TheMasterListGuardFiresAfterTheCopyIsAlreadyDischarged
  Test  #829: NlpAggregateEngineLayout.AnAggregateThatWasNeverLaidIsNotCheckedAgainstALayout
  Test  #830: NlpAggregateEngineLayout.TheEvaluationThreadCountDecidesNoPartOfTheLayout
  Test  #831: NlpAggregateEnginePartitions.ARenegotiationReportsWhatItAdoptedAndRelays
  Test  #832: NlpAggregateEnginePartitions.NoClaimIsRenumberedByARenegotiation
  Test  #833: NlpAggregateEnginePartitions.TheRightHandSideIsBitStableAcrossPartitionCounts
  Test  #834: NlpAggregateEnginePartitions.ANonPositivePartitionCountIsRefused
  Test  #835: NlpAggregateEngineBinding.TheAnalysisBindsTheTablesAndTheEntryChecksTheView
  Test  #836: NlpAggregateEngineBinding.ARelayDropsTheBindingBecauseItDropsTheOffsets
  Test  #837: NlpAggregateEngineBinding.SolverCoefficientBlocksAgainstPieceClaims
  Test  #838: NlpAggregateEngineBinding.RePatterningTheAnalysedMatrixIsCaughtAsAStaleTable
  Test  #839: NlpAggregateEngineCandidate.TheEntriesAssignRatherThanAccumulate
  Test  #840: NlpAggregateEngineCandidate.TheSurfaceIsInDeclarationSpaceWhateverTheTreatment
  Test  #841: NlpAggregateEngineCandidate.TheProbePairsTheEpochWithTheValuesAtThePoint
  Test  #842: NlpAggregateEngineCandidate.TheScorerExclusionSetIsComputableFromTheDeclarationAlone
  Test  #843: NlpAggregateEngineDeclaration.ItDescribesTheStructuresOnHandAndIsStoredState
  Test  #844: NlpAggregateEngineDeclaration.ObjectivePiecesAloneMakeADeclarationPieceSourced
  Test  #845: NlpAggregateEngineDeclaration.APieceSourcedDeclarationStillFailsOnABadRowSum
  Test  #846: NlpAggregateEngineDeclaration.StagingABoundChangesNothingUntilItIsMaterialized
  Test  #847: NlpAggregateEngineDeclaration.DeclaredRowIdentitiesSurviveATreatmentReconfiguration
  Test  #848: NlpAggregateEngineCapabilities.TheValuesFastPathIsDeclaredAndDirectScatterIsNot
  Test  #849: NlpAggregateConsumerViews.BuildersAddressExactlyTheLegacySegments
  Test  #850: AcceptanceDiagnostics.DefaultIsNoop
  Test  #851: AcceptanceDiagnostics.FakeStrategyOverrideIsInvoked
  Test  #852: AcceptanceDiagnostics.FunnelReportsWidth
  Test  #853: AcceptanceDiagnostics.DiagFunnelUninitializedWidthSentinel
  Test  #854: AcceptanceDiagnostics.FilterReportsSizeAndResets
  Test  #855: AcceptanceDiagnostics.ADefaultResultCarriesTheSentinels
  Test  #856: NlpAdapterAllocationTest.TheCounterSeesEachInterposedAllocator
  Test  #857: NlpAdapterAllocationTest.AWarmAssemblyAllocatesNothing
  Test  #858: ClassicMeritRestoration.RelativeFloorBoundary
  Test  #859: ClassicMeritRestoration.ToleranceFloorWaivesRelativeWhenRefTiny
  Test  #860: ClassicMeritRestoration.FloorTracksSettingsEconTol
  Test  #861: ClassicMeritRestoration.TheGenericAcceptanceQuestionIsRefusedNotAnswered
  Test  #862: FilterAcceptance.FilterEmptyBeforeFirstAccept
  Test  #863: FilterAcceptance.AcceptableToCurrentThetaMarginAccepts
  Test  #864: FilterAcceptance.AcceptableToCurrentPhiMarginAccepts
  Test  #865: FilterAcceptance.AcceptableToCurrentBothMarginsFailRejects
  Test  #866: FilterAcceptance.AcceptableToCurrentThetaBoundaryInclusive
  Test  #867: FilterAcceptance.BarrierCeilingRejectsLargeIncrease
  Test  #868: FilterAcceptance.BarrierCeilingPassesModerateIncrease
  Test  #869: FilterAcceptance.BarrierCeilingBasvalScalesWithReference
  Test  #870: FilterAcceptance.AugmentStoresExactMarginedPair
  Test  #871: FilterAcceptance.FilterEntryBlocksDominatedTrial
  Test  #872: FilterAcceptance.FilterEntryAllowsTrialBelowInOneCoordinate
  Test  #873: FilterAcceptance.FilterDominanceBoundaryInclusive
  Test  #874: FilterAcceptance.AugmentPrunesDominatedEntries
  Test  #875: FilterAcceptance.AugmentKeepsNonDominatedEntries
  Test  #876: FilterAcceptance.FTypeAcceptDoesNotAugment
  Test  #877: FilterAcceptance.ThetaMaxCeilingRejectsBeforeFilter
  Test  #878: FilterAcceptance.MultipleFilterRejectionsBeforeAcceptCountOnce
  Test  #879: FilterAcceptance.ArmijoLastRejectionZeroesStreakOnAccept
  Test  #880: FilterAcceptance.AttributionFailsBothHTypeZeroesStreak
  Test  #881: FilterAcceptance.AttributionFailsMembershipOnlyHTypeIncrementsStreak
  Test  #882: FilterAcceptance.AttributionFailsBothFTypeZeroesStreak
  Test  #883: FilterAcceptance.AttributionFailsMembershipOnlyFTypeIncrementsStreak
  Test  #884: FilterAcceptance.FiveFilterCausedIterationsClearFilter
  Test  #885: FilterAcceptance.ResetCapNeverExceeded
  Test  #886: FilterAcceptance.ResetClearsEverythingAndReArms
  Test  #887: FilterRestoration.ExitAllClausesPassRelativeFloorDominates
  Test  #888: FilterRestoration.ExitRelativeFloorRejects
  Test  #889: FilterRestoration.ExitToleranceFloorWaivesRelativeWhenRefTiny
  Test  #890: FilterRestoration.ExitTinyInjectedTolDoesNotWaive
  Test  #891: FilterRestoration.ExitStashedFilterRejectsOtherwisePassingTrial
  Test  #892: FilterRestoration.StashRestoreRoundTrip
  Test  #893: FilterRestoration.EntryWithoutInterveningExitThrows
  Test  #894: FilterRestoration.ExitWithoutPrecedingEntryThrows
  Test  #895: FilterRestoration.ResetDuringFeasibilityPreservesStash
  Test  #896: FilterRestoration.ResetOutsidePhaseClearsLeftoverStash
  Test  #897: FunnelAcceptance.InitWidthMultiplierBranch
  Test  #898: FunnelAcceptance.InitWidthFloorBranch
  Test  #899: FunnelAcceptance.WidthUninitializedBeforeFirstCall
  Test  #900: FunnelAcceptance.TrialInsideFunnelSufficientDecreaseAccepts
  Test  #901: FunnelAcceptance.TrialOutsideFunnelRejectsAndLeavesWidth
  Test  #902: FunnelAcceptance.SufficientDecreaseBoundaryPasses
  Test  #903: FunnelAcceptance.SufficientDecreaseBoundaryFailsJustAbove
  Test  #904: FunnelAcceptance.WidthUpdateFloorDominates
  Test  #905: FunnelAcceptance.WidthUpdateConvexCombinationDominates
  Test  #906: FunnelAcceptance.WidthUpdateTrialAboveCurrentUsesFloor
  Test  #907: FunnelAcceptance.WidthUpdateReWidensWhenCurrentIterateOutsideFunnel
  Test  #908: FunnelAcceptance.FTypeAcceptLeavesWidthUnchanged
  Test  #909: FunnelAcceptance.MembershipRejectsFTypeTrialOutsideFunnel
  Test  #910: FunnelAcceptance.ResetReDerivesWidthFromNewThetaZero
  Test  #911: FunnelAcceptance.WidthMonotoneNonIncreasingAcrossSequence
  Test  #912: FunnelAcceptance.ExitTestBothHalvesPass
  Test  #913: FunnelAcceptance.ExitTestMembershipHalfRejects
  Test  #914: FunnelAcceptance.ExitTestRelativeHalfRejects
  Test  #915: FunnelAcceptance.ExitTestRelativeBoundaryInclusive
  Test  #916: FunnelAcceptance.NotifySwitchToFeasibilityStashesWidth
  Test  #917: FunnelAcceptance.NotifySwitchToOptimalityReBasesRestoredWidth
  Test  #918: FunnelAcceptance.NotifySwitchToOptimalityAllowsReWidening
  Test  #919: FunnelAcceptance.ExitTestReadsStashedWidthInPhase
  Test  #920: FunnelAcceptance.ResetMidPhasePreservesStashedWidth
  Test  #921: FunnelAcceptance.ResetOutsidePhaseDropsStashedWidth
  Test  #922: FunnelAcceptance.EntryBeforeFirstCallStashesInfinityExitStaysWide
  Test  #923: FunnelAcceptance.DoubleEntryThrows
  Test  #924: FunnelAcceptance.ExitWithoutEntryThrows
  Test  #925: InteriorPointSolverPresetsTest.PresetGateClassicMatchesFreshDefaultSettings
  Test  #926: IpmSolverEntry.Hs071ConvergesToKnownOptimum
  Test  #927: IpmSolverEntry.Hs071BoundDualsMatchActiveLowerBound
  Test  #928: IpmSolverEntry.RosenbrockConvergesToKnownOptimum
  Test  #929: IpmSolverEntry.EqualityMultiplierHasIpoptSign
  Test  #930: IpmSolverEntry.LowerBoundedRowActiveWithNegativeIpoptMultiplier
  Test  #931: IpmSolverEntry.RangeRowActiveAtUpperWithPositiveIpoptMultiplier
  Test  #932: IpmSolverEntry.FreeRowDroppedFromTranscriptionReadsZeroMultiplier
  Test  #933: IpmSolverEntry.FixedVariableSolvesExactlyAtItsFixedValue
  Test  #934: IpmSolverEntry.FixedVariableTreatmentIsRecordedOnSolveResult
  Test  #935: IpmSolverEntry.ZIsDeclaredWidthAndZeroAtAnEliminatedCoordinate
  Test  #936: IpmSolverEntry.SeededSolveConverges
  Test  #937: IpmSolverEntry.TwoSolvesFromTheSameStartPointAgree
  Test  #938: IpmSolverEntry.AStartPointOfTheWrongSizeIsRefused
  Test  #939: IpmSolverEntry.NonFiniteStartingMultipliersThrow
  Test  #940: IpmSolverEntry.PartitionCountAndQpThreadCountAreSetIndependently
  Test  #941: IpmSolverEntry.AFaultedTranscriptionCommitsNothingAndRetriesCleanly
  Test  #942: IpmSolverEntry.ASecondSolveTranscribesNothingAndSpendsNoFurtherSetupEvaluation
  Test  #943: IpmSolverEntry.TheReportedKktResidualsAreTheOnesTheConvergenceTestGated
  Test  #944: IpmSolverEntry.TheReportedKktResidualsDescribeTheIterateTheResultDescribes
  Test  #945: IpmSolverEntry.TheKktResidualsOfAResultNoSolveHasWrittenAreUnmeasured
  Test  #946: IpmSolverEntry.TheProgramsPartitionCountIsWhatEvaluationsSee
  Test  #947: IpmSolverEntry.TheIterationCapIsTheRecordedStopReason
  Test  #948: IpmSolverEntry.AConvergedSolveRecordsNoStopReason
  Test  #949: IpmSolverEntry.AMultiPhaseCapIsLabelledByThePhaseThatHitIt
  Test  #950: IpmSolverEntry.AConvergenceOnTheCapIterationRecordsNoStopReason
  Test  #951: IpmSolverEntry.OneIterationShortOfConvergenceRecordsTheCap
  Test  #952: IpmSolverEntry.TheLagrangianMeritLineSearchSolvesHs071OnItsOwnTrajectory
  Test  #953: IpmSolverEntry.TheL1MeritLineSearchSolvesHs071OnItsOwnTrajectory
  Test  #954: IpmSolverEntry.TheProbeBarrierOracleSolvesHs071OnItsOwnBarrierSchedule
  Test  #955: WorkerOptions.JetPreparationEquivalent
  Test  #956: InteriorPointSolverSettingsTest.NaNRejectedBySiteNamedSetters
  Test  #957: InteriorPointSolverSettingsTest.InfRejectedByGreaterThanSetters
  Test  #958: InteriorPointSolverSettingsTest.NaNRejectedByValidateForEveryHelperFamily
  Test  #959: IpmPhases.TheFiveRetiredJobModesAreFivePhaseSequences
  Test  #960: IpmPhases.TheEmptySequenceIsRefusedByValidate
  Test  #961: IpmPhaseSemantics.SolveOptimizeSolveSkipsTheTrailingSoeOnlyWhenOptConverged
  Test  #962: IpmPhaseSemantics.OptimizeSolveSkipsTheTrailingSoeOnlyWhenOptConverged
  Test  #963: IpmPhaseSemantics.SolveOptimizeAlwaysRunsBothPhases
  Test  #964: IpmPhaseSemantics.SolveAndOptimizeEachRunExactlyOnePhase
  Test  #965: IpmStopReason.NoSolveHasHappenedYet
  Test  #966: IpmStopReason.AStalledFeasibilityStageIsRecordedAsSuch
  Test  #967: IpmStopReason.WithDefaultDivergenceThresholdsTheSameFixtureDiverges
  Test  #968: IpmStopReason.ARestorationLocalInfeasibilityIsRecordedAsSuch
  Test  #969: IpmStopReason.TheLocallyInfeasibleDoorFiresItsRowOnBothStreams
  Test  #970: IpmStopReason.TheDoorsMarkerFollowsItsOwnIterLineOnALiveSolve
  Test  #971: IpmStopReason.AStallOnTheCapIterationKeepsTheStallLabel
  Test  #972: IpmStopReason.TheStalledDoorStillPrintsNoSolutionFoundAndCarriesItsMessage
  Test  #973: IpmStopReason.TheLocallyInfeasibleDoorStillPrintsNoSolutionFoundAndCarriesItsMessage
  Test  #974: IpmStopReason.TheInterruptDoorStillPrintsNoSolutionFoundAndCarriesItsMessage
  Test  #975: IpmStopReason.OnlyResolutionEverProducesStalledOrInterrupted
  Test  #976: IpmStopReason.TheProximalArmLeavesRestorationWhereTheL1ArmDeclaresInfeasibility
  Test  #977: IpmStopReason.TheProximalArmReEntersRestorationOnlyAfterLeavingIt
  Test  #978: IpmStopReason.AnUnevaluableStepAtAnAcceptableIterateExitsAtTheAcceptableLevel
  Test  #979: IpmStopReason.AnUnevaluableStepAtAnUnacceptableIterateAbortsWithTheLatchedError
  Test  #980: IpmStopReason.AnUnevaluableStepWithRestorationAvailableEntersItThroughTheRecoveryChain
  Test  #981: IpmStopReason.TheLagrangianMeritVariantAbsorbsUnevaluableTrials
  Test  #982: IpmStopReason.TheL1MeritVariantAbsorbsUnevaluableTrials
  Test  #983: hven_compile_fail_unregistered_constraint
  Test  #984: hven_compile_fail_constraint_only_objective
  Test  #985: hven_compile_fail_partial_objective_surface
  Test  #986: hven_compile_fail_objective_unsupported_mixin
  Test  #987: hven_compile_fail_constraint_unsupported_mixin
  Test  #988: hven_compile_fail_adapter_missing_objective
  Test  #989: hven_compile_fail_deprecated_eval_grad
  Test  #990: hven_compile_fail_deprecated_eval_ce
  Test  #991: hven_compile_fail_deprecated_eval_ci
  Test  #992: hven_compile_fail_deprecated_eval_hess
  Test  #993: hven_compile_fail_deprecated_eval_jac_e
  Test  #994: hven_compile_fail_deprecated_eval_jac_i
  Test  #995: Callback.SqpEventRowsEqualHistoryInCallerUnits
  Test  #996: Callback.SqpTerminalEventDiagnosticsAreTheResultsOwn
  Test  #997: Callback.SqpStopReturnsInterruptedAtTheCurrentPoint
  Test  #998: Callback.SqpConvergedBeatsStop
  Test  #999: Callback.SqpStopInsideRestorationLatchesAndReachesTheParent
  Test #1000: Callback.SqpStopInsideRestorationArrivesAsTheSubSolvesOwnVerdict
  Test #1001: Callback.SqpEventXIsTheRowsOwnPointAcrossRestoration
  Test #1002: Callback.ASolveWithNoCallbackSnapshotsNothing
  Test #1003: Callback.SqpStopOnANonConvergedCapTerminalRowIsANoOp
  Test #1004: Callback.SqpStopOnTheRestorationsConvergedRowInterruptsAndKeepsTheCertificate
  Test #1005: Callback.ClearingTheCallbackFromInsideItIsSafe
  Test #1006: Callback.ADirectSetAfterAThrownDeferralSupersedesIt
  Test #1007: Callback.ZeroMajorExitFiresOnceOrNever
  Test #1008: Callback.IpmContinuingEventObservesTheCommittedPoint
  Test #1009: Callback.IpmTerminalRowStillFires
  Test #1010: Callback.IpmStopEndsThePhaseSequence
  Test #1011: Callback.IpmTerminalEventDiagnosticsAreTheResultsOwn
  Test #1012: Callback.IpmEventObjectiveIsNaNOnANonObjectiveBearingPhase
  Test #1013: Callback.IpmTerminalEventDescribesTheReturnedPointUnderReturnBest
  Test #1014: Callback.ThrowingCallbackPropagatesAndTheSolverIsReusable
  Test #1015: Callback.AReadOnlyCallbackChangesNothingOnEitherEngine
  Test #1016: Callback.ClearingTheCallbackStopsTheEvents
  Test #1017: Concurrency.NInstancesOnNThreadsMatchSerial
  Test #1018: ConsoleSink.IpmScriptedRowsAreByteIdenticalToTheOldPrinterNarrow
  Test #1019: ConsoleSink.IpmScriptedRowsAreByteIdenticalToTheOldPrinterWide
  Test #1020: ConsoleSink.ThePhaseChangeColoursTheNextPhasesFirstRowAsAFirstRow
  Test #1021: ConsoleSink.ASecondSolveBeginAlsoResetsThePreviousRow
  Test #1022: ConsoleSink.IpmRendersNothingAboveTheTiers
  Test #1023: ConsoleSink.TheWholeScriptedTranscriptIsByteIdenticalToBaseNarrow
  Test #1024: ConsoleSink.TheWholeScriptedTranscriptIsByteIdenticalToBaseWide
  Test #1025: ConsoleSink.TheResolvedStalledAndInterruptedVerdictsRenderAsNoSolutionFound
  Test #1026: ConsoleSink.TheT8_7bLineKindsEachRenderAtTheirOwnTier
  Test #1027: ConsoleSink.TheRestorationExitRowMarkerRendersNothing
  Test #1028: ConsoleSink.TheSqpTableIsByteIdenticalToFormatIterationTable
  Test #1029: ConsoleSink.TheSqpTableRendersOnlyDepthZeroMajors
  Test #1030: ConsoleSink.TheSqpTableHonoursTheThreeTiers
  Test #1031: ConsoleSink.TheEightQpTierEventsRenderNothing
  Test #1032: FanOut.ForwardsEveryEventToBothHalvesFirstThenSecond
  Test #1033: FanOut.ANullHalfIsSkippedRatherThanDereferenced
  Test #1034: FanOut.AUserSinkIsNotDisplacedByTheConsole
  Test #1035: Options.IpmValidateRefusesWhatSettingsValidateRefused
  Test #1036: Options.CommonDefaultsAreEachEnginesOwn
  Test #1037: Options.IpmSetOptionsIsTransactional
  Test #1038: Options.IpmEveryBackendFieldIsAcceptedAndTakesEffectAtTheNextSolve
  Test #1039: Options.IpmSetOptionsDuringASolveThrowsLogicError
  Test #1040: Options.IpmTheInFlightGuardClearsWhenAnExceptionLeavesTheSolve
  Test #1041: Options.PresetsReturnFullValues
  Test #1042: Options.AnUnknownIpmPresetIsRefusedAndListsTheValidNames
  Test #1043: Options.SqpCommonDefaultsAreTheStructsOwn
  Test #1044: Options.SqpValidateRefusesTheCommonFieldsAndWhatItAlwaysRefused
  Test #1045: Options.SqpPresetsReturnFullValues
  Test #1046: Options.SqpSetOptionsIsTransactional
  Test #1047: Options.SqpSetOptionsDuringASolveThrowsLogicError
  Test #1048: Options.SqpTheInFlightGuardClearsWhenAnExceptionLeavesTheSolve
  Test #1049: Options.SqpAnOptionReplacementDoesNotRestartTheLedgerLabelSequence
  Test #1050: Options.TheOptionsFingerprintCoversEveryQpOptionsField
  Test #1051: PrintTables.PredictorOutcomeNamesEveryEnumerator
  Test #1052: PrintTables.PredictorOutcomeFallbackBelongsToNoDeclaredValue
  Test #1053: PrintTables.StepVerdictNamesEveryEnumeratorAndFallsBackOnNoneOfThem
  Test #1054: VariableBoundCensusTable.ClassifiesEveryKindOfBoundedVariable
  Test #1055: VariableBoundCensusTable.AnEmptySideMeansUnboundedThereForEveryVariable
  Test #1056: VariableBoundCensusTable.RefusesANegativeWidthAndAMisSizedSide
  Test #1057: SolveStatus.SeverityIsTotalAndOrderedAsDocumented
  Test #1058: SolveStatus.IpmPhaseResolutionSplitsTheCapExitByStopReason
  Test #1059: SolveStatus.TheNineDisplayNamesArePinnedLiterals
  Test #1060: DeclaredDiagnostics.ClosesOnAKktPointOfHs071
  Test #1061: DeclaredDiagnostics.TwoSidedBoundUsesCanonicalSplit
  Test #1062: DeclaredDiagnostics.ExcludedCoordinateIsNotMeasured
  Test #1063: DeclaredDiagnostics.TheRefusalFixtureIsItselfWellFormed
  Test #1064: DeclaredDiagnostics.RefusesEveryMalformedDeclaredBlock
  Test #1065: DeclaredDiagnostics.TheGradLagDoorChecksItsOwnBlockWidths
  Test #1066: DeclaredDiagnostics.ANonFiniteEntryReportsUnmeasuredRatherThanANumber
  Test #1067: IpmPhases.TrailingSolveIsConditionalOnThePrecedingOptimize
  Test #1068: IpmPhases.EachPhaseCarriesItsOwnVerdict
  Test #1069: IpmPhases.EmptySequenceIsRefused
  Test #1070: SolveBudget.IpmMaxIterationsCapsEachPhase
  Test #1071: SolveBudget.SqpRestorationIsBudgetedFromTheEffectiveCap
  Test #1072: SolveBudget.IpmClampsBeforeNarrowing
  Test #1073: SolveBudget.TheSqpTakesABudgetOnEveryPublicOverload
  Test #1074: IpmIntrospection.PatternQueryTakesTheModel
  Test #1075: IpmIntrospection.AnalysisIdentityOutlivesTheAnalysingSolver
  Test #1076: SolveResult.ExportIsASnapshotIndependentOfLaterEdits
  Test #1077: SolveResult.TheIpmFillsTheSharedDiagnosticsAtItsReturnedPoint
  Test #1078: SolveResult.UnmeasuredExitsReportNaNAndEmptyVectors
  Test #1079: SolveResult.TheSqpFillsTheSharedDiagnosticsAtItsReturnedPoint
  Test #1080: SolveResult.AFeasibilityOnlyLastPhaseReportsStationarityUnmeasured
  Test #1081: SolveResult.AnObjectiveBearingLastPhaseReportsAllFour
  Test #1082: SolveResult.AnActiveRestorationExitEmptiesTheResidualBlocks
  Test #1083: SolveResult.ReturnBestReportsTheBestIterateSObjective
  Test #1084: SolveResult.TheIpmClockRunsFromThePublicEntry
  Test #1085: Threads.ZeroLeavesEveryFactorAtTheBackendDefault
  Test #1086: Threads.NonZeroReachesEveryFactorTier
  Test #1087: Threads.NonZeroReachesTheDenseBorderFactor
  Test #1088: Threads.ZeroLeavesTheDenseBorderFactorAtTheBackendDefault
  Test #1089: Threads.TheCallersThreadSettingSurvivesEveryTierAndTheRestoration
  Test #1090: Threads.ZeroAndOneProduceIdenticalHistoriesAndCounters
  Test #1091: Threads.ANegativeThreadCountIsRefusedByTheDriverConstructor
  Test #1092: WarmProtocol.PayloadStampMismatchRefusesOnBothEngines
  Test #1093: WarmProtocol.KIpmModeNoLongerColdGradesAMismatch
  Test #1094: WarmProtocol.MultipliersOnlySeedResolvesSeededOnSqp
  Test #1095: WarmProtocol.MultipliersOnlySeedIgnoresAPolishExtension
  Test #1096: WarmProtocol.EmptyPrimalWithNonEmptyBoundDualsIsRefusedAtHandOver
  Test #1097: WarmProtocol.NativePatternMismatchStillDegradesToSeeded
  Test #1098: WarmProtocol.NativeNonFiniteResolvesCold
  Test #1099: WarmProtocol.SeededClampBandStillDegradesNotRefuses
  Test #1100: WarmProtocol.ColdCeilingIgnoresAndCountsThePayload
  Test #1101: WarmProtocol.ColdCeilingStillRefusesAWrongStampAtTheRightDimensions
  Test #1102: WarmProtocol.TheIpmCeilingHasFourRungs
  Test #1103: WarmProtocol.ThePolishIgnoredCountAgreesAcrossTraceResultAndLedger
  Test #1104: WarmProtocol.TheSolveFamilyKeepsItsSeedlessAndItsPayloadEntries
  Test #1105: WarmProtocol.RoundTripIpmToSqpToIpmStillWorks
  Test #1106: AggregatePieceConcept.IsSatisfiedByAMinimalPieceAndByTheExistingPieces
  Test #1107: AggregatePieceConcept.TheObjectiveKindIsNoWeakerThanTheSeamThatStoresOne
  Test #1108: AggregateDeclarationTest.AcceptsAConsistentDeclaration
  Test #1109: AggregateDeclarationTest.AcceptsRowCountsWhenNoPiecesAreDeclared
  Test #1110: AggregateDeclarationTest.RejectsANonPositivePartitionCount
  Test #1111: AggregateDeclarationTest.RejectsANegativeDimension
  Test #1112: AggregateDeclarationTest.RejectsABoundOutsideTheVariableRange
  Test #1113: AggregateDeclarationTest.RejectsANotANumberBound
  Test #1114: AggregateDeclarationTest.AcceptsAnInRangeBound
  Test #1115: AggregateDeclarationTest.RejectsAnInvertedBoundRecord
  Test #1116: AggregateDeclarationTest.RejectsABoundHistoryWhoseIntersectionIsEmpty
  Test #1117: AggregateDeclarationTest.AcceptsABoundHistoryThatMerelyNarrows
  Test #1118: AggregateDeclarationTest.MaterializesOneRecordPerVariableTightestWins
  Test #1119: AggregateDeclarationTest.MaterializationRejectsWhatValidationRejects
  Test #1120: CandidateStorageValidation.ValuesBlocksMustMatchTheirDimensions
  Test #1121: CandidateStorageValidation.TheMessageNamesTheBlockAndBothNumbers
  Test #1122: CandidateStorageValidation.FirstOrderBlocksMustMatchTheirDimensions
  Test #1123: CandidateStorageValidation.MultiplierBlocksAreEitherEmptyOrExact
  Test #1124: CandidateStorageValidation.ThePrimalBlockIsNeverOptional
  Test #1125: CandidateStorageValidation.MultipliersMustBeFullLengthWhereTheyAreRead
  Test #1126: CandidateStorageValidation.TheFullMultiplierMessageNamesTheBlockAndBothSizes
  Test #1127: KktLocationTableTest.PublishesLocationsClashMarksAndLocksTogether
  Test #1128: KktLocationTableTest.IsEmptyWhenNothingWasClaimed
  Test #1129: KktLocationTableTest.RejectsAClashMarkOutsideTheLockVector
  Test #1130: KktLocationTableTest.RejectsAMissingIndexArray
  Test #1131: KktLocationTableTest.RejectsAClashMarkBelowTheSentinel
  Test #1132: RhsLocationTableTest.MapsClaimSlotsToArenaRows
  Test #1133: RhsLocationTableTest.RejectsARowBelowTheSentinel
  Test #1134: RhsLocationTableTest.ADroppedRowIsSpelledAsNegativeOne
  Test #1135: ScatterViewTest.DefaultConstructedViewsAreEmpty
  Test #1136: AggregateAssembleContract.AnObjectiveOnlyRequestWritesOnlyTheObjectiveSlot
  Test #1137: AggregateAssembleContract.TheConstraintKktShapeWritesNoObjectiveOutput
  Test #1138: AggregateAssembleContract.AnArenaTheRequestDoesNotNameMayBeLeftEmpty
  Test #1139: AggregateAssembleContract.AnArenaTheRequestDoesNameMayNotBeLeftEmpty
  Test #1140: AggregateAssembleContract.AZeroLengthGradientViewIsRefusedEvenWithStorage
  Test #1141: AggregateAssembleContract.AKktBearingRequestMayNotBeGivenAnEmptyKktView
  Test #1142: AggregateAssembleContract.ABoundProviderRefusesAViewNamingAnotherDestination
  Test #1143: AggregateAssembleContract.AnUnboundProviderAcceptsWhateverDestinationItIsGiven
  Test #1144: AggregateAssembleContract.RequestMaskingMovesNeitherLayoutNorDigestNorEpoch
  Test #1145: AggregateAssembleContract.SuccessiveCallsAccumulateIntoOneDestination
  Test #1146: AggregateAssembleContract.AnRhsArenaIsAccumulatedIntoNotAssigned
  Test #1147: AggregateAssembleContract.AKktArenaClaimIsAccumulatedIntoNotAssigned
  Test #1148: AggregateAssembleContract.AnUnmappedRequestIsRefusedBeforeAnythingIsWritten
  Test #1149: AggregateAssembleContract.AnAdjointRequestWithEmptyMultipliersIsRefused
  Test #1150: AggregateAssembleContract.AValuesOnlyRequestStillAcceptsEmptyMultipliers
  Test #1151: AggregateCandidateContract.TheCandidateEntriesAssignRatherThanAccumulate
  Test #1152: AggregateCandidateContract.FirstOrderAlwaysRequiresFullMultipliers
  Test #1153: AggregateCandidateContract.TheValuesPathStillAcceptsEmptyMultipliers
  Test #1154: AggregateNonVirtualEntryContract.ValidationIsAPropertyOfTheTypeNotOfTheImplementation
  Test #1155: AggregateNonVirtualEntryContract.TheProbeInheritsTheValuesEntrysValidation
  Test #1156: AggregateCapabilityContract.AnAggregateDeclaresNothingUnlessItSaysOtherwise
  Test #1157: AggregateContract.TheStructureKeyIsReachableThroughTheFreeFunctionSpelling
  Test #1158: AggregateContract.TheAdoptedPartitionCountIsTheKeysPartitionConjunct
  Test #1159: AdoptDeclaration.LaysWhatAHandAssembledProblemLays
  Test #1160: AdoptDeclaration.RoundTripsExactlyWithFixingRowsInstalled
  Test #1161: AdoptDeclaration.ReportsTheAdoptedPartitionCountNotTheRequestedOne
  Test #1162: AdoptDeclaration.ClaimOrderIsAFunctionOfTheDeclaredThreadModes
  Test #1163: AdoptDeclaration.AThreadModeWriteAfterTheLayIsRefused
  Test #1164: AdoptDeclaration.ARefusedAdoptionLeavesTheProblemUnchanged
  Test #1165: AdoptDeclaration.AModeSetOnTheDeclarationSurvivesTheLayAndIsFrozenAgain
  Test #1166: AdoptDeclaration.RefusesADeclarationWithRowsAndNoPiecesToClaimThem
  Test #1167: AdoptDeclaration.RefusesAFixingRowThatWritesOutsideTheInternalBand
  Test #1168: AdoptDeclaration.TheNextTreatmentRederivesTheFixingRowsTheAdoptionCarried
  Test #1169: AdoptDeclaration.TheLayMarkerEntriesAreNotReachableFromOutsideTheLay
  Test #1170: AggregateDeclarationValidation.RefusesAFixingRowCountThatIsNotPartOfTheEqualityRows
  Test #1171: AggregateDeclarationOvercount.AcceptsPiecesThatClaimMoreRowsThanDeclaredWhenTheExcessIsStated
  Test #1172: AggregateDeclarationOvercount.RefusesTheSameSharingWithTheExcessUnstated
  Test #1173: AggregateDeclarationOvercount.RefusesAnExcessThatIsNotACount
  Test #1174: AggregateDeclarationOvercount.RefusesAnExcessOnADeclarationWithNoPieces
  Test #1175: AggregateDeclarationOvercount.IsNotAStructuralKeyConjunct
  Test #1176: AggregateDeclarationOvercount.ALayoutWithSharedRowsEmitsTheExcessItActuallyCarries
  Test #1177: AggregateDeclarationOvercount.SurvivesAdoptionAndComesBackOutOfTheDeclarationItEmits
  Test #1178: AggregateDeclarationOvercount.IsZeroOnALayoutWhosePiecesClaimDisjointRows
  Test #1179: ClaimStreamRestatement.ThePublishedStreamEqualsAnIndependentReference
  Test #1180: ClaimStreamRestatement.TheThreeBlocksPartitionTheArenaInDomainOrder
  Test #1181: ClaimStreamRestatement.TheOffsetTablesAreWellFormedOnEveryShape
  Test #1182: ClaimStreamRestatement.TheClaimConventionHoldsSlotForSlot
  Test #1183: ClaimStreamRestatement.PublishingTheStreamMovesNoRawArray
  Test #1184: ClaimStreamRestatement.TheClaimDigestStillHashesTheRawSlotsInEmissionOrder
  Test #1185: ClaimStreamRestatement.AnEliminationOnlyRelayLeavesTheDeclarationSpaceStreamStanding
  Test #1186: ClaimStreamRestatement.AMakeConstraintSwitchRestatesAgainstTheNewRowSpace
  Test #1187: ClaimStreamRestatement.APartitionRenegotiationRestatesAgainstTheNewOrder
  Test #1188: ClaimStreamRestatement.ARepeatedLayRestatesAgainstTheProblemAsItNowStands
  Test #1189: ClaimStreamState.AnEliminationOnlyRelayRetainsTheStreamAndItsEpoch
  Test #1190: ClaimStreamState.RestoringFromAnEliminationRetainsToo
  Test #1191: ClaimStreamState.APartitionRenegotiationRebuildsAndBumpsBothEpochs
  Test #1192: ClaimStreamState.AMakeConstraintTreatmentRebuildsBecauseTheRowSpaceMoved
  Test #1193: ClaimStreamState.ASwitchFromMakeConstraintToMakeParameterRebuilds
  Test #1194: ClaimStreamState.ARepeatedLayAtIdenticalCountsStillRebuilds
  Test #1195: ClaimStreamState.APieceSwapAtIdenticalCountsRebuildsAndMovesTheStream
  Test #1196: ClaimStreamState.AdoptingADeclarationWithFixingRowsRestatesOnBothRebuilds
  Test #1197: ClaimStreamState.AnUnlaidProblemHasNoClaimStreamAndSaysSo
  Test #1198: ClaimStreamState.AStampThatMovesWhileReducedDropsTheStreamRatherThanGuessing
  Test #1199: ClaimStreamState.ARelayThatThrowsLeavesThePreviouslyPublishedViewsStanding
  Test #1200: ClaimStreamState.ThePublishedDimensionsAreTheOnesTheStreamWasBuiltAgainst
  Test #1201: ClaimStreamState.AnEqualWidthRebuildAllocatesNothing
  Test #1202: ClaimStreamState.APieceWrittenIntoAMasterListWithoutARelayIsNotRetainedAcross
  Test #1203: ClaimStreamState.AFirstLayThatCannotRestateSaysThatAndNotSomethingAboutElimination
  Test #1204: ClaimStreamState.ARefusedRelayLeavesTheLayoutReportingItselfUnanalysed
  Test #1205: ClaimStreamRefusals.TheWellFormedFixtureRestates
  Test #1206: ClaimStreamRefusals.AClaimedSlackRowIsRefused
  Test #1207: ClaimStreamRefusals.ANegativeCoordinateInAnUnreducedLayoutIsRefused
  Test #1208: ClaimStreamRefusals.AGradientRowOutsideTheDeclaredVariablesIsRefused
  Test #1209: ClaimStreamRefusals.AColumnOutsideTheDeclaredVariablesIsRefused
  Test #1210: ClaimStreamRefusals.AConstraintRowOutsideItsOwnDomainBandIsRefused
  Test #1211: ClaimStreamRefusals.MalformedMarkTablesAreRefused
  Test #1212: ClaimStreamRefusals.AnEmptyPartitionGivesEqualAdjacentOffsets
  Test #1213: ClaimDomainSetTest.EmptyByDefault
  Test #1214: ClaimDomainSetTest.ASingleDomainConvertsToItsOwnSet
  Test #1215: ClaimDomainSetTest.UnionCollectsEveryDomain
  Test #1216: ClaimDomainSetTest.IntersectionKeepsTheCommonDomains
  Test #1217: ClaimDomainSetTest.UnionIsIdempotentAndComparable
  Test #1218: ClaimDomainSetTest.AllCarriesEveryDomain
  Test #1219: KktStorageTest.AClaimSpaceResolvesStorageAtClaimTimeNotOnTheHotPath
  Test #1220: AggregateCapabilityTest.NoneCarriesNothing
  Test #1221: AggregateCapabilityTest.ProbingForNothingIsVacuouslyTrue
  Test #1222: AggregateCapabilityTest.HasCapabilityRequiresEveryProbedBit
  Test #1223: AggregateCapabilityTest.IntersectionKeepsTheCommonBits
  Test #1224: AggregateCapabilityTest.InPlaceUnionAndMaskingBothCompile
  Test #1225: EvalRequestTest.NoneNamesNoOutput
  Test #1226: EvalRequestTest.UnionAndIntersection
  Test #1227: EvalRequestTest.HasRequestRequiresEveryProbedFlag
  Test #1228: EvalRequestTest.InPlaceUnionAndMaskingBothCompile
  Test #1229: EvalRequestTest.TheAdjointRequestsAreTheOnesThatConsumeTheMultipliers
  Test #1230: EvalRequestMappingTable.AllMappedSetsAreDistinct
  Test #1231: EvalRequestMappingTable.NoMappedSetIsEmpty
  Test #1232: EvalRequestMappingTable.TheObjectiveOnlyShapeNamesNothingElse
  Test #1233: EvalRequestMappingTable.TheConstraintOnlyShapesNameNoObjectiveOutput
  Test #1234: EvalRequestMappingTable.OnlyTheFullKktShapeNamesTheObjectiveHessianAmongInteriorOwnedShapes
  Test #1235: EvalRequestMappingTable.EveryShapeThatNamesADerivativeAlsoNamesItsValues
  Test #1236: EvalRequestMappingTable.TheFullKktShapeSubsumesEveryOtherMappedShape
  Test #1237: EvalRequestMappingTable.ExactlyTheMappedSetsAreLegal
  Test #1238: EvalRequestMappingTable.AnUnmappedCombinationIsRefusedByName
  Test #1239: EvalRequestMappingTable.TheEmptyRequestIsNotLegal
  Test #1240: EvalRequestMappingTable.ShapeNineIsLegalAndConsumesMultipliers
  Test #1241: EvalRequestMappingTable.ShapeTenIsLegalAndDoesNotConsumeMultipliers
  Test #1242: EvalRequestMappingTable.ShapeElevenIsLegalAndDoesNotConsumeMultipliers
  Test #1243: EvalRequestMappingTable.TheThreeSqpOwnedSetsAreMutuallyDistinct
  Test #1244: IdentityProbeTest.EqualHalvesCompareEqual
  Test #1245: IdentityProbeTest.SameDigestUnderADifferentEpochIsNotTheSameProbe
  Test #1246: IdentityProbeTest.SameEpochWithADifferentDigestIsNotTheSameProbe
  Test #1247: IdentityProbeTest.DefaultsToNothingLaidAndNoValues
  Test #1248: CandidateValueDigestTest.SameValuesHashEqual
  Test #1249: CandidateValueDigestTest.ADifferentObjectiveMovesTheDigest
  Test #1250: CandidateValueDigestTest.ADifferentResidualMovesTheDigest
  Test #1251: CandidateValueDigestTest.TheBlockSplitIsPartOfTheStream
  Test #1252: CandidateValueDigestTest.TheDigestIsBitwiseNotNumeric
  Test #1253: AggregateProbeContract.TheProbeCarriesTheCurrentStructureEpoch
  Test #1254: AggregateProbeContract.TheProbeIsAValuesEvaluationPlusAHash
  Test #1255: AggregateProbeContract.ADifferentPointMovesTheValueHalf
  Test #1256: ModelStructureKeyTest.EqualFieldsCompareEqual
  Test #1257: ModelStructureKeyTest.DefaultsToAKeyOfNothing
  Test #1258: ModelStructureKeyTest.PartitionCountIsAConjunct
  Test #1259: ModelStructureKeyTest.ClaimDigestIsAConjunct
  Test #1260: ModelStructureKeyTest.BoundDigestIsAConjunct
  Test #1261: ModelStructureKeyTest.DigestIsStableAcrossCalls
  Test #1262: ModelStructureKeyTest.TheFoldedDigestIsNotAnyOneConjunct
  Test #1263: ClaimStreamDigest.OrderIsSignificant
  Test #1264: ClaimStreamDigest.DistinctClaimsHashDistinctly
  Test #1265: ClaimStreamDigest.TheSameStreamHashesEqual
  Test #1266: ClaimStreamDigest.TheDimensionPreambleIsPartOfTheStream
  Test #1267: ClaimStreamDigest.EachDimensionOfThePreambleIsAConjunct
  Test #1268: ClaimStreamDigest.AnEmptyStreamStillCarriesItsDimensions
  Test #1269: ClaimStreamDigest.RejectsAHalfClaimStream
  Test #1270: BoundStructureDigest.IsTakenOverTheMaterializedStructure
  Test #1271: BoundStructureDigest.AnIntersectionThatFixesAVariableRekeys
  Test #1272: BoundStructureDigest.AValueNudgeWithinOneStructureDoesNotRekey
  Test #1273: BoundStructureDigest.AnIntersectionThatMakesASideFiniteRekeys
  Test #1274: BoundStructureDigest.TwoHistoriesWithTheSameIntersectionKeyTheSame
  Test #1275: BoundStructureDigest.WhichVariableIsBoundedIsPartOfTheStructure
  Test #1276: BoundStructureDigest.ThePerVariableRecordCarriesSideAndFixedness
  Test #1277: BoundStructureDigest.OrderIsSignificant
  Test #1278: ModelSurfaceKkt.KnownKktPointIsNearUlpZero
  Test #1279: ModelSurfaceKkt.DeclaredFixedVariableGarbageRowIsExcluded
  Test #1280: ModelSurfaceKkt.PerturbedPointResidualsMove
  Test #1281: ModelSurfaceKkt.RunsAgainstBareNlpModelAggregateWithNoEngineInTheLink
  Test #1282: ModelSurfaceKkt.MismatchedZSizeThrows
  Test #1283: ModelSurfaceKkt.ANanGradientRowScoresInfiniteRatherThanPerfect
  Test #1284: ModelSurfaceKkt.ANanInACallerSuppliedBlockScoresInfinite
  Test #1285: ModelSurfaceKkt.AnInfiniteBoundIsNotPoison
  Test #1286: NlpModelAggregateDeclaration.CarriesTheModelsDimensionsAndOnePartition
  Test #1287: NlpModelAggregateDeclaration.RecordsOneBoundRecordPerVariableVerbatim
  Test #1288: NlpModelAggregateDeclaration.CarriesNoEnginePieces
  Test #1289: NlpModelAggregateDeclaration.PassesTheContractsOwnValidation
  Test #1290: NlpModelAggregateDeclaration.RefusesANullModel
  Test #1291: NlpModelAggregateClaims.SplitsTheModelsReturnsIntoThreeBlocks
  Test #1292: NlpModelAggregateClaims.NamesTheUpperTriangleAndTheOffsetConstraintRows
  Test #1293: NlpModelAggregateClaims.ArenasAreClaimedWholeInRowOrder
  Test #1294: NlpModelAggregateClaims.LayoutIsDeterministicAcrossSeparateBridges
  Test #1295: NlpModelAggregateKey.IsTheThreeConjunctsAtOnePartition
  Test #1296: NlpModelAggregateKey.DiffersFromAModelWithDifferentBoundStructure
  Test #1297: NlpModelAggregateEpoch.TheFirstLayIsAStructuralEvent
  Test #1298: NlpModelAggregateEpoch.ARenegotiationBumpsEvenAtTheCountAlreadyInForce
  Test #1299: NlpModelAggregateEpoch.EvaluationDoesNotBump
  Test #1300: NlpModelAggregateEpoch.ARefusedPartitionRequestNeitherLaysNorBumps
  Test #1301: NlpModelAggregateEpoch.AFailedLayLeavesTheStructuresOnHandUntouched
  Test #1302: NlpModelAggregatePartitions.CapsEveryPositiveRequestToOne
  Test #1303: NlpModelAggregateThreads.ReportsOneAndRefusesANonPositiveRequest
  Test #1304: NlpModelAggregateCapabilities.DeclaresTheValuesFastPathAndNothingElse
  Test #1305: NlpModelAggregateCapabilities.BindsNoKktDestination
  Test #1306: NlpModelAggregateValuesPath.ReachesEvalValuesAndNoDerivativeEvaluator
  Test #1307: NlpModelAggregateValuesPath.TheProbeIsTheValuesPathPlusAHash
  Test #1308: NlpModelAggregateValuesPath.ReportsTheModelsValuesScaledByThePointsScale
  Test #1309: NlpModelAggregateValuesPath.TwiceAtOnePointAssignsRatherThanDoubles
  Test #1310: NlpModelAggregateFirstOrder.TwiceAtOnePointAssignsRatherThanDoubles
  Test #1311: NlpModelAggregateFirstOrder.ComposesTheAdjointGradientFromBothJacobians
  Test #1312: NlpModelAggregateEvaluatorSets.ObjectiveOnlyRunsEvalFAlone
  Test #1313: NlpModelAggregateEvaluatorSets.ObjectiveAndConstraintsRunsEvalValuesAlone
  Test #1314: NlpModelAggregateEvaluatorSets.ObjectiveGradientAndConstraintsAddsEvalGrad
  Test #1315: NlpModelAggregateEvaluatorSets.FirstOrderRhsAddsBothJacobiansAndNoHessian
  Test #1316: NlpModelAggregateEvaluatorSets.ConstraintResidualsAndJacobianSkipsTheObjectiveEvaluators
  Test #1317: NlpModelAggregateEvaluatorSets.FirstOrderKktRunsTheSameSetAsTheFirstOrderRhs
  Test #1318: NlpModelAggregateEvaluatorSets.ConstraintKktAddsTheHessianAndStillNoObjective
  Test #1319: NlpModelAggregateEvaluatorSets.FullKktRunsEveryEvaluatorExactlyOnce
  Test #1320: NlpModelAggregateEvaluatorSets.LagrangianHessianRunsEvalHessAloneAndNothingElse
  Test #1321: NlpModelAggregateEvaluatorSets.GradientAndJacobiansRunsGradPlusBothJacobiansAndNoValues
  Test #1322: NlpModelAggregateEvaluatorSets.ConstraintJacobiansOnlyRunsBothJacobiansAloneAndNoGradient
  Test #1323: NlpModelAggregateEvaluatorSets.AConstantConstraintBlockStillReachesItsJacobianEvaluator
  Test #1324: NlpModelAggregateEvaluatorSets.TheConstraintOnlyKktAsksForTheHessianAtZeroObjectiveScale
  Test #1325: NlpModelAggregateEvaluatorSets.TheFullKktAsksForTheHessianAtThePointsObjectiveScale
  Test #1326: NlpModelAggregateEquivalence.FullKktOnAModelWithBothConstraintKinds
  Test #1327: NlpModelAggregateEquivalence.FullKktOnAnInequalityOnlyModelAtANonUnitScale
  Test #1328: NlpModelAggregateEquivalence.FullKktOnAnEqualityOnlyModel
  Test #1329: NlpModelAggregateEquivalence.ConstraintKktAssemblesTheAdjointHessianAlone
  Test #1330: NlpModelAggregateEquivalence.ConstraintResidualsAndJacobianWritesNoHessianSlot
  Test #1331: NlpModelAggregateEquivalence.LagrangianHessianAloneMatchesEvalHessComposedLagrangian
  Test #1332: NlpModelAggregateEquivalence.GradientAndJacobiansFillsTheGradientArenaAndBothJacobianClaims
  Test #1333: NlpModelAggregateEquivalence.ConstraintJacobiansOnlyFillsTheJacobianClaimsAndLeavesTheGradientArenaUntouched
  Test #1334: NlpModelAggregateEquivalence.ClaimsLandWhereTheTableSendsThemUnderEitherOrder
  Test #1335: NlpModelAggregateEquivalence.AssembleAccumulatesRatherThanAssigns
  Test #1336: NlpModelAggregateBoundary.RefusesAGradientArenaSizedOtherThanTheLaidWidth
  Test #1337: NlpModelAggregateBoundary.RefusesAKktTableThatDoesNotCoverTheClaimStream
  Test #1338: NlpModelAggregateBoundary.RefusesAModelWhoseSparsityPatternCollapses
  Test #1339: NlpModelAggregateBoundary.RefusesAReturnWhosePatternMovesAtTheSameCount
  Test #1340: NlpModelAggregateBoundary.RefusesAReturnThatPresentsItsElementsInAnotherOrder
  Test #1341: NlpModelAggregateBoundary.RefusesAModelWhoseSparseBlockIsNotTheShapeItDeclares
  Test #1342: NlpModelAggregateBoundary.RefusesADimensionThatChangesAfterTheClaimPass
  Test #1343: NlpModelAggregateBoundary.RefusesASparsityPatternThatGrowsAfterTheClaimPass
  Test #1344: NlpModelAggregateBoundary.RefusesAHessianEntryBelowTheDiagonal
  Test #1345: NlpModelAggregateBoundary.RefusesADeclarationWhoseBoundsIntersectToNothing
  Test #1346: StructureEpochType.DefaultsToNothingLaidYet
  Test #1347: StructureEpochType.ComparesByValueOnly
  Test #1348: StructureEpochCounterTest.StartsBeforeTheFirstLayout
  Test #1349: StructureEpochCounterTest.FirstBumpLandsOnOne
  Test #1350: StructureEpochCounterTest.BumpIsMonotoneAcrossManyCalls
  Test #1351: StructureEpochCounterTest.CurrentDoesNotAdvanceTheCounter
  Test #1352: StructureEpochCounterTest.StructuresPublishedBeforeABumpAreVisibleAfterIt
  Test #1353: StructureEpochCounterTest.ConcurrentReadsNeverObserveARegression
  Test #1354: AggregateEpochContract.TheFirstLayoutLeavesTheNothingLaidYetValue
  Test #1355: AggregateEpochContract.ARelayIsVisibleBeforeAnyEvaluationOfTheNewStructures
  Test #1356: AggregateEpochContract.PartitionRenegotiationBumpsEvenWithUnchangedClaims
  Test #1357: AggregateEpochContract.NegotiationReportsTheAdoptedCountNotTheRequest
  Test #1358: AggregateEpochContract.ANonPositiveNegotiationIsRefusedNotCorrected
  Test #1359: AggregateEpochContract.ARejectedReconfigurationBumpsTheEpoch
  Test #1360: AggregateEpochContract.RestoredStructuresAreVisibleUnderTheNewEpoch
  Test #1361: AggregateEpochContract.ARematerializationFlippingFixednessBumpsTheEpoch
  Test #1362: AggregateEpochContract.ARematerializationInsideOneStructureStillBumpsButDoesNotRekey
  Test #1363: AggregateEpochContract.EveryStructuralEventAdvancesTheEpochOnceMore
  Test #1364: ActivityTelemetry.TheFirstMajorCountsAgainstTheEmptySet
  Test #1365: ActivityTelemetry.OneRowEntersAndOneBoundSideLeavesReadsTwo
  Test #1366: ActivityTelemetry.ASideThatSwapsLowerForUpperCountsOnce
  Test #1367: ActivityTelemetry.AFixedVariableIsBothSidesAndItsArrivalCountsOnce
  Test #1368: ActivityTelemetry.AnUnchangedSetReadsZero
  Test #1369: ActivityTelemetry.WeakActivityIsRelativeToTheLargestPriceAndInclusiveAtTheMargin
  Test #1370: ActivityTelemetry.NearActivityReadsTheNonnegativeSlackAndItsOwnScale
  Test #1371: ActivityTelemetry.AnInconsistentQpProblemIsRefusedAtTheBoundary
  Test #1372: ActivityTelemetry.AMismatchedExportContributesZeroToItsOwnHalfOnly
  Test #1373: ActivityTelemetry.NearActiveRowsIsNonVacuousOnAControlledSlack
  Test #1374: ActivityTelemetry.WeakActiveRowsIsNonVacuousOnAControlledPrice
  Test #1375: ActivityTelemetry.EveryFieldIsZeroOnABoundOnlyQpNlpWithNoActiveBound
  Test #1376: ActivityTelemetry.TheCensusEqualsAHandCountOnHs35sActiveRow
  Test #1377: ActivityTelemetry.TheCensusEqualsAHandCountOnHs45sVertex
  Test #1378: ActivityTelemetry.ARowWithNoAnswerOfItsOwnReportsZeroAndCarriesTheSetForward
  Test #1379: ActivityTelemetry.TheFourFoldsAreTheRowsOwnSumAndPeaks
  Test #1380: ActivityTelemetry.TheTieFixtureIsFlaggedByBothReadingsForDifferentReasons
  Test #1381: AggregateEvalSeamIdentity.EvalNlpReproducesTheFreeFunction
  Test #1382: AggregateEvalSeamIdentity.EvalNlpValuesReproducesTheFreeFunction
  Test #1383: AggregateEvalSeamIdentity.RefreshDerivativesReproducesUpgradeToFull
  Test #1384: AggregateEvalSeamIdentity.JacobiansOnlyReproducesTheProbeFetch
  Test #1385: AggregateEvalSeamIdentity.BuildSubproblemReproducesTheFreeFunction
  Test #1386: AggregateEvalSeamIdentity.LaysTheDeclarationsDimensionsAndBounds
  Test #1387: AggregateEvalSeamIdentity.PublishesCompressedJacobiansWhereAModelReturnMayNotBe
  Test #1388: AggregateEvalSeamFalsification.ASwappedLocationBreaksTheHessianComparison
  Test #1389: AggregateEvalSeamEpoch.ARenegotiationForcesARelayAndTheOutputsStillAgree
  Test #1390: AggregateEvalSeamEpoch.ARelayPicksUpAClaimStreamThatActuallyChanged
  Test #1391: AggregateEvalSeamEpoch.AStaleEpochOverBrokenStructuresHealsAtTheNextMoment
  Test #1392: AggregateEvalSeamArena.ConsecutiveEvaluationsDoNotAccumulate
  Test #1393: AggregateEvalSeamBoundary.TwoClaimsOnOneCoordinateInADomainAreRefusedByName
  Test #1394: AggregateEvalSeamBoundary.AProviderThatClaimsNothingLaysAndPublishesEmptyBlocks
  Test #1395: AggregateEvalSeamBoundary.OverlappingClaimBlocksAreRefused
  Test #1396: AggregateEvalSeamBoundary.ClaimBlocksInAnyOrderAreServedFromTheirOwnStarts
  Test #1397: AggregateEvalSeamBoundary.AnEmptyBlockNeedNotCarryTheCursorButANonEmptyOneStillMust
  Test #1398: AggregateEvalSeamBoundary.BlockMetadataNearTheTopOfTheTypeIsRefusedRatherThanWrapped
  Test #1399: AggregateEvalSeamBoundary.AGradientRowPastItsArenaIsRefusedWhereTheTableIsBound
  Test #1400: AggregateEvalSeamBoundary.ABundleTakenBeforeARowCountChangeIsRefused
  Test #1401: SqpDriverEntryEquivalence.ColdArmAgreesOnF1AndF3n50
  Test #1402: SqpDriverEntryEquivalence.WarmArmAgreesOnF1AndF3n50
  Test #1403: B1Gate.TheMinimalModelMovesNoGatedQuantityWithP
  Test #1404: B1Gate.MinimalReleaseNoLongerCertifiesTheOldPoint
  Test #1405: B1Gate.AFullyReleasedRowExitsWithAnExactlyZeroPrice
  Test #1406: B1Gate.ReviewSphereAgreesWithItsAnalyticPathAtEveryStepSize
  Test #1407: B1Gate.ReviewSphereContinuationSweepTracksTheTruePath
  Test #1408: B1Gate.F6RelaxingStepsNoLongerFreezeTheObjective
  Test #1409: B1Gate.F6TighteningStepWasNeverExposedAndIsUnchanged
  Test #1410: B1Gate.TransferProducedWarmStartIsSeededAndTheB1ClearCarriesToIt
  Test #1411: B1Gate.EqualityOnlyWarmSolvesAreBitIdenticalAcrossTheRepair
  Test #1412: B1Gate.AZeroMajorWarmSolveWithALiveInequalityPriceStillCertifies
  Test #1413: B1Gate.TheActivityBoundaryIsFeasTolOnBothSides
  Test #1414: B1Gate.SeededIngestCarriesTheB1Repair
  Test #1415: B1Gate.ASeededZeroMajorSolveWithALiveInequalityPriceStillCertifies
  Test #1416: B1Gate.AScaledStalePriceIsRefusedAtIngest
  Test #1417: B1Gate.TheReportedScaleIsRefusedEvenThoughTheSolveThenRunsOut
  Test #1418: B1Gate.TheScaledStalePriceIsRefusedAtWarmToo
  Test #1419: B1Gate.TheComplementarityGateBoundaryIsKktTolOnBothSides
  Test #1420: B1Gate.TheWatchdogRestoreCarriesTheComplementarityGateWithTheMultipliers
  Test #1421: B1Gate.MinimalReleaseNoLongerCertifiesTheOldPointUnderKSsn
  Test #1422: B1Gate.AFullyReleasedRowExitsWithAnExactlyZeroPriceUnderKSsn
  Test #1423: B1Gate.AScaledStalePriceIsRefusedAtIngestUnderKSsn
  Test #1424: B1Gate.KSsnMatchesTheWalksComplementarityOnceTheFaceIsRefined
  Test #1425: B1Gate.ReviewSphereIsRepairedUnderKSsnToo
  Test #1426: BenchDump.OpenOutputThrowsWithFlagPathAndUsageFoldedIn
  Test #1427: BenchDump.OpenOutputReturnsAWritableStreamOnAGoodPath
  Test #1428: BenchDump.HeaderCarriesEveryKeyTheBridgeReads
  Test #1429: BenchDump.BodyIsOneComponentPerLineAndRoundTripsExactly
  Test #1430: BenchQpDumpV2.EveryBlockRoundTripsBitExactly
  Test #1431: BenchQpDumpV2.ATruncatedDumpIsRefusedRatherThanReadAsValid
  Test #1432: BenchQpDumpV2.AWrongVersionBannerIsRefused
  Test #1433: BenchQpDumpV2.ACountThatDisagreesWithItsBlockIsRefused
  Test #1434: BenchQpDumpV2.AFractionalCoordinateIsRefusedRatherThanTruncated
  Test #1435: BenchQpDumpV2.ATrailingTripletTokenIsRefused
  Test #1436: BenchQpDumpV2.ADualBlockWidthThatContradictsTheHeaderIsRefused
  Test #1437: BenchQpDumpV2.AnOutOfRangeTripletIsRefused
  Test #1438: BorderOps.AddIneqRowMatchesDirect
  Test #1439: BorderOps.DeleteK0RowMatchesDirect
  Test #1440: BorderOps.DeleteK0RowRejectsEqualityRow
  Test #1441: BorderOps.DeleteK0RowRejectsOutOfRange
  Test #1442: BorderOps.PinVariableMatchesEliminated
  Test #1443: BorderOps.AddThenDropRoundTrip
  Test #1444: BorderOps.ComposedDeleteAndAddBorders
  Test #1445: Continuation.SweepF1CrossesActivationsWarm
  Test #1446: Continuation.AdaptiveDpGrowsAndShrinks
  Test #1447: Continuation.PredictorOffCostsMore
  Test #1448: Continuation.TwoParameterSweepFollowsTheDirection
  Test #1449: Continuation.DegradedPredictionsAreCountedNotHidden
  Test #1450: Continuation.ShrinkRetriesFromTheLastGoodWarm
  Test #1451: Continuation.BudgetExhaustionContinuesAtTheSameParameter
  Test #1452: Continuation.NearEndpointFailureDoesNotRepeatTheSameProposal
  Test #1453: Continuation.BudgetContinuationCapDemotesToAShrink
  Test #1454: Continuation.ZeroLengthSweepIsJustTheColdSolve
  Test #1455: Continuation.SubnormalSegmentIsRefusedRatherThanCalledZeroLength
  Test #1456: Continuation.FailingInitialPointIsCountedAsAFailedAttempt
  Test #1457: Continuation.ColdStepFollowsTheSameBudgetRule
  Test #1458: Continuation.ProbeBudgetBoundsAFailingProposal
  Test #1459: Continuation.HealthySweepIsBitIdenticalUnderTheProbeBudget
  Test #1460: Continuation.GrowthSuspensionSkipsTheStepAfterAFailure
  Test #1461: Continuation.RejectsMismatchedDimensions
  Test #1462: Continuation.FailedRunReturnsRatherThanThrows
  Test #1463: CorpusCells.AllIdsAreUnique
  Test #1464: CorpusCells.CensusSizeIsTheDocumentedFiftySeven
  Test #1465: CorpusCells.BuildAllCellsIsIdempotentAndDoesNotGrowTheIdPool
  Test #1466: CorpusCells.MainGridHasEveryNWindowTaxonomyCombination
  Test #1467: CorpusCells.DegenerateCellsAreExactlyTheNamedTenCitizens
  Test #1468: CorpusCells.HealthyControlsFlankTheFrozenCell
  Test #1469: CorpusCells.ActivityOnlyAndFullWarmCellsHaveAProducer
  Test #1470: CorpusCells.NonHoppingTaxonomiesCarryP0EqualToP
  Test #1471: CorpusCells.InteriorBaselineRescoresOffline
  Test #1472: CorpusCells.TheWarmRowsShowThePayloadAndTheSeedReachedTheSolve
  Test #1473: CorpusCells.TheTwoPartitionRowsMatchTheirOnePartitionRows
  Test #1474: CorpusCells.TheThreeTreatmentsAgreeOnTheDeclaredDiagnostics
  Test #1475: CorpusCells.TheMultiPhaseRowsCarryAPerPhaseAccountThatSums
  Test #1476: CorpusCells.InteriorArtifactCheckRejectsAnIncompleteArtifact
  Test #1477: CorpusCells.InteriorArtifactCheckRejectsDuplicateAndMalformedRows
  Test #1478: CorpusCells.TheSingleRowInteriorModeProducesTheLegsOwnRow
  Test #1479: CorpusCellsRunner.UnknownEngineNameThrows
  Test #1480: CorpusCellsRunner.EngineSsnSelectsTheSemismoothKernelAndNothingElse
  Test #1481: CorpusCellsRunner.ModelSurfaceCensusHookDefaultsOff
  Test #1482: CorpusCellsRunner.ModelSurfaceCensusHookAgreesWithRecordedResidualsWhenOn
  Test #1483: CorpusCellsRunner.SsnEngineIsDeterministicOnEveryTaxonomy
  Test #1484: CorpusCellsRunner.TheRefinementsOwnFactorizationCountIsBoundedByItsAttempts
  Test #1485: CorpusCellsRunner.AnEscapeIsReportedFromTheDriversOwnCounterAndDragsTheWalkInWithIt
  Test #1486: CorpusCellsRunner.TheKktCheckRecordsTheRowsOwnScaleDenominators
  Test #1487: CorpusCellsRunner.EveryRowCarriesAModelLevelKktCheckUnderBothEngines
  Test #1488: CorpusCellsRunner.BothKernelsAgreeOnTheANSWEREvenWhereTheyDisagreeOnTheCOST
  Test #1489: CorpusCellsRunner.WalkEngineIsDeterministic
  Test #1490: CorpusCellsRunner.WalkEngineNeverReportsAnEscape
  Test #1491: CorpusCellsRunner.PerQpFactorizationsMatchTheIterateHistoryExactly
  Test #1492: CorpusCellsRunner.SetupCompleteFiresExactlyOncePerCell
  Test #1493: CorpusCellsRunner.ActivityOnlyStartsOffTheOptimumAndCarriesAnExactActivityHint
  Test #1494: CorpusCellsRunner.ActivityOnlyResolvesInFarLessWorkThanItsMatchedPhysicsControl
  Test #1495: CorpusCellsRunner.FullWarmProducerBeatsNeutralColdOnMinors
  Test #1496: CorpusCellsRunner.CorruptedProducerStillResolvesWarmAndConverges
  Test #1497: CorpusCellsRunner.KktResidualSentinelOnEmptyHistory
  Test #1498: CorpusCellsRunner.FirstQpForCellMatchesBuildSubproblemOnNeutralCold
  Test #1499: CorpusCellsRunner.FirstQpForCellUsesTheWarmHandoffsOwnDualsOnFullWarm
  Test #1500: CorpusCellsRunner.FirstQpForCellFiresSetupCompleteExactlyOnceOnEveryTaxonomy
  Test #1501: CorpusCellsRunner.FirstQpForCellUnrecognisedTaxonomyThrows
  Test #1502: CorpusCellsRunner.MinorBudgetConstantIsFiftyThousand
  Test #1503: CorpusCellsRunner.BudgetedSolveMatchesAnExplicitDriverCallAtTheSameBudget
  Test #1504: CorpusCellsRunner.BudgetedSolveTruncatesIntoADnfRowRatherThanHanging
  Test #1505: CorpusBudget.EveryReferenceCellGetsAtLeastThreeTimesItsCommittedRuntime
  Test #1506: CorpusBudget.TheLadderIsMonotoneInNx
  Test #1507: CorpusBudget.TheLadderMatchesItsDocumentedTiersExactly
  Test #1508: CorpusBudget.WallBudgetForCellUsesFiveTimesNodeCountAsNx
  Test #1509: CorpusBudget.BudgetTableHashPinsTheCommittedTable
  Test #1510: CorpusRunnerProcess.WallDeadlineEmitsADnfBudgetRowWhenTheSOLVEPhaseIsForcedTiny
  Test #1511: CorpusRunnerProcess.WallDeadlineEmitsADnfSetupRowWhenTheSETUPPhaseIsForcedTiny
  Test #1512: CorpusRunnerProcess.WallDeadlineDoesNotFireAtTheRealBudgetOnAFastCell
  Test #1513: CorpusRunnerProcess.EveryCsvCarriesAProvenanceHeader
  Test #1514: CorpusRunnerProcess.AForcedTestBudgetIsStampedIntoTheProvenanceHeader
  Test #1515: CorpusRunnerProcess.ScoreModelSurfaceWritesTheCensusArtifactAndLeavesTheMainCsvUnchanged
  Test #1516: CorpusRunnerProcess.ScoreGatesRunsEndToEndOnRealCells
  Test #1517: CorpusRunnerProcess.FromCsvRoundTripsAnArtifactAndOrdersItByCensus
  Test #1518: CorpusRunnerProcess.FromCsvRejectsAnInternallyInconsistentRow
  Test #1519: CorpusRunnerProcess.FromCsvRejectsARowWhoseStoredKktVerdictContradictsItsOwnResiduals
  Test #1520: CorpusRunnerProcess.FromCsvAcceptsBothSchemasAndCallsAnAbsentCensusAbsent
  Test #1521: CorpusRunnerProcess.FromCsvRefusesAWidthThatIsNoKnownSchema
  Test #1522: CorpusRunnerProcess.FromCsvRejectsACensusThatDoesNotPartitionTheEscapeCount
  Test #1523: CorpusRunnerProcess.TheSsnArmGoesThroughTheSameWallDeadlineAsTheWalkArm
  Test #1524: CorpusRunnerProcess.AnEngineThatTHROWSBecomesAScoredRowNotALostCell
  Test #1525: CorpusRunnerProcess.AnEngineErrorRowRoundTripsThroughFromCsvAndIsStillChargedWorstCase
  Test #1526: CorpusRunnerProcess.ASignalKilledChildIsAHardErrorAndNeverAMeasurement
  Test #1527: CorpusRunnerProcess.TheProxCarryLeverReachesTheSOLVEAndNotJustTheHeader
  Test #1528: CorpusRunnerProcess.TheProxCarryLeverIsStampedIntoTheProvenanceHeader
  Test #1529: CorpusRunnerProcess.FromCsvRefusesToBeCombinedWithARunRequest
  Test #1530: CorpusRunnerProcess.FromCsvRefusesToBeCombinedWithScoreModelSurface
  Test #1531: CorpusRunnerProcess.DumpQpWritesAParseableTripletFileMatchingTheCellsFirstQp
  Test #1532: CorpusRunnerProcess.DumpQpRejectsAnUnknownCellId
  Test #1533: CorpusRunnerProcess.DumpQpRequiresDumpQpOut
  Test #1534: CorpusRunnerProcess.DumpQpCannotBeCombinedWithARunRequest
  Test #1535: CorpusResidualGate.AcceptsEveryRecordedSpreadAndRefusesARealMove
  Test #1536: CorpusGates.MedianAndP95AreNearestRankOnASmallVector
  Test #1537: CorpusGates.PercentileAtQuantileZeroDoesNotUnderflow
  Test #1538: CorpusGates.G1G2PassAtTheExactThreshold
  Test #1539: CorpusGates.G2PassesAtExactlyTwentyFive
  Test #1540: CorpusGates.G1FailsOneOverTheThreshold
  Test #1541: CorpusGates.G2FailsOneOverTheThreshold
  Test #1542: CorpusGates.G3GrowthIsMedianOfPairedDeltasAndPassesAtZeroOrNegative
  Test #1543: CorpusGates.G3FailsOnPositiveMedianGrowth
  Test #1544: CorpusGates.G3PassesAtExactlyZeroGrowth
  Test #1545: CorpusGates.G4RateIsANumeratorOverADenominator
  Test #1546: CorpusGates.G4FailsAtOrAboveTwoPercent
  Test #1547: CorpusGates.EmptyInputsAreVacuouslyClean
  Test #1548: CorpusGatePopulation.G1G2ReadPathInterfaceWarmAndActivityCellsOnly
  Test #1549: CorpusGatePopulation.G1G2PoolPerQpValuesAndIgnoreOutOfPopulationRows
  Test #1550: CorpusGatePopulation.ADnfIsScoredAsTheWorstCaseNotSkipped
  Test #1551: CorpusGatePopulation.BothDnfPhasesScoreIdentically
  Test #1552: CorpusGatePopulation.ATimingOutEngineNeverOutscoresAFinishingOne
  Test #1553: CorpusGatePopulation.G3PairsMatchOnWindowAndTaxonomyAcrossTheTwoMeshes
  Test #1554: CorpusGatePopulation.G3ExcludesEmptyWindowPairsNoEngineCanFail
  Test #1555: CorpusGatePopulation.G3TreatsADnfOnEitherSideAsGrowth
  Test #1556: CorpusGatePopulation.G4CountsEscapesPerQpSubproblemNotPerRow
  Test #1557: CorpusGatePopulation.G4ExcludesDegenerateCellsAndChargesADnfAsAllEscaping
  Test #1558: CorpusGatePopulation.AWrongAnswerRowIsChargedTheWorstCaseExactlyAsADnfIs
  Test #1559: CorpusGatePopulation.AWrongAnsweringEngineNeverOutscoresACorrectOne
  Test #1560: CorpusGatePopulation.G1G2ReportBothKCorruptedReadingsFromTheSameRows
  Test #1561: CorpusKktGate.AClaimedOptimumWithACleanQuadrupleIsOk
  Test #1562: CorpusKktGate.EachOfTheThreeGatedQuantitiesCanFailOnItsOwn
  Test #1563: CorpusKktGate.DualSignIsMeasuredAndReportedButIsNOTGATED
  Test #1564: CorpusKktGate.TheThresholdIsRELATIVEToTheRowsOwnScale
  Test #1565: CorpusKktGate.OnlyRowsThatCLAIMOptimalAreJudged
  Test #1566: CorpusBaseline.TheCommittedIpmBaselinePinsTheTwoWarmRestartAcceptanceRows
  Test #1567: CorpusBaseline.TheCommittedWalkBaselineScoresToItsDocumentedVerdict
  Test #1568: CorpusBaseline.TheCommittedSsnBatteryScoresToItsDocumentedVerdict
  Test #1569: CorpusBaseline.TheReSweptWalkArmIsCounterIdenticalToTheFrozenPreU0Baseline
  Test #1570: CorpusBaseline.TheWalkArmCarriesNoNegativeMultiplierAnywhere
  Test #1571: CorpusBaseline.TheCommittedWalkBaselineCarriesTheCommittedBudgetTableHash
  Test #1572: CorpusTask6bRepair.TheWalkArmIsCounterIdenticalAcrossTheD0Repair
  Test #1573: CorpusTask6bRepair.TheKSsnArmMovesTheFourCrashingCellsAndNothingElse
  Test #1574: CorpusTask6bRepair.ThePostRepairArtifactsCarryTheCensusAndRescoreCleanly
  Test #1575: CorpusTask6bPhaseB.TheShippedKSsnConfigurationIsUnmovedByTheFourLevers
  Test #1576: CrossoverAdapter.StatesTheSameProblemAsTheModelItWraps
  Test #1577: CrossoverAdapter.RefusesAModelWhosePatternMoves
  Test #1578: CrossoverAdapter.TwoLaidPartitionsSolveTheSameProblemAsOne
  Test #1579: CrossoverLegs.BothEnginesKeyOneDeclarationTheSameWay
  Test #1580: CrossoverLegs.TheExportStagesIntoBothWarmLegs
  Test #1581: CrossoverLegs.TheDualBindPartitionIsTheOneTheArtifactDocuments
  Test #1582: CrossoverLegs.RunningANonDualBindingCellIsRefused
  Test #1583: CrossoverLegs.AKilledCellsAggregateRowReportsEachLegsOwnOutcome
  Test #1584: CrossoverLegs.ACellWithNoLegAtAllIsAbsentInEveryColumn
  Test #1585: CrossoverLegs.MarginsAreColdMinusWarmAndAbsentWhenUndefined
  Test #1586: DenseOracle.KnownSolution
  Test #1587: DenseOracle.EqualityOnly
  Test #1588: DenseOracle.EqualityPlusActiveInequality
  Test #1589: DenseOracle.EqualityPlusActiveBound
  Test #1590: DenseOracle.InfeasibleThrows
  Test #1591: DenseOracle.CombinatoricsGuardThrows
  Test #1592: QpProblem.ValidateRejectsLowerTriangleHEntries
  Test #1593: EqpRefinementAb.FootprintRuleProbe (Disabled)
  Test #1594: EqpRefinementAb.FullBattery (Disabled)
  Test #1595: EqpRefinementAb.SecondCeilingFixtureReproducesTheAdaptiveMuRuling
  Test #1596: EqpRefinementAb.EveryCellSolvesTheBorderReproProblem
  Test #1597: EqpSolve.MatchesOracleOnItsOptimalWorkingSet
  Test #1598: EqpSolve.MatchesOracleOnEqualityOnlyProblem
  Test #1599: EqpSolve.FixedVariableWithEqualityRefinementImprovesAccuracy
  Test #1600: FunnelConstants.MatchKlvTableOne
  Test #1601: FunnelConstants.LieInTheirStatedRanges
  Test #1602: FunnelConstants.TheoremOneContractionFactorIsInZeroOne
  Test #1603: FunnelInit.WidthIsMaxOfFloorAndScaledInitialViolation
  Test #1604: FunnelInit.CrossoverBetweenTheFloorAndTheScaledTerm
  Test #1605: FunnelInit.InitialPointIsStrictlyInsideItsOwnFunnel
  Test #1606: FunnelInit.JudgeBeforeResetThrows
  Test #1607: FunnelInit.RejectsAnUnusableInitialViolation
  Test #1608: FunnelHType.AcceptanceShrinksTheWidthByEquationThirteen
  Test #1609: FunnelHType.SufficientDecreaseBoundaryIsInclusive
  Test #1610: FunnelHType.KappaRoleIsUnobservableAtOneHalf
  Test #1611: FunnelHType.ObjectiveIsNotConsultedOnTheHTypePath
  Test #1612: FunnelFType.SwitchingPlusArmijoAcceptsAndLeavesTheWidthUntouched
  Test #1613: FunnelFType.ArmijoFailureRejectsWithoutFallingBackToTheHTypeBranch
  Test #1614: FunnelFType.SwitchingAndArmijoBoundariesAreInclusive
  Test #1615: FunnelFType.SwitchingConditionScalesWithTheSquareOfInfeasibility
  Test #1616: FunnelFType.SwitchingConditionReadsTheCurrentIterateNotTheTrial
  Test #1617: FunnelMembership.ViolationAboveTheWidthIsRejected
  Test #1618: FunnelMembership.OutranksAnOtherwisePerfectFTypeStep
  Test #1619: FunnelMembership.BoundaryIsInclusive
  Test #1620: FunnelRestore.InfeasibleStationarySignatureRequestsRestoration
  Test #1621: FunnelRestore.NearMissModelStillPredictsDecrease
  Test #1622: FunnelRestore.NearMissCurrentPointIsEssentiallyFeasible
  Test #1623: FunnelRestore.NearMissStepStillImprovesFeasibility
  Test #1624: FunnelRestore.HealthyOvershootIsRejectedNotRestored
  Test #1625: FunnelRestore.NearMissRadiusHasNotBeenShrunkYet
  Test #1626: FunnelRestore.NearMissTrialIsInsideTheFunnel
  Test #1627: FunnelInvariant.WidthIsMonotoneAndContractsOnlyOnHTypeAccepts
  Test #1628: FunnelInvariant.WidthIsMonotoneOverManyScriptedSequences
  Test #1629: FunnelInvariant.ResetClearsState
  Test #1630: FunnelInvariant.VerdictDoesNotDependOnTrActive
  Test #1631: FunnelInvariant.NonFiniteTrialIsRejected
  Test #1632: FunnelInvariant.DrivesThroughTheGlobalizationStrategyInterface
  Test #1633: FunnelResume.RebasesByEqThirteenAndNotByEqNine
  Test #1634: FunnelResume.WideningIsOnlyPossibleAboveTheCurrentWidth
  Test #1635: FunnelResume.RejectsGarbageAndUninitializedUse
  Test #1636: FunnelResume.DefaultImplementationIsAReset
  Test #1637: FunnelFullStep.AcceptsWhatTheFunnelWouldRejectWithoutMovingTheWidth
  Test #1638: FunnelFullStep.StillRejectsANonFiniteTrial
  Test #1639: FunnelFullStep.ResumeFromRestorationClearsTheModeAndRebases
  Test #1640: FunnelFullStep.ArmingBeforeResetThrows
  Test #1641: FunnelMeasure.IsTheL1ConstraintViolation
  Test #1642: FunnelMeasure.IsZeroAtAFeasiblePointAndOnEmptyBlocks
  Test #1643: FunnelMeasure.ReducesToTheL1NormWhenThereAreNoInequalities
  Test #1644: FunnelMeasure.PropagatesNonFiniteConstraintValues
  Test #1645: HsBattery.BorderMode
  Test #1646: HsBattery.RefactorizeMode
  Test #1647: HsBattery.ModeStatusDivergenceIsEmpty
  Test #1648: HsBattery.BorderModeFalseInfeasible
  Test #1649: HsBattery.RefinementStepCountersOnBorderRepro
  Test #1650: HsBattery.SocIsRareAndUnprofitableAcrossTheBattery
  Test #1651: HsBattery.EveryElasticActivationRunsTheRhoLadderToItsCeiling
  Test #1652: HsBattery.AdaptiveMuNeverSharesAMajorWithSocOrElastic
  Test #1653: HsBattery.FeasibleStartsEndFeasibleDespiteTheLooseFunnelWidth
  Test #1654: HsBattery.NoBatteryProblemEverCertifiesInfeasibility
  Test #1655: HsBattery.AggregateCostIsRecordedAndBounded
  Test #1656: HsBattery.CrashBasisIsANullResultOnTheBatteryWithTwoBoundSeededExceptions
  Test #1657: HsBattery.TableCoversEveryShippedProblem
  Test #1658: HsSweepModels.DerivativesAgreeWithFiniteDifferencesAtEveryParameterValue
  Test #1659: HsSweepModels.SparsityPatternIsIndependentOfBothXAndP
  Test #1660: HsSweepModels.AtPZeroTheWrapperIsThePublishedProblem
  Test #1661: HsSweepModels.MovingPMovesExactlyTheShiftedRowsAndTheTiltedObjective
  Test #1662: HsSweepModels.ParameterContractViolationsThrowWithTheirSizesInTheMessage
  Test #1663: HsSweepModels.Hs15BranchEndsAtAPointWhereLicqFails
  Test #1664: HsSweepCorpus.Corpus
  Test #1665: HsSweepRepair.WarmSolveOnAReleasedRowNoLongerCertifiesTheOldPoint
  Test #1666: IpqpAcceptanceA1.TheBoundArcRegimeHasNoJunctionToReadAndThePathInterfaceWindowHasTwo
  Test #1667: IpqpAcceptanceA1.TheWindowAtF7sOwnJunctionsIsRecoveredExactly
  Test #1668: IpqpAcceptanceA1.TwoBlocksOneAtEachJunctionAreRecoveredExactly
  Test #1669: IpqpAcceptanceA2.ARealMidSolveSubproblemRoundTripsTheDumpSeamAndAgreesWithTheWalk
  Test #1670: IpqpAcceptanceA3.BothSetsAndTheBoundMultiplierSignsAreRecoveredAtEveryMarginClass
  Test #1671: IpqpAcceptanceA5.AColdWideWindowSubproblemAtSizeIsSolvedInBudget
  Test #1672: IpqpAcceptanceA11.TheIndefiniteHsRowsSolveUnderKIpmAndCertifyHonestly
  Test #1673: IpqpAcceptanceA11.TheIndefiniteQpFamilyArmsTheLadderAndReachesTheFinalRead
  Test #1674: IpqpAcceptanceWarm.AWarmContinuationHopCostsFewerBarrierIterationsAndKillsNothing
  Test #1675: IpqpAcceptanceCensus.AnArmedRunIsNeverMistakenForAStallAcrossTheHsBattery
  Test #1676: IpqpAcceptanceCensus.TheNaturalStallIsChargedToASubproblemThatNeverArmedTheLadder
  Test #1677: IpqpAcceptanceA4.TheArmsTaxonomyIsE1sOwnTwentyNineCellsWithTheSweepScriptsSeeds
  Test #1678: IpqpAcceptanceA4.ATwoHundredNodeSmokeOfTheArmsMechanicsWhichIsNotTheGate
  Test #1679: IpqpAcceptanceA4.TheCommittedGateCsvScoresRedOnThreeOfFourAtTheShippedDefaults
  Test #1680: IpqpAcceptanceA4.TheGateAtTheMeasuredDefaultIsGreenButForOneNamedCell
  Test #1681: IpqpCertificationTest.ADowngradedCertificateReportsNumericalErrorAndNotANewQpStatus
  Test #1682: IpqpCertificationTest.TheFinalReadVerifiesDirectionsOffAWeaklyActiveBoundInsteadOfMasking
  Test #1683: IpqpCertificationTest.AHealthySolveNeverArmsTheEvidenceFailurePath
  Test #1684: IpqpCertificationTest.T4cKeptTightNonVacuity
  Test #1685: IpqpCertificationTest.T4cFGapBoundedByMuStop
  Test #1686: IpqpCertificationTest.FewerThanTwoAcceptedIteratesFallsBackToTheBandPath
  Test #1687: IpqpCertificationTest.AKilledWarmAttemptsHistoryNeverReachesTheColdRestartsRead
  Test #1688: IpqpCensusTest.EveryEscapeIncrementsExactlyOneCensusFieldAndIpqpEscapes
  Test #1689: IpqpCensusTest.ADeclinedSubproblemIsNotAnEscapeAndCensusesNothing
  Test #1690: IpqpA11Test.TheIndefiniteFamilyRidesNegativeCurvatureToABoundAndCertifiesHonestly
  Test #1691: IpqpA11Test.TheHSIndefiniteRowsConvergeAndReachTheRequiredFinalRead
  Test #1692: IpqpA11Test.TheFinalReadIsReachedOnAConstrainedIndefiniteKkt
  Test #1693: IpqpA11Test.TheConvexTwinOfTheFamilyCertifiesAndLeavesTheLadderInert
  Test #1694: IpqpLadderBandTest.TheSettledModificationSitsInsideAlgorithmICsOwnBand
  Test #1695: IpqpLadderTest.AFixedPointOfTheExecutedMapIsAPointTheGateCanSee
  Test #1696: IpqpLadderTest.ALongArmedWalkWithNoGateAdvanceStillConvergesInsideTheBudget
  Test #1697: IpqpLadderTest.AConvexSubproblemLeavesTheInertiaMachineryProvablyInert
  Test #1698: IpqpLadderTest.AnIndefiniteSubproblemArmsTheLadderAndWalksToTheBound
  Test #1699: IpqpLadderTest.TheICTrialIsRefusedAndTheReclimbIsCounted
  Test #1700: IpqpLadderTest.TheABSOLUTEFloorIsNeitherADecreaseNorAnythingElse
  Test #1701: IpqpLadderTest.TheIdentityHoldsOnALongConvexSolveThatNeverArmsTheLadder
  Test #1702: IpqpLadderTest.TheFinalReadCatchesASaddleTheLadderWouldOtherwiseCertify
  Test #1703: IpqpLadderTest.TheFinalReadDropsToTheSCHEDULEFLOORNotToWhereverTheScheduleStopped
  Test #1704: IpqpLadderTest.AnExhaustedLadderStopsAtTheCeilingExactlyAndReportsIndefinite
  Test #1705: IpqpStallTest.TheStallEscapeCarriesAllThreeConjunctValuesInOneEvidenceBlock
  Test #1706: IpqpStallTest.AHealthySolveNeverTripsConjunctThreeOnOneTinyAlphaStep
  Test #1707: IpqpInfeasibleSuspectTest.TheSignatureEscapesAsASUSPICIONAndNeverAsACertificate
  Test #1708: IpqpInfeasibleSuspectTest.TheFarkasGateArmsTheReportAndNeverWithdrawsIt
  Test #1709: IpqpInfeasibleSuspectTest.TheExhaustionRouteMeasuresGrowthPerStepAgainstTheStartPoint
  Test #1710: IpqpInfeasibleSuspectTest.AFeasibleSolveNeverRaisesTheSignature
  Test #1711: IpqpInfeasibleSuspectTest.TheEvidenceCarriesTheDualsOfTheLeastInfeasiblePointITSELF
  Test #1712: IpqpInfeasibleSuspectTest.TheEvidencesDualNormsAreRecordedAFTERTheRuizUnscale
  Test #1713: IpqpInfeasibleSuspectTest.TheCallerUnitPinSeesALambdaIRescaleOnANonAntisymmetricFixture
  Test #1714: IpqpEscapeLadderTest.ThreeConsecutiveEscapesRetireTheTierAtThatMajor
  Test #1715: IpqpEscapeLadderTest.AnySuccessResetsTheCountIncludingADowngradedOne
  Test #1716: IpqpEscapeLadderTest.ADeclineIsNeutralAndNeitherAdvancesNorResetsTheTally
  Test #1717: IpqpEscapeLadderTest.TheThresholdIsTheOptionAndIsValidatedAtTheBoundary
  Test #1718: IpqpEscapeLadderTest.TheLadderIsDrivenByRealTierOutcomesAndNotOnlyByHandBuiltOnes
  Test #1719: IpqpCounters.DefaultConstructedIsZeroInitialized
  Test #1720: IpqpCounters.SqpCountersCarriesAZeroInitializedIpqpFieldBesideSsn
  Test #1721: IpqpCounters.EscapeCensusHelperAcceptsAConsistentCensus
  Test #1722: IpqpCounters.EscapeCensusHelperAcceptsTheVacuousAllZeroCase
  Test #1723: IpqpCounters.EscapeCensusHelperCatchesAViolation
  Test #1724: AccumulateIpqpCounters.RhoDemandedMaxFoldsByMaxAcrossSubproblems
  Test #1725: AccumulateIpqpCounters.RestartShiftMaxFoldsByMaxAcrossSubproblems
  Test #1726: AccumulateIpqpCounters.TierRetiredAfterFoldsByMaxNotSumOrOverwrite
  Test #1727: AccumulateIpqpCounters.AlphaPMinFoldsByMinAcrossSubproblems
  Test #1728: AccumulateIpqpCounters.AlphaDMinFoldsByMinAcrossSubproblems
  Test #1729: AccumulateIpqpCounters.RhoDemandedLastIsOverwrittenByTheMostRecentSubproblem
  Test #1730: AccumulateIpqpCounters.FinalInertiaReadIsOverwrittenByTheMostRecentSubproblem
  Test #1731: AccumulateIpqpCounters.EveryOtherIndexFieldSumsAcrossSubproblems
  Test #1732: AccumulateIpqpCounters.TotalStartingFromANonzeroBaseFoldsCorrectly
  Test #1733: IpqpDispatch.EveryIpqpCounterIsStructurallyZeroAtKWalkAndKSsn
  Test #1734: IpqpDispatch.KIpmValidatesAndSolves
  Test #1735: IpqpDispatch.AZeroWidthEffectivePairDeclinesToTheWalkAndChargesNothing
  Test #1736: IpqpDispatch.TheRoutingTableIsExercisedAndItsIdentitiesHoldOnEverySolve
  Test #1737: IpqpDispatch.AnInfeasibleSuspectExitsEvidenceReachesTheW2Hook
  Test #1738: IpqpDispatch.AnEscapedSubproblemIsAnsweredByTheWalkAndItsCostIsStillCharged
  Test #1739: IpqpDispatch.RetirementStopsEveryLaterMajorFromConsultingTheTier
  Test #1740: IpqpDispatch.ASuccessfulSubproblemResetsTheConsecutiveEscapeTally
  Test #1741: IpqpDispatch.OneAnalysisPerSolveAndOneVerifyPerLaterTierEntry
  Test #1742: IpqpDispatch.EverySqpSolveAnalysesOnceOnItsOwnAccount
  Test #1743: IpqpDispatch.NoNegativeFacePriceEscapesUnderKIpmEither
  Test #1744: IpqpDispatch.TheSsnWarmGradeRouteIsReachableAndPricesOnlyRealBounds
  Test #1745: IpqpDispatch.ASaddleSuspectExitRoutesToTheSsnWarmGradeAndNotToTheWalk
  Test #1746: IpqpDispatch.TheTierCarriesItsStateAcrossTheMajorsOfOneSolve
  Test #1747: IpqpDispatch.AnIndefiniteEscapeDropsTheCarry
  Test #1748: IpqpDispatch.TheCarryDoesNotLeakBetweenSolvesOnOneDriver
  Test #1749: IpqpDispatch.ThreeConsecutiveConvergedBudgetExitsDoNotRetireTheTier
  Test #1750: IpqpDispatch.AUsableSsnWarmGradeExitIsRefinedOnItsOwnFace
  Test #1751: IpqpDispatch.ASolveTheTierNeverRunsIsTheWalkWithTheCallersOwnLevers
  Test #1752: IpqpDispatch.TheSsnWarmGradeExportsTheProximalCarry
  Test #1753: IpqpDispatch.TheRoutingPartitionHelperHoldsOnTheRowsFixturesDoNotReach
  Test #1754: IpqpDispatch.TheFeasibilityHookTakesTheEvidenceAndRunsItsTwoRungLadder
  Test #1755: IpqpDispatch.TheQpSolutionMappingCarriesTheWholeFaceIncludingTrActive
  Test #1756: IpqpDispatch.TheUsabilityGateAcceptsADowngradedCertificateAndARefusedFinalRead
  Test #1757: IpqpDispatch.KIpmAndKWalkAgreeOnTheAnswerAcrossTheHsBattery
  Test #1758: IpqpBoxTest.TheCentreIsRefineOnFacesOwnClampedOrigin
  Test #1759: IpqpBoxTest.AnInfiniteRadiusReproducesTheDeclaredBoxExactly
  Test #1760: IpqpBoxTest.MakeIpqpBoundsRefusesABoxWhoseBlocksDisagree
  Test #1761: IpqpBoxTest.MalformedRadiiAreRefusedAtTheBoundary
  Test #1762: IpqpDomainGateTest.ADeclarationPinnedVariableDeclinesAndIsNotAnEscape
  Test #1763: IpqpDomainGateTest.AZeroRadiusRetryDeclines
  Test #1764: IpqpDomainGateTest.ACrossedDeclaredBoxDeclinesRatherThanThrowing
  Test #1765: IpqpConvergenceTest.BoxConstrainedInteriorSolutionAgreesWithTheWalk
  Test #1766: IpqpConvergenceTest.BoxConstrainedActiveSolutionAgreesWithTheWalk
  Test #1767: IpqpConvergenceTest.OneInequalityRowAgreesWithTheWalk
  Test #1768: IpqpConvergenceTest.OneEqualityRowAgreesWithTheWalk
  Test #1769: IpqpConvergenceTest.BothRowBlocksAgreeWithTheWalk
  Test #1770: IpqpConvergenceTest.ATrustRegionWindowIsHonouredAndAgreesWithTheWalk
  Test #1771: IpqpBudgetTest.TheFactorizationCapIsCheckedBeforeEVERYFactorizationLadderRungsIncluded
  Test #1772: IpqpBudgetTest.TheHardCapIsTheBudgetOfLastResortAndReportsMaxIter
  Test #1773: IpqpBudgetTest.TheFactorizationCapBindsIndependentlyOfTheIterationCap
  Test #1774: IpqpBudgetTest.AFinalReadTheBudgetREFUSEDIsNotPerformedRatherThanUnreadable
  Test #1775: IpqpFactorizationTest.EachTierEntryPaysExactlyOneSymbolicPassOrOnePatternVerify
  Test #1776: IpqpFactorizationTest.PredictorAndCorrectorShareOneFactorizationPerIteration
  Test #1777: IpqpFactorizationTest.DisablingTheFinalReadDowngradesUnconditionallyAndSavesTheFactorization
  Test #1778: IpqpDeterminismTest.TwoColdSolvesOfTheSameProblemAgreeBitForBit
  Test #1779: IpqpRuizTest.EquilibrationRoundTripsAndBothArmsLandOnTheWalksOwnPoint
  Test #1780: IpqpRuizTest.ABadlyScaledSubproblemStillAgreesWithTheWalk
  Test #1781: IpqpRuizTest.TheRelativeStoppingRuleIsFOLDEDGLOBALLYAndThatHasAMeasuredPrice
  Test #1782: IpqpFaceTest.AnActiveBoundIsClassifiedActiveAndAnInactiveOneInactive
  Test #1783: IpqpFaceTest.ATrustRegionPinIsReportedThroughTrActiveAndNotThroughBoundState
  Test #1784: IpqpFaceTest.AFreeVariableCarriesExactlyZeroAndAnAbsentBoundIsNeverPriced
  Test #1785: IpqpFaceTest.AnAbsentRealBoundIsNeverPricedEvenWhenTheTrustRegionSuppliesOne
  Test #1786: IpqpBoundaryTest.AWarmSeedIsRefusedRatherThanSilentlyIgnored
  Test #1787: IpqpBoundaryTest.MalformedOptionsAndOverridesAreRefused
  Test #1788: IpqpBoundaryTest.TheLedgerRecordsOneRowPerSolveAndNoneForAThrow
  Test #1789: IpqpCounterTest.TheRoutingAndWarmGroupsStayAtZeroBecauseTheyAreDriverScale
  Test #1790: IpqpCounterTest.TheEscapeCensusCountsABudgetEscapeExactlyOnce
  Test #1791: IpqpCounterTest.TheAlphaFloorsAreObservedAndStayInsideTheUnitInterval
  Test #1792: IpqpCounterTest.TheGatedScheduleMovesAndAdvancesTheProximalCentre
  Test #1793: IpqpKktLayoutTest.DimensionAndBlockBasesFollowTheKktVectorOrder
  Test #1794: IpqpKktLayoutTest.BothAssemblyPathsAreByteIdenticalToASetFromTripletsReference
  Test #1795: IpqpKktLayoutTest.AReusedPlanScattersNewValuesWithoutRelayingOutThePattern
  Test #1796: IpqpKktLayoutTest.APatternChangeRelaysTheStructureOut
  Test #1797: IpqpKktLayoutTest.DiagonalSlotsAddressTheEntriesTheyClaimTo
  Test #1798: IpqpKktLayoutTest.PrimalDiagSourceCarriesHsOwnDiagonalAndZeroWhereHHasNone
  Test #1799: IpqpKktLayoutTest.TheAssembledSystemFactorizesToTheSpecifiedInertiaTarget
  Test #1800: IpqpKktLayoutTest.PerturbingARecordedDiagonalSlotMovesTheObservedInertia
  Test #1801: IpqpKktLayoutTest.PredictorAndCorrectorSolveAgainstOneFactorization
  Test #1802: IpqpKktLayoutTest.MalformedInputsAreRefusedAtTheBoundary
  Test #1803: IpqpKktLayoutTest.AFreshLayoutRefusesEverySlotAccessor
  Test #1804: IpqpKktLayoutTest.AFailedResyncLeavesTheObjectOnItsPreviousPlan
  Test #1805: IpqpKktLayoutTest.TheEmptyProblemLaysOutAnEmptyMatrix
  Test #1806: IpqpKktLayoutTest.ADiagonalIndexOutsideItsBlockIsRefused
  Test #1807: IpqpMathTest.BoundBarrierObjectiveMirrorsTheNlpKernel
  Test #1808: IpqpMathTest.BoundBarrierObjectiveMovesWhenAnInputMoves
  Test #1809: IpqpMathTest.BoundBarrierGradientMirrorsTheNlpKernel
  Test #1810: IpqpMathTest.BoundDualTermsMirrorTheNlpKernel
  Test #1811: IpqpMathTest.BoundDualTermsReproduceTheMirrorsGroupingBitForBit
  Test #1812: IpqpMathTest.BoundDualTermsIgnoreWhateverSitsAtAnAbsentBound
  Test #1813: IpqpMathTest.BoundSigmaMirrorsTheNlpKernel
  Test #1814: IpqpMathTest.AugmentBoundComplementarityMirrorsTheNlpKernel
  Test #1815: IpqpMathTest.AugmentBoundComplementarityLeavesAnUnboundedProblemAlone
  Test #1816: IpqpMathTest.SlackComplementarityReducesInTheDeclaredOrder
  Test #1817: IpqpMathTest.SlackComplementarityOnAnEmptyBlockIsZero
  Test #1818: IpqpMathTest.TheTwoReductionsComposeIntoOneUnionAggregate
  Test #1819: IpqpMathTest.TheAbsentBoundSentinelMatchesTheEnginesOwn
  Test #1820: IpqpMathTest.TheCriticalConeSigmaDropsWeaklyActiveSidesAndNothingElse
  Test #1821: IpqpBarrierNoiseTest.ASideTrackingTheBarrierExactlyIsSuspectWithExponentOne
  Test #1822: IpqpBarrierNoiseTest.ASideHoldingItsPriceIsPricedWithExponentNearZero
  Test #1823: IpqpBarrierNoiseTest.NoPriorAcceptedIterateIsUninformative
  Test #1824: IpqpBarrierNoiseTest.AMuRatioAboveOneHalfIsUninformative
  Test #1825: IpqpBarrierNoiseTest.ASideThatJustBecameActiveIsUninformativeNeverSuspectNeverPriced
  Test #1826: IpqpBarrierNoiseTest.NonfiniteInputsAreUninformative
  Test #1827: IpqpBarrierNoiseTest.MuRatioUnderflowIsUninformativeNotAFiniteNegativeZero
  Test #1828: IpqpBarrierNoiseTest.MuRatioUnderflowWithADecreasingZStillClassifiesUninformative
  Test #1829: IpqpBarrierNoiseTest.ZRatioUnderflowIsUninformative
  Test #1830: IpqpBarrierNoiseTest.BothRatiosUnderflowIsUninformative
  Test #1831: IpqpBarrierNoiseFlagTest.AnAmbiguousPerSideVerdictFiresEvenInAnInformativeSolve
  Test #1832: IpqpOptions.TheFieldsAreValidatedAtEveryModeIncludingTheDefault
  Test #1833: IpqpOptions.HardIterCapMustBePositive
  Test #1834: IpqpOptions.MuBandMustBeWellFormed
  Test #1835: IpqpOptions.RegularizationFloorAndCeilingMustBeWellFormed
  Test #1836: IpqpOptions.RhoInitMustStartInsideTheRegularizationBand
  Test #1837: IpqpOptions.DeltaInitMustBePositiveAndNoLargerThanTheCeilingButIsNotTiedToTheFloor
  Test #1838: IpqpOptions.RegDecreaseMustBeAStrictFraction
  Test #1839: IpqpOptions.TauMustBeAStrictFractionToBoundaryParameter
  Test #1840: IpqpOptions.FaceKappaMustLieStrictlyBetweenZeroAndOne
  Test #1841: IpqpOptions.ConvergeSlackMustBeAtLeastOne
  Test #1842: IpqpOptions.WarmIterBudgetMustBeNonNegative
  Test #1843: IpqpOptions.MuAdoptFactorMustBeFiniteAndNonNegative
  Test #1844: IpqpOptions.StallWindowMustBePositive
  Test #1845: IpqpOptions.RetireAfterMustBePositive
  Test #1846: IpqpOptions.TheShippedDefaultsValidate
  Test #1847: IpqpTrace.LedgerRecordsOneSolveRecordPerSubproblemWithTheIpqpPrefix
  Test #1848: IpqpTrace.IterEventsCarryTheDriverSetMajorAndCrossCheckAgainstTheResult
  Test #1849: IpqpTrace.RegEventsPartitionIntoTheLadderClimbAndTheScheduleDecrease
  Test #1850: IpqpTrace.RestartEventReportsTheGradeAndTheRepairFactsAsMeasured
  Test #1851: IpqpTrace.CertifyEventReportsTheFinalReadAndFiresOnlyWhenOneWasTaken
  Test #1852: IpqpTrace.EscapeEventReportsTheReasonAndFiresOnlyOnAGenuineEscape
  Test #1853: IpqpTrace.EscapeEventCarriesTheFullEvidenceBlockVerbatim
  Test #1854: IpqpTrace.DriverRouteAndQpModeEventsMatchTheRoutingCounters
  Test #1855: IpqpTrace.RouteEventFaceRowsAndFaceBoundsAreSwapFalsifiable
  Test #1856: IpqpTrace.FallbackVerdictEventsReproduceThePartitionCountersWithoutAFilter
  Test #1857: IpqpWarmRestart.AMalformedSeedIsRefusedAtTheBoundary
  Test #1858: IpqpWarmRestart.AColdSolveReportsTheColdGradeAndTouchesNoWarmCounter
  Test #1859: IpqpWarmRestart.TheFullGradeCarriesTheTwoSidedSplitUnflattened
  Test #1860: IpqpWarmRestart.TheBaseGradeConvergesButLosesTheSplit
  Test #1861: IpqpWarmRestart.ThePayloadMuIsAdoptedOnlyWhenItRaisesTheMeasuredFloor
  Test #1862: IpqpWarmRestart.ThePayloadMuCanNeverRaiseMuAboveTheColdDefault
  Test #1863: IpqpWarmRestart.AStaleSeedIsAbandonedAtTheClampedBudgetAndColdRecovers
  Test #1864: IpqpWarmRestart.TheWarmBudgetIsClampedButStillPreemptsTheOrdinaryEscape
  Test #1865: IpqpWarmRestart.TheColdRestartGetsTheOrdinaryBudgetAndNotItsRemainder
  Test #1866: IpqpWarmRestart.AZeroWarmBudgetKillsBeforeTheFirstStepAndRunsTheColdTrajectory
  Test #1867: IpqpWarmRestart.TheCarryIsArmedByASolveAndSpentByTheNextOne
  Test #1868: IpqpWarmRestart.ASolveThatProducedNothingLeavesThePreviousCarryStanding
  Test #1869: IpqpWarmRestart.RepairOffDegradesADefectiveSeedColdInsteadOfConsumingIt
  Test #1870: IpqpWarmRestart.AdoptionIsCountedOnTheRepairOffBranchToo
  Test #1871: IpqpWarmRestart.AHighBarrierSeedIsNotTrustedAtIterationZero
  Test #1872: IpqpWarmRestart.TheBoxClampCountsAsARepair
  Test #1873: IpqpWarmRestart.TheSameSeedTwiceProducesBitIdenticalResults
  Test #1874: IpqpWarmRestart.TheRepairClampsAWrongSignedPriceAndRecordsItsLargestShift
  Test #1875: IpqpWarmRestart.APerturbedContinuationAcrossAnActivationThresholdIsAbandonedAndRecovers
  Test #1876: KktAssembly.DimensionsAndRegularization
  Test #1877: KktAssembly.HessianEliminationShift
  Test #1878: KktAssembly.MismatchedWorkingSetThrows
  Test #1879: KktAssembly.MismatchedBoundVectorsThrow
  Test #1880: KktAssembly.MirroredHessianEliminationShift
  Test #1881: WorkingSet.AddDropThrowAndSort
  Test #1882: SqpKktOptions.MatchesTheApprovedKktConfiguration
  Test #1883: SqpKktOptions.TheThreadCountHandedInIsTheOneThatComesOut
  Test #1884: SqpKktOptions.ARankDeficientKktIsPerturbedRatherThanFailedOnThisBackend
  Test #1885: KktFactor.IsConstructedAtTheThreadCountItIsGiven
  Test #1886: KktFactor.FreshAnalyzeFactorizeAndSolve
  Test #1887: KktFactor.RefactorizesAValueChangeWithoutReanalyzing
  Test #1888: KktFactor.NeedsAnalysisPreservesCallSiteCounting
  Test #1889: InertiaProbe.NearSingularReducedHessian
  Test #1890: InertiaProbe.ExactlySingular
  Test #1891: KktPartialSolve.ComposedPartialsMatchFullSolve
  Test #1892: KktPartialSolve.GateClosesOnPerturbedPivots
  Test #1893: Ledger.ColdWarmPairRecordsAndSummary
  Test #1894: Ledger.ExceptionDoesNotAdvanceCounter
  Test #1895: Ledger.DriverSolveRecordsWallSeconds
  Test #1896: MeshTransfer.TransferredMultipliersMatchFineSolve
  Test #1897: MeshTransfer.InteriorErrorIsSecondOrder
  Test #1898: MeshTransfer.ActivityInheritanceRule
  Test #1899: MeshTransfer.WarmSolveOnFineMeshBeatsCold
  Test #1900: MeshTransfer.SeededTransferRidesTheDualsAndCostsFewerMinors
  Test #1901: MeshTransfer.CoarseningTransferPreservesCostates
  Test #1902: MeshTransfer.RejectsMalformedInput
  Test #1903: NlpKktSelfCheck.CleanPointScoresFourZerosAndInfiniteBoundsStayLegal
  Test #1904: NlpKktSelfCheck.NanInequalityResidualSurfacesAsInfiniteResiduals
  Test #1905: NlpKktSelfCheck.InfiniteInequalityResidualSurfacesInEveryResidual
  Test #1906: NlpKktSelfCheck.NanBoundIsNotReadAsAFreeVariable
  Test #1907: NlpKktSelfCheck.NoPoisonedInputEverScoresAsACleanOptimum
  Test #1908: NlpModelHs.Hs1DimensionsAndDerivatives
  Test #1909: NlpModelHs.Hs3DimensionsAndDerivatives
  Test #1910: NlpModelHs.Hs5DimensionsAndDerivatives
  Test #1911: NlpModelHs.Hs6DimensionsAndDerivatives
  Test #1912: NlpModelHs.Hs7DimensionsAndDerivatives
  Test #1913: NlpModelHs.Hs76DimensionsAndDerivatives
  Test #1914: NlpModelHs.Hs10DimensionsAndDerivatives
  Test #1915: NlpModelHs.Hs11DimensionsAndDerivatives
  Test #1916: NlpModelHs.Hs12DimensionsAndDerivatives
  Test #1917: NlpModelHs.Hs14DimensionsAndDerivatives
  Test #1918: NlpModelHs.Hs15DimensionsAndDerivatives
  Test #1919: NlpModelHs.Hs22DimensionsAndDerivatives
  Test #1920: NlpModelHs.Hs24DimensionsAndDerivatives
  Test #1921: NlpModelHs.Hs25DimensionsAndDerivatives
  Test #1922: NlpModelHs.Hs26DimensionsAndDerivatives
  Test #1923: NlpModelHs.Hs27DimensionsAndDerivatives
  Test #1924: NlpModelHs.Hs28DimensionsAndDerivatives
  Test #1925: NlpModelHs.Hs30DimensionsAndDerivatives
  Test #1926: NlpModelHs.Hs33DimensionsAndDerivatives
  Test #1927: NlpModelHs.Hs35DimensionsAndDerivatives
  Test #1928: NlpModelHs.Hs38DimensionsAndDerivatives
  Test #1929: NlpModelHs.Hs39DimensionsAndDerivatives
  Test #1930: NlpModelHs.Hs40DimensionsAndDerivatives
  Test #1931: NlpModelHs.Hs43DimensionsAndDerivatives
  Test #1932: NlpModelHs.Hs45DimensionsAndDerivatives
  Test #1933: NlpModelHs.Hs77DimensionsAndDerivatives
  Test #1934: NlpModelHs.Hs79DimensionsAndDerivatives
  Test #1935: NlpModelHs.EveryListedNumberIsConstructible
  Test #1936: NlpModelHs.MakeHsRejectsUnshippedNumber
  Test #1937: DerivativeCheckSelfTest.RelativeToleranceAdmitsLargeMagnitudeDerivatives
  Test #1938: DerivativeCheckSelfTest.CorrectModelPassesAssertGradient
  Test #1939: DerivativeCheckSelfTest.WrongGradientFailsAssertGradient
  Test #1940: DerivativeCheckSelfTest.WrongGradientFailsAssertHessian
  Test #1941: NlpModelEvalValues.DefaultMatchesEvalFCeCiOnNoConstraints
  Test #1942: NlpModelEvalValues.DefaultMatchesEvalFCeCiOnInequalitiesOnly
  Test #1943: NlpModelEvalValues.DefaultMatchesEvalFCeCiOnEqualitiesOnly
  Test #1944: NlpModelEvalValues.OverrideActuallyDispatches
  Test #1945: NlpModelEvalValues.OverrideDispatchesThroughBaseClassReference
  Test #1946: ParametricF1.DerivativesMatchFiniteDifferences
  Test #1947: ParametricF1.AnalyticPathMatchesColdSolve
  Test #1948: ParametricF1.ThresholdsMatchTheirDefiningGeometry
  Test #1949: ParametricF1.LinearRowIsWeaklyActiveOnTheMiddleBranch
  Test #1950: ParametricF2.DerivativesMatchFiniteDifferences
  Test #1951: ParametricF2.AnalyticPathMatchesColdSolve
  Test #1952: ParametricF2.ActivationThresholdSolvesItsDefiningEquation
  Test #1953: ParametricF2.PathIsTheProjectionOntoTheDisk
  Test #1954: ParametricF3.DerivativesMatchFiniteDifferences
  Test #1955: ParametricF3.AnalyticPathMatchesColdSolve
  Test #1956: ParametricF3.ClampedBranchActivatesExactlyTheLastNode
  Test #1957: ParametricF3.NaiveClampedRampIsStrictlyWorseThanTheAnalyticPath
  Test #1958: ParametricF3.RestFrontIndexIsTheNaiveRampCrossing
  Test #1959: ParametricF3.ScaleReadinessAtTenThousand
  Test #1960: ParametricF6.DerivativesMatchFiniteDifferences
  Test #1961: ParametricF6.AnalyticPathMatchesColdSolve
  Test #1962: ParametricF6.JunctionsBoundTheActiveSubInterval
  Test #1963: ParametricF6.MultipliersAreTheWeightsTimesTheDensity
  Test #1964: ParametricF6.ParameterAccessorsAndPatternsHoldTheContract
  Test #1965: ParametricF6.RejectsDegenerateConstruction
  Test #1966: ParametricModelContract.ParameterAccessorsRoundTrip
  Test #1967: ParametricModelContract.SetParametersRejectsWrongSize
  Test #1968: ParametricModelContract.PatternsAreIndependentOfXAndP
  Test #1969: ParametricModelContract.SpringChainRejectsDegenerateConstruction
  Test #1970: Predictor.MovingConstraintFamiliesMatchTheirAnalyticPaths
  Test #1971: Predictor.PredictorTracksConstraintsThatMoveWithP
  Test #1972: Predictor.PredictorActivatesConstraintsThatMoveWithP
  Test #1973: Predictor.PredictorTracksSmoothPath
  Test #1974: Predictor.PredictorIsExactUpToRegularizationOnAffinePaths
  Test #1975: Predictor.PredictorHandlesBoundCrossing
  Test #1976: Predictor.PredictorKeepsWeaklyActiveRow
  Test #1977: Predictor.PredictedWarmAcceleratesSolve
  Test #1978: Predictor.PredictorNeverMutatesItsInputs
  Test #1979: Predictor.PredictorIsTheIdentityOnAZeroStep
  Test #1980: Predictor.PredictorReportsWhichPathItTook
  Test #1981: Predictor.DegradationIsReportedRatherThanThrown
  Test #1982: Predictor.FrozenActivityModeTakesTheRawStep
  Test #1983: Predictor.PredictorRejectsMismatchedDimensions
  Test #1984: Predictor.PredictionAcrossAnInequalityThresholdIsStillSafeToConsume
  Test #1985: Predictor.PredictorDropsAStrictlyActiveRowAcrossItsThreshold
  Test #1986: Predictor.TheEmittedInequalityPriceIsNeverNegative
  Test #1987: Predictor.TheFrozenSetStepAlsoEmitsANonNegativePrice
  Test #1988: PredictorRatioTest.InheritsTheTrueActivitySetAcrossAnActivationThreshold
  Test #1989: PredictorRatioTest.SimultaneousCrossingsAreOneBreakpoint
  Test #1990: PredictorRatioTest.AZeroRoundBudgetStopsAtTheFirstCrossing
  Test #1991: PredictorRatioTest.ATruncationToTheIdentityIsVisibleToTheCaller
  Test #1992: PredictorRatioTest.SurvivesACurvedManyJunctionThresholdCrossing
  Test #1993: PredictorRatioTest.RejectsANegativeRoundBudget
  Test #1994: ProblemScalingRule.TheObjectiveFactorAimsTheGradientAtMaxGradient
  Test #1995: ProblemScalingRule.TheObjectiveRuleIsTwoSidedAndScalesASmallGradientUp
  Test #1996: ProblemScalingRule.TheRowRuleIsOneSidedAndNeverAmplifiesARow
  Test #1997: ProblemScalingRule.TheClampIsSymmetricAndHonoured
  Test #1998: ProblemScalingRule.ARowWithNoDataTakesTheIdentityRatherThanTheCeiling
  Test #1999: ProblemScalingRule.ANonFiniteNormTakesTheIdentityToo
  Test #2000: ProblemScalingRule.RowExtremesFoldOverBothBlocksAndDefaultToIdentity
  Test #2001: ProblemScalingOffPath.TheDefaultIsOffAndReportsTheIdentity
  Test #2002: ProblemScalingOffPath.SettingTheRuleWithoutTheToggleChangesNothing
  Test #2003: ProblemScalingOptions.TheRuleIsValidatedAtTheBoundary
  Test #2004: ProblemScalingAcceptance.TheS1e12DualScaleCellConvergesWithScalingOn
  Test #2005: ProblemScalingAcceptance.TheObjectiveFactorIsTheOneDoingTheWorkOnThatCell
  Test #2006: ProblemScalingAcceptance.Hs25IsMeasuredWithScalingOn
  Test #2007: ProblemScalingRoundTrip.AScaledSolveReportsOnTheCallersScale
  Test #2008: ProblemScalingRoundTrip.TheMultipliersAreTheCallersNotTheEngines
  Test #2009: ProblemScalingRoundTrip.TheBoundPricesAreTheReMeasurementsNotADivideBack
  Test #2010: ProblemScalingWarmStart.AScaledSolvesExportIsAcceptedByAnUnscaledSolve
  Test #2011: ProblemScalingWarmStart.AScaledExportDropsTheScaledSpaceStateItCannotMap
  Test #2012: ProblemScalingWarmStart.TheExportedCurrencyIsTheSolutionsOwnMultipliers
  Test #2013: ProblemScalingWarmStart.ACallerScaleSeedIsMappedInOnAScaledSolve
  Test #2014: ProblemScalingHistory.TheExportedRowsAreOnTheCallersScale
  Test #2015: ProblemScalingHistory.AnUnscaledSolvesHistoryIsUntouched
  Test #2016: ProblemScalingHistory.TheNonFiniteIterateExitStillUnscalesAndReports
  Test #2017: ProblemScalingRestoration.TheAdoptedSelectorsAreNotMappedTwice
  Test #2018: ProblemScalingSeam.ARelayThatChangesARowCountUnderActiveFactorsIsRefused
  Test #2019: ProblemScalingSeam.AnUnscaledSeamStillAcceptsARowCountChange
  Test #2020: QpEngine.OracleBattery
  Test #2021: QpEngine.FixedVariableReachesOptimalWithPricedMultiplier
  Test #2022: QpEngine.DegenerateDuplicateRowsAgreeOnMultiplierSum
  Test #2023: QpEngine.StartInfeasibleDrivesShiftsToZero
  Test #2024: QpEngine.BadlyScaledRowIsNotMistakenForInfeasibility
  Test #2025: QpEngine.CrossedBoundsAreInfeasibleNotCertifiedOptimal
  Test #2026: QpEngine.ContradictoryInequalityRowsAreInfeasible
  Test #2027: QpEngine.ContradictoryInequalitiesWithEqualitiesPresentAreInfeasible
  Test #2028: QpEngine.InconsistentEqualitiesAreInfeasible
  Test #2029: QpEngine.EqualityOutsideTheBoxIsInfeasible
  Test #2030: QpEngine.UnboundedProblemIsReportedAsNumericalErrorNotOptimal
  Test #2031: QpEngine.RunawayWithActiveRowClearsItsMultipliers
  Test #2032: QpEngine.EffectivelyInfiniteBoundsStillDetectTheRunaway
  Test #2033: QpEngine.ObjectiveInflatedMultiplierHidesASmallContradiction
  Test #2034: QpEngine.T6bObjectiveInflatedMultiplierBehavesTheSameInBothAlgebras
  Test #2035: QpEngine.T6bANonFiniteDualMuLeavesTheRowToleranceFinite
  Test #2036: QpEngine.LargeButLegitimateSolutionsAreOptimalNotNumericalError
  Test #2037: QpEngine.BoundPinnedLargeSolutionKeepsItsBoundLabel
  Test #2038: QpEngine.IllScaledFeasibleRowsAreNotDeclaredInfeasible
  Test #2039: QpEngine.DropRuleRunsBeforeInfeasibilityIsDeclared
  Test #2040: QpEngine.RandomizedAgainstOracle
  Test #2041: QpEngine.RandomizedWithEqualityRowAgainstOracle
  Test #2042: QpEngine.WarmStartFromOptimalSolutionConvergesImmediately
  Test #2043: QpEngine.MaxIterBudgetIsReported
  Test #2044: QpEngineExportInvariant.AFreeVariableCarriesNoBoundPriceAtACappedExit
  Test #2045: QpEngineExportInvariant.HoldsOnEveryBatteryFixtureAndEveryStatus
  Test #2046: QpEngineSizeDerivedCap.BaseCountsRealBoundsAndTheDerivationIsFloored
  Test #2047: QpEngineSizeDerivedCap.AnExplicitCapWinsOutrightAndTheSentinelDerives
  Test #2048: QpEngineFaceRefine.AnExactFaceSolveLandsOnTheAnalyticEqpAnswer
  Test #2049: QpEngineFaceRefine.AFaceThatLeavesTheBoxIsRefusedAndTheCallerKeepsItsAnswer
  Test #2050: QpEngineFaceRefine.AnOverDeterminedFaceIsRefusedWithoutFactorizing
  Test #2051: QpEngineFaceRefine.AFullyPinnedFaceIsRefusedAndCostsNothing
  Test #2052: QpEngineFaceRefine.ATrustRegionPinIsHonouredAsPartOfTheFaceAndPricesNothing
  Test #2053: QpEngineFaceRefine.AFaceThatViolatesARowItLeftOffIsRefused
  Test #2054: QpEngineFaceRefine.AnIndefiniteFaceIsRefusedByTheInertiaGate
  Test #2055: QpEngineBorder.BorderPinEquivalence
  Test #2056: QpEngineBorder.KktFactorMoveKeepsFactorizationUsable
  Test #2057: QpEngineBorder.BorderModeMatchesRefactorizeMode
  Test #2058: QpEngineBorder.BorderModeMatchesRefactorizeModeWarmStarted
  Test #2059: QpEngineBorder.BorderModeMatchesRefactorizeModeFromOverfullWarmStart
  Test #2060: QpEngineBorder.BorderModeCountsUpdates
  Test #2061: QpEngineBorder.RebuildUnderTinySchurCapMatchesRefactorize
  Test #2062: QpEngineBorder.PinsPastSchurCapDoNotRebuildQuadratically
  Test #2063: QpEngineBorder.LatchedBorderModeDoesNotThrashOnRowChanges
  Test #2064: QpEngineBorder.DefaultIsBorderMode
  Test #2065: QpEngineBorder.SingularBorderTriggersRebuild
  Test #2066: QpEngineBorder.BorderModeWithNonDefaultOptions
  Test #2067: QpEngineIndefinite.IndefiniteStartRepairsToVertex
  Test #2068: QpEngineIndefinite.InertiaGateRefusesPerturbedFactorization
  Test #2069: QpEngineIndefinite.SuspectStallIsNotCertifiedOptimal
  Test #2070: QpEngineIndefinite.SuspectLoopStillCertifiesAStationaryPoint
  Test #2071: QpEngineIndefinite.FreeBlockStationarityTreatsNanAsAFailure
  Test #2072: QpEngineIndefinite.InertiaVerdictNeverTrustsAPerturbedFactorization
  Test #2073: QpEngineIndefinite.TrustworthyWrongInertiaRepairsToVertex
  Test #2074: QpEngineIndefinite.UnpinnableNegativeCurvatureIsNotCertifiedOptimal
  Test #2075: QpEngineIndefinite.RepairedVertexWarmStartsWithoutRepeatingTheRepair
  Test #2076: QpEngineIndefinite.GateIsANoOpOnAConvexFixture
  Test #2077: QpEngineIndefinite.NegativeCurvatureRideToBound
  Test #2078: QpEngineIndefinite.SaddleWithGeneralConstraint
  Test #2079: QpEngineIndefinite.UnboundedIndefiniteReportsNumericalError
  Test #2080: QpEngineIndefinite.DiagonalIndefiniteBoxReachesTheNegativeCurvatureBound
  Test #2081: QpEngineIndefinite.RideIsANoOpOnAConvexDrop
  Test #2082: QpEngineIndefinite.RideWithNoBlockerReportsNumericalError
  Test #2083: QpEngineIndefinite.RideDeclinesADirectionThatLeavesTheWorkingSet
  Test #2084: QpEngineIndefinite.RideDeclinesAFlatDirectionOnAPsdSingularQp
  Test #2085: QpEngineIndefinite.RideOnAZeroHessianLpFindsTheVertex
  Test #2086: QpEngineIndefinite.RideOnAWideBoxLpReachesTheTrueMinimizer
  Test #2087: QpEngineIndefinite.OracleEnumeratesTheSaddleBoxMinimizers
  Test #2088: QpEngineIndefinite.OracleExcludesTheSaddleFromTheMinimizerSet
  Test #2089: QpEngineIndefinite.OracleEnumeratesBothDiagonalBoxMinimizers
  Test #2090: QpEngineIndefinite.OracleEnumeratesTheSoleRideToRowMinimizer
  Test #2091: QpEngineIndefinite.EngineLandsOnALocalMinimizer
  Test #2092: QpEngineIndefinite.RandomizedIndefiniteBatteryLandsOnLocalMinimizers
  Test #2093: QpEngineIndefinite.WeaklyActiveBoundIsNotCertifiedOptimal
  Test #2094: QpEngineIndefinite.ZeroMultiplierProbeIsANoOpOnStrictComplementarity
  Test #2095: QpEngineIndefinite.WeaklyActiveGeneralRowIsNotCertifiedEither
  Test #2096: QpEngineIndefinite.PostProbeRestartIsOneShotPerSolve
  Test #2097: QpEngineIndefinite.T7Fix2TheFaceKeyIsInvalidatedByAnyRefactorizationOfKkt
  Test #2098: QpEngineIndefinite.T7Fix3ProbeInertiaLeavesTheKeyOnTheProbedSetOrDisarmed
  Test #2099: QpEngineIndefinite.T7Fix2AFailedStartRepairDoesNotRefineThroughTheProbedFactorization
  Test #2100: QpEngineIndefinite.T7Fix2DualMuZeroOnARankDeficientFaceDoesNotEscapeSolve
  Test #2101: QpEngineTr.TrOffIsBitIdenticalDefault
  Test #2102: QpEngineTr.TrClampsTheStep
  Test #2103: QpEngineTr.TrInsideRealBounds
  Test #2104: QpEngineTr.WarmSeedIgnoresTrActivity
  Test #2105: QpEngineTr.IndefiniteInteractionWithSaddleBox
  Test #2106: QpEngineTr.SameInstanceWarmSolveWithShiftedTrWindow
  Test #2107: QpEngineTr.ShrinkRadiusRetryReusesHotStart
  Test #2108: QpEngineTr.OverridesResolveCorrectlyUnderRefactorizeMode
  Test #2109: QpEngineTr.PlainOverloadsForwardDefaultOverridesByteIdentically
  Test #2110: QpEngineTr.OverrideValidationRejectsNegativeRadius
  Test #2111: QpEngineTr.OverrideValidationRejectsNaN
  Test #2112: QpEngineTr.StoredRadiusValidationRejectsNegativeRadiusOnPlainOverloads
  Test #2113: QpEngineTr.StoredRadiusValidationRejectsNaNOnPlainOverloads
  Test #2114: QpEngineTr.StoredRadiusValidationLeavesWellFormedRadiiUntouched
  Test #2115: QpEngineTr.StoredRegularizationValidationRejectsNegativeOnPlainOverloads
  Test #2116: QpEngineTr.StoredRegularizationValidationRejectsNaNOnPlainOverloads
  Test #2117: QpEngineTr.StoredRegularizationIsNotCheckedWhenAnOverrideSupersedesIt
  Test #2118: QpEngineTr.StoredRegularizationValidationLeavesWellFormedValuesUntouched
  Test #2119: QpEngineTr.ShrinkRadiusRetryWithALiveRealBoundPinChainsAndReuses
  Test #2120: QpEngineTr.SeededOppositeBoundPinDoesNotRecenterTheWindow
  Test #2121: QpModeSites.EveryKernelInvocationIsAccountedForBySite
  Test #2122: QpModeSites.TheLadderRungCountIsTheClimbAndNotTheMajorCount
  Test #2123: QpModeSiteScan.TheScanActuallyReadsTheDriverAndFindsItsKernelCalls
  Test #2124: QpModeSiteScan.EveryKernelCallSitePairsWithItsOwnQpModeEmit
  Test #2125: QpWarmStart.PerturbedSequenceCollapsesMinorIterations
  Test #2126: QpWarmStart.WarmStartMarginAtBusierOptimum
  Test #2127: QpWarmStart.StaleSeedStillConverges
  Test #2128: QpWarmStart.WarmResolveWithUnchangedHReusesFactorization
  Test #2129: QpWarmStart.DeltaMuOverrideForcesRefactorization
  Test #2130: QpWarmStart.HChangeForcesRefactorization
  Test #2131: QpWarmStart.SeedWorkingSetMismatchForcesRefactorization
  Test #2132: QpWarmStart.InfeasibleExitInvalidatesReuseCache
  Test #2133: QpWarmStart.StructureChangeAtConstantValueBytesForcesRefactorization
  Test #2134: QpWarmStart.ExceptionBetweenSolvesInvalidatesReuseCache
  Test #2135: QpWarmStart.HotStateEmitsCommittedIdentityNotLive
  Test #2136: Scaffold.EigenDenseSolve
  Test #2137: Scaffold.SparseBackendSolve
  Test #2138: Scaffold.FmtFormats
  Test #2139: ScaleF7.DerivativesMatchFiniteDifferences
  Test #2140: ScaleF7.ManufacturedSolutionSatisfiesKktExactly
  Test #2141: ScaleF7.AnalyticPathMatchesColdSolveAtTenNodes
  Test #2142: ScaleF7.AnalyticPathMatchesColdSolveAtFiftyNodes
  Test #2143: ScaleF7.AnalyticPathMatchesColdSolveAtHundredNodes
  Test #2144: ScaleF7.WideWindowWalkIsChurnNotDegeneracy
  Test #2145: ScaleF7.JunctionGeometryIsAnalytic
  Test #2146: ScaleF7.StructureMatchesTheClosedFormCounts
  Test #2147: ScaleF7.ScaleReadinessAtTenThousandVariables
  Test #2148: ScaleF7.ScaleReadinessAtHundredThousandVariables
  Test #2149: ScaleF7Contract.AnalyticAccessorsRejectParametersOutsideTheDesignRange
  Test #2150: ScaleF7Contract.PatternsAreIndependentOfXPMultipliersAndObjScale
  Test #2151: ScaleF7Contract.EvalValuesMatchesEvalFCeCiBitForBit
  Test #2152: ScaleF7Contract.ParameterAccessorsRoundTrip
  Test #2153: ScaleF7Contract.RejectsBadConstructionAndParameterSize
  Test #2154: QpScaleSmoke.ModerateScaleBorderModeMatchesRefactorizeAndReusesHotStart
  Test #2155: F7ColdScaleSmoke.EmptyWindowColdSolveAtTenThousandVariables
  Test #2156: F7ColdScaleSmoke.SchurCapExhaustionBuysFactorizationsNotIterations
  Test #2157: F7ColdScaleSmoke.TheR6SignSweepRepairsTheWarmHopsExportedFacePrices
  Test #2158: F7ColdScaleSmoke.TheR6SignSweepAlsoRepairsTheInteriorPointChainsExportedFacePrices
  Test #2159: Schur.BorderedSolveMatchesDirectFactorization
  Test #2160: Schur.RefactorizationTriggerFires
  Test #2161: Schur.DropBorderMatchesDirectFactorizationOfSurvivor
  Test #2162: Schur.DropBorderThrowsOnOutOfRange
  Test #2163: Schur.IndefiniteSchurSolveMatchesDirect
  Test #2164: Schur.AntiDiagonalSchurBlock
  Test #2165: Schur.SingularOneByOneSchurBlockThrowsOnInertiaQuery
  Test #2166: Schur.NonFiniteBorderNeverLeavesAReadableEvidenceState
  Test #2167: Schur.InertiaBookkeepingPinnedVariable
  Test #2168: Schur.NearlySingularOneByOneNeedsRefactorization
  Test #2169: SqpDriverContract.BuildSubproblemLinearizesTheModel
  Test #2170: SqpDriverContract.BuildSubproblemLinearizesEqualityConstraints
  Test #2171: SqpDriverContract.KktMeasureUsesTheReducedGradientAtActiveBounds
  Test #2172: SqpDriverContract.ConvergedStartSolvesNoSubproblems
  Test #2173: SqpDriverContract.NanIterateIsNeverAdoptedOrCertified
  Test #2174: SqpDriverContract.UnevaluableStartPointEmitsAColdHandOffSoARetryIsHonoured
  Test #2175: SqpDriverContract.NonFiniteStartPointIsRejected
  Test #2176: SqpDriverContract.TrustRegionIsCenteredOnTheCurrentIterate
  Test #2177: SqpDriverContract.RejectsUnusableOptionsAndStartPoints
  Test #2178: SqpDriverContract.MisSizedCallbackReturnsAreRejectedByName
  Test #2179: SqpDriverContract.MisSizedUpgradeReturnsAreRejectedByName
  Test #2180: SqpDriverContract.CallCountPerMajorIsBounded
  Test #2181: SqpDriverContract.ColdCeilingSkipsTheWarmResolutionProbeEntirely
  Test #2182: SqpDriverContract.WarmResolutionProbeIsValuesOnlyNeverFetchesAGradient
  Test #2183: SqpDriverContract.SeededCeilingSkipsTheWarmResolutionProbeEntirely
  Test #2184: SqpDriverContract.TheSolutionCarriesTheTerminalKktMeasurementAndAWallTime
  Test #2185: SqpDriverContract.TheTerminalKktMeasurementIsNaNAtAnUnevaluablePoint
  Test #2186: SqpDriverContract.TheTerminalKktMeasurementOnACertifiedInfeasibleExitMeasuresTheNlp
  Test #2187: SqpDriverEquality.QuadraticConvergenceOnHs7
  Test #2188: SqpDriverEquality.PublishedStartsAlsoConverge
  Test #2189: SqpDriverBounds.Hs1RosenbrockReachesTheSolution
  Test #2190: SqpDriverBounds.Hs3ReachesItsBoundConstrainedSolution
  Test #2191: SqpDriverBounds.Hs5ReachesItsInteriorSolution
  Test #2192: SqpDriverBounds.Hs76ReachesItsInequalityConstrainedSolution
  Test #2193: SqpDriverWarmStart.WarmSeedingKeepsLateSubproblemsCheap
  Test #2194: SqpDriverWarmStart.WarmSeedingCarriesTheGeneralRowActiveSet
  Test #2195: SqpDriverGlobalization.FunnelIsMonotoneInFOnHs1
  Test #2196: SqpDriverGlobalization.FunnelKeepsIteratesInsideItsWidth
  Test #2197: SqpDriverGlobalization.Hs5ConvergesFromATooLargeRadiusAfterShrinking
  Test #2198: SqpDriverGlobalization.Hs7AtTheDefaultRadiusNowConvergesByGrowingIt
  Test #2199: SqpDriverGlobalization.SubproblemInfeasibilityEndsTheSolveThroughTheElasticTier
  Test #2200: SqpDriverTrustRegion.PredictedDecreaseIsTheQpModelDecrease
  Test #2201: SqpDriverTrustRegion.RejectionShrinksAndRetriesHotly
  Test #2202: SqpDriverTrustRegion.RadiusGrowsOnStrongSteps
  Test #2203: SqpDriverTrustRegion.RejectionCountReachesTheRestorationGate
  Test #2204: SqpDriverTrustRegion.RejectionCountResetsWhenTheIterateMoves
  Test #2205: SqpDriverTrustRegion.StrategyIsPluggable
  Test #2206: SqpDriverTrustRegion.RejectedTrialsPayNoHessian
  Test #2207: SqpDriverTrustRegion.RadiusHoldsWhenEitherGrowthConjunctFails
  Test #2208: SqpDriverTrustRegion.RejectedMultipliersAreDiscarded
  Test #2209: SqpDriverQpFailure.RetryabilityIsFinitenessAndTheBox
  Test #2210: SqpDriverQpFailure.QpNumericalErrorShrinksInsteadOfAborting
  Test #2211: SqpDriverQpFailure.SuspectEscalationsAggregateToTheDriver
  Test #2212: SqpDriverQpFailure.RepeatedQpNumericalErrorStillPropagates
  Test #2213: SqpDriverQpFailure.QpMaxIterTakesTheSameShrinkRetryPath
  Test #2214: SqpDriverQpFailure.RepeatedQpMaxIterStillPropagates
  Test #2215: SqpDriverQpFailure.RoutedFailuresCountTowardTheRestorationGate
  Test #2216: SqpDriverSoc.BuildSocSubproblemShiftsRhsOnActiveRowsOnly
  Test #2217: SqpDriverSoc.BuildSocSubproblemHandlesEqualityOnlyQp
  Test #2218: SqpDriverSoc.SocDefeatsMaratos
  Test #2219: SqpDriverSoc.SocIsNotAttemptedWhenViolationDecreased
  Test #2220: SqpDriverSoc.SocIsSkippedOnRoutedFailures
  Test #2221: SqpDriverSoc.SocFiresOnACurvedActiveInequalityAndImprovesH
  Test #2222: SqpDriverSoc.SocAcceptedMultipliersComeFromTheReSolve
  Test #2223: SqpDriverSoc.SocRescuePaysNoExtraHessian
  Test #2224: SqpDriverSoc.SocSeedMustBeZeroedNotToRecenterTheWindow
  Test #2225: SqpDriverSoc.SocOutcomeCountersPartitionAttemptsOnHs77
  Test #2226: SqpDriverElastic.ElasticConstructionRelaxesOnlyViolatedRows
  Test #2227: SqpDriverElastic.ElasticReformulationRecoversAFeasibleQpsSolution
  Test #2228: SqpDriverElastic.InconsistentLinearizationRecovers
  Test #2229: SqpDriverElastic.ElasticSurvivesALargeConstraintScale
  Test #2230: SqpDriverElastic.ElasticIsIdleOnCleanProblems
  Test #2231: SqpDriverElastic.RhoEscalationIsBoundedAndSignals
  Test #2232: SqpDriverElastic.EarlyExitCutsTheLadderOnABoundPinnedFixture
  Test #2233: SqpDriverElastic.EarlyExitCutsBothActivationsOnASecondBoundPinnedFixture
  Test #2234: SqpDriverElastic.EarlyExitOnADegenerateRelaxationStillCertifiesCorrectly
  Test #2235: SqpDriverElastic.InconsistentLinearizationRecoversUnderKSsn
  Test #2236: SqpDriverAdaptiveMu.AdaptiveMuRecoversTailAccuracy
  Test #2237: SqpDriverAdaptiveMu.MuScheduleIsQuantizedAndMonotone
  Test #2238: SqpDriverAdaptiveMu.ScheduleIsIdleWhenDisabled
  Test #2239: SqpDriverDiagnostics.HistoryRecordsTheFormalizedPerMajorContract
  Test #2240: SqpDriverDiagnostics.PrinterContainsPerIterationRowsAndFinalStatus
  Test #2241: SqpDriverDiagnostics.LedgerRecordsOneSqpSolveRecordPerDriverSolveAndQpRecordsStillWork
  Test #2242: SqpDriverEvalEconomics.RejectionHeavyHs40PoisonedFixtureCutsFullEvals
  Test #2243: SqpDriverEvalEconomics.HsSweepPoisonedHs40MatchesTheBaseProblemAtPZero
  Test #2244: SqpDriverProbeBudget.ZeroBudgetIsBitIdenticalToNoBudget
  Test #2245: SqpDriverProbeBudget.ExhaustedBudgetStopsAtAnIterateAndSaysSo
  Test #2246: SqpDriverProbeBudget.ConvergenceBeatsAnExhaustedBudget
  Test #2247: SqpDriverCrashBasis.SeedsTheWholeAnalyticActiveSetAtABoundaryStart
  Test #2248: SqpDriverCrashBasis.AnOverGenerousSeedCostsMoreThanNoSeed
  Test #2249: SqpDriverCrashBasis.IsInertOnAWarmIngest
  Test #2250: SqpDriverCrashBasis.SeedBuilderReadsTheSubproblemsOwnGeometry
  Test #2251: SqpDriverCrashBasis.SeededIngestWithNoActivityHintStillArmsTheCrashBasis
  Test #2252: SqpDriverSsnMode.EveryHsProblemTheWalkCertifiesIsCertifiedUnderKSsn
  Test #2253: SqpDriverSsnMode.TheSecondOrderCorrectionIsReachableUnderKSsnFromAnSsnSeed
  Test #2254: SqpDriverSsnMode.AnEscapedSubproblemLandsInTheWalkAndStillCertifies
  Test #2255: SqpDriverSsnMode.TheUsabilityGateRefusesEveryEscapeAndAnOutOfRegionCertificate
  Test #2256: SqpDriverSsnMode.TheTightFinishIsReachedUnderKSsnExactlyAsUnderTheWalk
  Test #2257: SqpDriverSsnMode.TheAdaptiveMuScheduleIsDisabledUnderKSsn
  Test #2258: SqpDriverSsnMode.TheProximalCarryRoundTripsAndIsGatedOffByDefault
  Test #2259: SqpDriverSsnMode.TheProximalCarryLeverMovesTheLadderAndIsOffByDefault
  Test #2260: SqpDriverSsnMode.TheProximalCarryHasACommittedCounterExample
  Test #2261: SqpDriverSsnMode.TheLedgerCarriesTheSsnColumnsAndTheyAgreeWithTheCounters
  Test #2262: SqpDriverSsnMode.CounterAggregationSumsFiveFieldsAndPeaksTheSixth
  Test #2263: SqpDriverSsnMode.TheEscapeReasonCensusPartitionsTheEscapeCount
  Test #2264: SqpDriverSsnMode.TheSsnStartMirrorsTheWalkSeedButNeverItsPrimal
  Test #2265: SqpDriverSsnMode.SsnWorkIsNeverFoldedIntoTheWalksMinorCurrency
  Test #2266: SqpDriverSsnMode.TheProximalExportDoesNotLeakFromOneSolveToTheNext
  Test #2267: SqpDriverSsnMode.TheSsnBoundActivityReachesTheHandOff
  Test #2268: SqpDriverSsnMode.RestorationStaysOnTheWalkUnderKSsn
  Test #2269: SqpDriverSsnMode.TheProbeBudgetChargesSsnWorkThatTheWalkCurrencyCannotSee
  Test #2270: SqpDriverSsnMode.TheCarriedProximalCentreIsNeverAnEscapedIterate
  Test #2271: SqpDriverSsnMode.TheCentresHighWaterMarkIsClearedBetweenSolves
  Test #2272: SqpDriverSsnMode.TheEscapedSubproblemsCostIsChargedInBothFields
  Test #2273: SqpDriverSsnMode.TheSsnFbToleranceTracksTheTighterOfTheDriversTwoTolerances
  Test #2274: SqpDriverSsnMode.CertifyFromFaceCostsExactlyOneFactorizationPerAcceptedRefinement
  Test #2275: SqpDriverSsnMode.CertifyFromFaceIsInertAtTheWalkDefault
  Test #2276: SqpDriverSsnMode.ARefusedFaceRefinementIsChargedEvenWhenTheCertificateIsWithdrawn
  Test #2277: SqpDriverSsnMode.TheRefusedFaceRefinementChargeIsFiveFieldsAndNoMore
  Test #2278: SqpDriverSignSweep.EveryStrictlyNegativePriceIsClampedAndNothingElseMoves
  Test #2279: SqpDriverSignSweep.ExactZeroIsNotNegativeAndAnEmptyVectorIsNotAnError
  Test #2280: SqpDriverSignSweep.ANonFinitePriceIsLeftForTheNonFiniteExitRatherThanQuietlyRepaired
  Test #2281: SqpDriverSignSweep.TheCountersAreCumulativeAcrossCallsAndThePeakIsAPeak
  Test #2282: SqpDriverSignSweep.ACorrectlySignedSolveSweepsNothingUnderEveryKernel
  Test #2283: SqpDriverW2Fixtures.TheEscapeHelperInvokesTheTierExactlyOncePerCall
  Test #2284: SqpDriverElasticSeed.TheFirstRungsPenaltyIsFlooredAtTodaysStartAndPlacedByTheEvidence
  Test #2285: SqpDriverElasticSeed.TheWorkingSetSeedIsSolutionIdenticalAndEarnsItsMinorIterations
  Test #2286: SqpDriverElasticSeed.TheDegradedPathIsSAFEOnFixturesWhereGeometryNamesNothing
  Test #2287: SqpDriverElasticSeed.GeometricActivityEARNSItsMinorIterationsWhereTheGeometryIsThere
  Test #2288: SqpDriverElasticSeed.TheWorkingSetIsClassifiedAgainstTheWINDOWCLAMPEDBounds
  Test #2289: SqpDriverElasticSeed.AnEvidenceNormAboveTheLaddersCeilingIsCAPPEDAtIt
  Test #2290: SqpDriverElasticSeed.ABlockThatNeverFIREDIsW1sLadderWhateverItsFieldsSay
  Test #2291: SqpDriverElasticSeed.ADefaultConstructedEvidenceBlockIsW1sLadderExactly
  Test #2292: SqpDriverElasticSeed.T6bAClimbingConsistentLadderClosesAtEveryRung
  Test #2293: SqpDriverElasticSeed.T6bTheLadderAboveLambda1e6ClosesToo
  Test #2294: SqpDriverElasticSeed.T6bTheUncontainedInBranchRouteNoLongerDeclines
  Test #2295: SqpDriverElasticSeed.T6bCoversTheBandWhereThePlacementMarginIsUnachievable
  Test #2296: SqpDriverElasticSeed.T6bTheBandsHIGHRungsRemainAPREEXISTINGResidue
  Test #2297: SqpDriverCertifiedFallback.P1TheEvidencePlacesRungAsFirstRungBetweenTheFloorAndTheCeiling
  Test #2298: SqpDriverCertifiedFallback.P2ClosedSlacksDisproveTheSuspicionAndCarryTheMultipliers
  Test #2299: SqpDriverCertifiedFallback.P2bOpenButReducedSlacksReturnKOptimalWithMultipliersZEROED
  Test #2300: SqpDriverCertifiedFallback.P3AnExhaustedLadderCertifiesInfeasibleWithItsReportAttached
  Test #2301: SqpDriverCertifiedFallback.P3TheEscapeBranchCONSUMESTheAttachedLadderRatherThanRerunningIt
  Test #2302: SqpDriverCertifiedFallback.P4ARefusedRungAReturnsTheColdWalkCounterForCounter
  Test #2303: SqpDriverCertifiedFallback.P4bTheCeilingDeclineIsGONEUnderThePlacementBound
  Test #2304: SqpDriverCertifiedFallback.AnOverriddenPlacementIsVALIDATEDAndClampedIntoTheLaddersRange
  Test #2305: SqpDriverCertifiedFallback.P4OnAPrimedEngineCostsTheAnalysisRungADisplaces
  Test #2306: SqpDriverCertifiedFallback.T3ARefusalWhoseWalkCertifiesInfeasibleCostsTwoActivations
  Test #2307: SqpDriverCertifiedFallback.P5AnUnfiredEvidenceBlockNeverEntersRungAAtAll
  Test #2308: SqpDriverCertifiedFallback.P6NoEvidenceContentMakesTheFallbackThrow
  Test #2309: SqpDriverCertifiedFallback.P7TheVerdictReadsNothingFromTheEvidenceBeyondItsThreeInputs
  Test #2310: SqpDriverCertifiedFallback.ANegativeOrNaNWindowIsREFUSEDAtBothPublicEntryPoints
  Test #2311: SqpDriverCertifiedFallback.ThePartitionOverFallbackEntriesIsCOMPLETEAndSumsToTheFiredOnes
  Test #2312: SqpDriverCertifiedFallback.ADeclinedRungAAboveTheFloorIsRETRIEDThereExactlyOnce
  Test #2313: SqpDriverCertifiedFallback.TheFallbackVerdictEventDescribesEVERYEntryIncludingTheUnfiredOne
  Test #2314: SqpDriverCertifiedFallback.ARungAOwnedMajorIsAnElasticRowOnTheDriversOwnHistory
  Test #2315: SqpDriverCertifiedFallback.TheDriverEmitsOneFallbackVerdictPerEscapeAndHS38sNeverFIRED
  Test #2316: SqpDriverCertifiedFallback.T7TheEscapeBranchTernaryCONSUMESAnAttachedReportAtTheDriver
  Test #2317: SqpDriverCertifiedFallback.T7TheCeilingFlagsTRUEArmOnADriverRowIsThePricedOne
  Test #2318: SqpDriverCertifiedFallback.T7TheDisprovedSuspicionCalibrationOverTheHsCorpusIsZERO
  Test #2319: SqpDriverCertifiedFallback.T7TheDisplacedPatternCostsONEAnalysisOnTheFollowingMajor
  Test #2320: SqpDriverCertifiedFallback.T7AnInfiniteOverridePlacesTheLadderAtItsCeiling
  Test #2321: SqpDriverCertifiedFallback.T7TheVerdictRefineCostAtScaleIsFIFTEENStepsOnItsWorstFixture
  Test #2322: SqpDriverCertifiedFallback.T7TheT3ARouteIsREACHABLEAtTheDriverAndCostsOneExtraLadder
  Test #2323: SqpDriverCertifiedFallback.T7TheAttachedReportsRestorationOfferIsATROUNDINGNotAMargin
  Test #2324: SqpDriverCertifiedFallback.T7F1TheSameInconsistentLinearizationInAllThreeModes
  Test #2325: QpEngineStructuralViolation.T6bTrueInfeasibilityStillReadsKInfeasibleInBothAlgebras
  Test #2326: QpEngineStructuralViolation.T6bTheGuardContradictionsAreNotAbsorbedInEitherAlgebra
  Test #2327: QpEngineStructuralViolation.T6bAFeasibleElasticCopyIsNoLongerCertifiedInfeasible
  Test #2328: QpEngineStructuralViolation.T6bTheStiffFamilyClosesInBothAlgebras
  Test #2329: QpEngineStructuralViolation.T6bTheInequalityBranchClosesWithItsResidueOnTheSafeSide
  Test #2330: QpEngineStructuralViolation.T6bTheGENUINELYBlockedSiblingStaysKOptimalAndOPEN
  Test #2331: QpEngineStructuralViolation.T6bTheMisfireCensusOverBothPopulationsAndBothAlgebras
  Test #2332: QpEngineStructuralViolation.T6bTheStiffWALKSOwnPathologyAboveTheShippedDualMuIsUNCHANGED
  Test #2333: QpEngineStructuralViolation.T7ACertifiedInfeasibleExitRETURNSTheRefinedPointInBothAlgebras
  Test #2334: QpEngineStructuralViolation.T7TheFeasibleCensusHalfOverTheFULLDualMuSet
  Test #2335: RestorationModel.IsTheSmoothL1FeasibilityProblem
  Test #2336: RestorationModel.DerivativesMatchFiniteDifferences
  Test #2337: RestorationModel.ScalesSlackColumnsToTheirJacobianRow
  Test #2338: SqpDriverRestoration.InfeasibleNlpCertifies
  Test #2339: SqpDriverRestoration.AlgebraModeDivergenceIsANonUniqueSubproblemOptimum
  Test #2340: SqpDriverRestoration.RestorationRecoversAndResumes
  Test #2341: SqpDriverRestoration.RestorationIsIdleOnCleanProblems
  Test #2342: SqpDriverRestoration.SecondRequestIsCappedAndReported
  Test #2343: SqpDriverRestoration.ZeroStepIsAcceptedAsAKktPoint
  Test #2344: SqpDriverRestoration.ExhaustedElasticTierEntersRestoration
  Test #2345: SqpDriverRestoration.TheSharedDiagnosticsOfACertifiedExitUseTheReturnedPrices
  Test #2346: SqpDriverRestoration.ExhaustedElasticTierEntersRestorationUnderEveryMode
  Test #2347: SqpDriverRadius.FloorRaisesTheRestorationRequest
  Test #2348: SqpDriverRadius.InfiniteInitialRadiusShrinksToTrMax
  Test #2349: SqpDriverRadius.RejectsUnusableFloors
  Test #2350: SqpDriverRestorationSeed.TheTakenCandidateIsRecordedOnTheRequestingRow
  Test #2351: SqpDriverRestorationSeed.TheSeedIsNotGatedOnTheQpMode
  Test #2352: SqpDriverRestorationSeed.TheExhaustedLadderSiteSeedsFromItsOwnStep
  Test #2353: SqpDriverRestorationSeed.AWorseElasticCandidateIsRefusedOnTheSameModel
  Test #2354: SqpDriverRestorationSeed.AZeroElasticStepIsNotACandidate
  Test #2355: SqpDriverRestorationSeed.ANonFiniteEvaluationAtTheCandidateIsRefused
  Test #2356: SqpDriverRestorationSeed.AJacobianPoisonedCandidateIsRefusedNotTaken
  Test #2357: SqpDriverRestorationSeed.TheRadiusFloorSeedsFromTheRejectedTrial
  Test #2358: SqpDriverRestorationSeed.TheGuardAndThePhaseRunOnTheCallerScale
  Test #2359: SqpDriverRestorationSeed.TheSeedsEvaluationIsCountedExactlyOnce
  Test #2360: SqpWarmCurrency.AFreshDriverCannotExport
  Test #2361: SqpWarmCurrency.ASolveThatThrewIsNotACompletedSolve
  Test #2362: SqpWarmCurrency.ASolveThatThrewLeavesAnEarlierExportStanding
  Test #2363: SqpWarmCurrency.ExportCarriesTheSolutionAtDeclaredWidthsAndTheBridgesKey
  Test #2364: SqpWarmCurrency.ExportTracksTheLastCompletedSolve
  Test #2365: SqpWarmCurrency.TheHandOverRefusesANonFiniteBlock
  Test #2366: SqpWarmCurrency.TheHandOverRefusesACoreThatDisagreesWithItself
  Test #2367: SqpWarmCurrency.TheHandOverRefusesAMalformedPolishPayloadNamingTheTag
  Test #2368: SqpWarmCurrency.TheHandOverRefusesANegativeLowerBoundPriceNamingTheTagAndTheBlock
  Test #2369: SqpWarmCurrency.TheHandOverRefusesANegativeUpperBoundPriceNamingTheTagAndTheBlock
  Test #2370: SqpWarmCurrency.AZeroValuedPriceBlockIsStillAccepted
  Test #2371: SqpWarmCurrency.AForeignExtensionTagIsSkippedSilently
  Test #2372: SqpWarmCurrency.ARefusedPayloadLeavesNothingBehindForTheNextSolve
  Test #2373: SqpWarmCurrency.SolveEntryRefusesAPayloadAtTheWrongSizes
  Test #2374: SqpWarmCurrency.SolveEntryRefusesAStagedValueUnderAnotherStampNamingBothDigests
  Test #2375: SqpWarmCurrency.APayloadAppliesToItsOwnCallAndTheOneAfterIsCold
  Test #2376: SqpWarmCurrency.TheNativeAndPayloadOverloadsAreSelectedByArgumentType
  Test #2377: SqpWarmCurrency.ACoreOnlyValueEntersAtTheSeededLevel
  Test #2378: SqpWarmCurrency.APolishTaggedValueRoutesThroughTheCrossoverBridge
  Test #2379: SqpWarmCurrency.PassingTheSameValueTwiceFromColdIsBitIdentical
  Test #2380: SqpWarmCurrency.InteriorPointExportCrossesOverIntoTheSqpEngine
  Test #2381: SqpWarmCurrency.ADeclarationWithAnExtraRowIsStaleAndIsRefused
  Test #2382: SqpWarmCurrency.ASecondSolveOnOneDriverAnswersExactlyWhatAFreshDriverAnswers
  Test #2383: SqpWarmCurrency.AWarmResolveOnAUsedDriverAnswersExactlyWhatAFreshDriverAnswers
  Test #2384: SqpWarmCurrency.KIpmRefusesAWrongSizedPayloadLikeKWalk
  Test #2385: SqpWarmCurrency.KIpmRefusesAStampMismatchLikeKWalk
  Test #2386: SqpWarmCurrency.ANonFiniteExtensionMuDegradesTheTierColdAndStagesInEveryMode
  Test #2387: SqpWarmCurrency.TheSamePayloadStagedTwiceGivesBitIdenticalKIpmSolves
  Test #2388: SqpWarmCurrency.AStagedTierSeedDoesNotSurviveIntoTheNextSolve
  Test #2389: SqpWarmCurrency.ThePayloadPathDeliversThePolishSplitWithoutFlattening
  Test #2390: SqpWarmCurrency.APolishMuAboveTheShippedCeilingIsClampedOutOfAdoption
  Test #2391: SqpWarmCurrency.APolishMuUnderTheShippedCeilingIsStillAdopted
  Test #2392: SsnEngineLocal.CorrectHintFromExactPrimalIsOneIteration
  Test #2393: SsnEngineLocal.ExactPrimalDualSeedCostsNoStep
  Test #2394: SsnEngineLocal.SaddleSeedIsNotCertifiedWithoutInertiaEvidence
  Test #2395: SsnEngineLocal.CorrectHintFromInteriorSeedSnapsOntoTheConstraint
  Test #2396: SsnEngineLocal.WrongHintRecoversWithABulkFlip
  Test #2397: SsnEngineLocal.BoxQpFromScrambledHint
  Test #2398: SsnEngineLocal.EqualityOnlyIsOneKktSolve
  Test #2399: SsnEngineLocal.MixedEqualityInequalityAndBoundsMatchesTheWalk
  Test #2400: SsnEngineLocal.ActivityExportAgreesWithTheWalk
  Test #2401: SsnEngineLocal.ActivityExportIsPopulatedOnEveryExit
  Test #2402: SsnEngineLocal.SeededZOnAnAbsentBoundThrows
  Test #2403: SsnEngineLocal.TheBoxCentreIsHonouredAndIsNotTheStartPoint
  Test #2404: SsnEngineLocal.ADisengagedBoxCentreIsBitIdenticalToTheCentreAtTheStartPoint
  Test #2405: SsnEngineLocal.AnEngagedBoxCentreIsSizeCheckedAndMustBeFinite
  Test #2406: SsnEngineLocal.TheStartPointIsTheFirstIterate
  Test #2407: SsnEngineLocal.TrustRegionPinsAreSeparatedFromRealBounds
  Test #2408: SsnEngineLocal.TrustRegionIsSoftAndTheExitContractSaysSo
  Test #2409: SsnEngineLocal.LooseTrustRegionIsBitIdenticalToNoOverride
  Test #2410: SsnEngineLocal.TrustRegionRadiusIsNotPartOfTheStructureKey
  Test #2411: SsnEngineLocal.RegularizerOverridesResolveLikeTheWalks
  Test #2412: SsnEngineLocal.PrimalDeltaOverrideChangesWhetherTheSolveConverges
  Test #2413: SsnEngineLocal.OverrideValidationMatchesTheWalksPrecondition
  Test #2414: SsnEngineLocal.FbIsEvaluatedWithoutCancellation
  Test #2415: SsnEngineLocal.ContradictoryFixedHintRecovers
  Test #2416: SsnEngineLocal.FixedVariableHintIsHonouredAsBothRowsActive
  Test #2417: SsnEngineLocal.SymbolicAnalysisIsPaidOncePerStructure
  Test #2418: SsnEngineLocal.BranchChangeDoesNotChangeThePattern
  Test #2419: SsnEngineLocal.PatternIsReusedAcrossSolvesOfTheSameStructure
  Test #2420: SsnEngineLocal.PatternKeyIsExactForUncompressedInput
  Test #2421: SsnEngineLocal.PatternKeySeparatesBoundLayoutsOfEqualSize
  Test #2422: SsnEngineLocal.SignFlipAtConstantBoundLayoutForcesRebuild
  Test #2423: SsnEngineLocal.BoxQpCountGrowsSlowlyInN
  Test #2424: SsnEngineLocal.HardBudgetStopsWithABudgetEscape
  Test #2425: SsnEngineLocal.NonFiniteStepIsReportedNotThrown
  Test #2426: SsnEngineLocal.DualRegularizationPicksTheMinimumNormMultiplier
  Test #2427: SsnEngineLocal.FbTolDerivationAndItsBound
  Test #2428: SsnEngineLocal.CallerErrorsThrow
  Test #2429: SsnEngineLocal.BareModeReproducesTheTask3Trajectories
  Test #2430: SsnEngineLocal.ChrCyclingBareCyclesAndSafeguardedConverges
  Test #2431: SsnEngineLocal.WeaklyActiveRowFinishesUncertain
  Test #2432: SsnEngineLocal.InfeasibleQpIsSuspectedNotCertified
  Test #2433: SsnEngineLocal.InfeasibilityIsReachedByBothRoutesAndOnBothShapes
  Test #2434: SsnEngineLocal.FeasibleButBadlyScaledIsNeverReportedInfeasible
  Test #2435: SsnEngineLocal.StallWindowGuardsKeepABrutallyScaledFeasibleQpHonest
  Test #2436: SsnEngineLocal.TheVerificationAttemptMovesNoStepCounter
  Test #2437: SsnEngineLocal.BudgetsAreEnforcedAndCountersAreTruthful
  Test #2438: SsnEngineLocal.LineSearchExemptsAHintedFirstStepInBothPolarities
  Test #2439: SsnEngineLocal.DualProjectionKeepsMultipliersFeasible
  Test #2440: SsnEngineLocal.IndefiniteHessianEscapesRatherThanCertifyingASaddle
  Test #2441: SsnEngineLocal.UncertainBandGeometryAndValidation
  Test #2442: SsnEngineLocal.SafeguardsAreFreeOnTheBenignFixtures
  Test #2443: SsnEngineLocal.TheEscapeReasonCensusMatchesTheReportedReason
  Test #2444: SsnEngineLocal.SafeguardCountersAreLive
  Test #2445: SsnEngineLocal.DriverSurfaceIsDeclaredButInert
  Test #2446: SsnEngineLocal.DeferredCertificationRelocatesExactlyOneFactorization
  Test #2447: SsnEngineLocal.DeferredCertificationWithdrawsTheSaddleCertificate
  Test #2448: SsnEngineLocal.APendingDeferredCertificationMayNotBeAbandoned
  Test #2449: SsnEngineLocal.TheResidualSigmaRuleIsInertUntilTheLadderArms
  Test #2450: SsnEngineLocal.TheResidualSigmaRuleKeepsTheLadderAsAMonotoneFloor
  Test #2451: SsnEngineLocal.TheWatchdogIsInvisibleOnACorrectHintAndReturnsOnAWrongOne
  Test #2452: SsnEngineLocal.TheFarkasGateKeepsTheDiagnosisAndRefusesTheFeasibleTrap
  Test #2453: JsonLinesTraceSink.GoldenLineIpqpIterWithInertiaPerturbedAndAnEscapedFactsString
  Test #2454: JsonLinesTraceSink.GoldenLineIpqpIterWithBothOptionalsAbsentAndTheThreeNonFiniteDoubles
  Test #2455: JsonLinesTraceSink.GoldenLineIpqpReg
  Test #2456: JsonLinesTraceSink.GoldenLineIpqpRestart
  Test #2457: JsonLinesTraceSink.GoldenLineIpqpRoute
  Test #2458: JsonLinesTraceSink.GoldenLineIpqpCertify
  Test #2459: JsonLinesTraceSink.GoldenLineIpqpEscapeCarriesBothTypedEvidenceBlocksAndNoVector
  Test #2460: JsonLinesTraceSink.GoldenLineQpMode
  Test #2461: JsonLinesTraceSink.GoldenLineQpModeAtANonDispatchSite
  Test #2462: JsonLinesTraceSink.GoldenLineFallbackVerdictWithAPlacement
  Test #2463: JsonLinesTraceSink.GoldenLineFallbackVerdictUnfiredWritesRhoZeroAsNull
  Test #2464: JsonLinesTraceSink.EveryEnumeratorHasItsSpecSpelling
  Test #2465: JsonLinesTraceSink.StringEscapingIsRfc8259AndUtf8PassesThrough
  Test #2466: JsonLinesTraceSink.SeqCountsFromOneAndTheSolvePairMovesTheEnvelope
  Test #2467: JsonLinesTraceSink.RoundTripIsBitExactOnTheHardDoubles
  Test #2468: JsonLinesTraceSink.RoundTripReadsEveryGoldenLineBackBitEqual
  Test #2469: JsonLinesTraceSink.RoundTripReachesInsideTheNestedEvidenceObject
  Test #2470: JsonLinesTraceSink.WholeSolveStreamCountsEqualTheCurrencyOnHS11AndHS38AtKIpm
  Test #2471: JsonLinesTraceSink.OnAWalkCellTheSinkChangesNoCounterAndWritesOnlyRows
  Test #2472: JsonLinesTraceSink.GoldenLineIpqpRestartSecondBoolSignature
  Test #2473: JsonLinesTraceSink.GoldenLineFallbackVerdictClampedWithoutARetry
  Test #2474: JsonLinesTraceSink.GoldenLineFallbackVerdictRetriedAtTheFloorWithoutAClamp
  Test #2475: JsonLinesTraceSink.GoldenLineIpqpEscapeStallBranch
  Test #2476: JsonLinesTraceSink.GoldenLineIpqpEscapeExhaustionRouteWithoutFarkas
  Test #2477: JsonLinesTraceSink.FailedIsStickyAndSeqKeepsAdvancingPastTheFailure
  Test #2478: JsonLinesTraceSink.AStreamThatFailsMidSolveDoesNotChangeTheSolve
  Test #2479: JsonLinesTraceSink.AnArmedExceptionMaskPropagatesOutOfTheSolveByDesign
  Test #2480: JsonLinesTraceSink.OnHS38AtKIpmTheSinkWritesHundredsOfLinesAndStillMovesNoCounter
  Test #2481: JsonLinesTraceSink.ThePinnedDeclineIsWhyTheEntryCountSubtractsDeclinedPinned
  Test #2482: JsonLinesTraceSink.TheVerdictStreamReproducesTheWHOLEPartitionOnAFiveClassPopulation
  Test #2483: JsonLinesTraceSink.GoldenLineSqpMajorFirstBoolSignatureAndTheWalkMode
  Test #2484: JsonLinesTraceSink.GoldenLineSqpMajorSecondBoolSignatureTheHardDoublesAndTheSsnMode
  Test #2485: JsonLinesTraceSink.GoldenLineSqpMajorThirdBoolSignatureAndTheIpqpMode
  Test #2486: JsonLinesTraceSink.GoldenLineSqpMajorEveryBoolTrue
  Test #2487: JsonLinesTraceSink.SqpMajorReproducesTheHistoryRowByRowOnAWalkCellAndAKIpmCell
  Test #2488: JsonLinesTraceSink.SqpMajorIsInCallerUnitsOnAScaledSolve
  Test #2489: JsonLinesTraceSink.QpModeOnAWalkCellIsOneLinePerMajorAndNamesTheWalk
  Test #2490: JsonLinesTraceSink.QpModeOnAnSsnCellCountsTheArmAndItsHandOffs
  Test #2491: JsonLinesTraceSink.QpModeOnAKIpmCellNamesTheTierAndTheDeclineRoutesToTheWalk
  Test #2492: JsonLinesTraceSink.SqpSolveEndCarriesTheWholeCountersObject
  Test #2493: JsonLinesTraceSink.SqpSolvePartitionsTwoSolvesOnOneSinkAndSeqStaysContiguous
  Test #2494: JsonLinesTraceSink.OrderIsTheJoinKeyOnHS38AtKIpm
  Test #2495: JsonLinesTraceSink.SqpSolveEndFiresOnEveryExitPathIncludingTheOnesThatSkipFinish
  Test #2496: JsonLinesTraceSink.TheNestedSolvesFirstRowCountsAgainstItsOwnEmptySet
  Test #2497: JsonLinesTraceSink.TheNestedSolvesActivityChurnStaysOutOfTheOuterTotals
  Test #2498: JsonLinesTraceSink.TheNestedRestorationSolveIsBracketedAtDepthOne
  Test #2499: JsonLinesTraceSink.GoldenLineSqpSolveBegin
  Test #2500: JsonLinesTraceSink.GoldenLineSqpSolveEndWithEveryCounterDistinct
  Test #2501: JsonLinesTraceSink.GoldenLineSqpSolveEndWritesTheAbsenceSentinelsAsNull
  Test #2502: JsonLinesTraceSink.SqpSolveEndKeysAreExactlyTheTablesAndAllDistinct
  Test #2503: JsonLinesTraceSink.SqpSolveEndReadsTheReturnedSolutionAndNotAMovedFromLocal
  Test #2504: JsonLinesTraceSink.AnArmedMaskFailingOnTheVERYLASTLinePropagatesRatherThanTerminating
  Test #2505: JsonLinesTraceSink.ARefusedArgumentWritesNothingAndLeavesTheNextSolveAtDepthZero
  Test #2506: JsonLinesTraceSink.ResetNestingRecoversASinkAfterASolveThatThrewMidBody
  Test #2507: JsonLinesTraceSink.SqpMajorReproducesTheHistoryOnTheRowThatSeedsRestoration
  Test #2508: JsonLinesTraceSink.TheRowsModeAndTheDispatchRecordDifferOnTheSsnWarmGrade
  Test #2509: JsonLinesTraceSink.TheRequestingRowIsWrittenAFTERTheNestedSolveItAskedFor
  Test #2510: JsonLinesTraceSink.GoldenLineIpmIterWithBothMinusOneConventionsActive
  Test #2511: JsonLinesTraceSink.GoldenLineIpmIterWithEverySentinelBearingFieldPresent
  Test #2512: JsonLinesTraceSink.GoldenLineIpmIterWithTheNonFiniteNewtonLadderMarker
  Test #2513: JsonLinesTraceSink.TheThreeIpmIterGoldenLinesIsolateEverySentinelSlot
  Test #2514: JsonLinesTraceSink.GoldenLineIpmSolveBegin
  Test #2515: JsonLinesTraceSink.GoldenLineIpmSolveEnd
  Test #2516: JsonLinesTraceSink.GoldenLineIpmRestorationExitRow
  Test #2517: JsonLinesTraceSink.TheRestorationExitRowIsAdjacentToItsOwnIterLine
  Test #2518: JsonLinesTraceSink.GoldenLineIpmPhaseBegin
  Test #2519: JsonLinesTraceSink.GoldenLineIpmPhaseEnd
  Test #2520: JsonLinesTraceSink.GoldenLineIpmKktAnalysis
  Test #2521: JsonLinesTraceSink.TheKktAnalysisFactorFiguresAreNullOnARefactorization
  Test #2522: JsonLinesTraceSink.GoldenLineIpmPhaseExit
  Test #2523: JsonLinesTraceSink.GoldenLineIpmMessage
  Test #2524: JsonLinesTraceSink.TheInertiaMessageFillsEverySlotTheOtherKindsLeaveNull
  Test #2525: JsonLinesTraceSink.TheIpmPairMovesNoDepthAndDoesNotDisturbTheSqpNesting
  Test #2526: JsonLinesTraceSink.NoIpmLineCarriesAnUnknownEnumString
  Test #2527: SqpCountersFieldTables.EachTableEnumeratesItsWholeStruct
  Test #2528: SqpConsole.TheUsersJsonStreamIsByteIdenticalWithAndWithoutTheConsole
  Test #2529: SqpConsole.TheLiveConsoleEqualsFormatIterationTable
  Test #2530: SqpConsole.TheSqpDefaultPrintLevelWritesNothing
  Test #2531: SqpConsole.ACountingSinkSeesTheSameEventsWithPrintingOnAndOff
  Test #2532: SqpConsole.TheRestorationSubDriverIsTheOneDriverThatNeverPrints
  Test #2533: SqpConsole.AttachTraceDuringASolveIsRefused
  Test #2534: Types.DefaultsMatchSpec
  Test #2535: WarmStart.SolvedHs7PopulatesEveryField
  Test #2536: WarmStart.MaxIterSolveEmitsValidWarmObjectAtBestKnownIterate
  Test #2537: WarmStart.StructureHashMatchesSameModelDiffersAcrossModels
  Test #2538: WarmStart.ZeroMajorSolveEmitsTheSameStructureHashAsABuiltSubproblem
  Test #2539: WarmStart.WarmMatchesColdOnIdenticalProblem
  Test #2540: WarmStart.LedgerRecordsColdVsWarmStartLevel
  Test #2541: WarmStart.StaleWarmIsSafe
  Test #2542: WarmStart.PerturbedWarmBeatsCold
  Test #2543: WarmStart.ActivityMappingMarksKnownActiveRowsOnHs76
  Test #2544: WarmStart.HotReusesFactorization
  Test #2545: WarmStart.AnIdenticalOptionsRebuildStillAdoptsAHotHandle
  Test #2546: WarmStart.AChangedQpOptionRefusesAHotHandle
  Test #2547: WarmStart.AChangedThreadCountRefusesAHotHandle
  Test #2548: WarmStart.AFailedOptionReplacementLeavesHotReuseIntact
  Test #2549: WarmStart.TheLiveCacheCarriesTheChainAcrossAnIdenticalOptionsRebuild
  Test #2550: WarmStart.AFailedReplacementLeavesTheDriversOwnLiveCacheInForce
  Test #2551: WarmStart.HotReuseIsNeverAnswerObservable
  Test #2552: WarmStart.ChangedHValueDegradesToWarmWithRefactorization
  Test #2553: WarmStart.LedgerFactorizationsSavedTracksHotVsDegradedWarm
  Test #2554: WarmStart.ProducerSolvingAgainBeforeHandleConsumedDegradesToWarm
  Test #2555: WarmStart.RefusedAdoptionDoesNotCorruptProducersOwnState
  Test #2556: WarmStart.NeverSharedSolvePaysOneSymbolicAnalysis
  Test #2557: WarmStart.WarmFullStepConvergesInFewMajors
  Test #2558: WarmStart.WatchdogRestoresOnDivergence
  Test #2559: WarmStart.WatchdogStallExitBreaksAFullStepCycle
  Test #2560: WarmStart.WatchdogRebaseNeverWidensTheFunnel
  Test #2561: WarmStart.FullStepModeInheritsElasticAndRestoration
  Test #2562: WarmStart.FullStepDisabledMatchesTask3
  Test #2563: WarmStart.BudgetReturnsUsableIterate
  Test #2564: WarmStart.ChainedBudgetSolvesReachOptimal
  Test #2565: WarmStart.BudgetModeOffMatchesMaxIterExactly
  Test #2566: WarmStart.CrossoverRecoversExactSolveHs14
  Test #2567: WarmStart.CrossoverRecoversExactSolveF1
  Test #2568: WarmStart.CrossoverDegenerateRowLeftFree
  Test #2569: WarmStart.CrossoverDimensionMismatchesThrow
  Test #2570: WarmStart.CrossoverWrongSignDualLeavesRowFree
  Test #2571: WarmStart.SeededGrossWrongSignPriceDegradesToCold
  Test #2572: WarmStart.SeededDualClampBoundaryIsExactOnBothSides
  Test #2573: WarmStart.SeededB1ClearRunsBeforeTheSignClampAndTheOrderIsObservable
  Test #2574: WarmStart.SeededGateRejectsIncompatibleAndNonFiniteObjects
  Test #2575: WarmStart.NonFiniteObjectResolvesColdEvenWithAMatchingHash
  Test #2576: WarmStart.SeededRefusesFunnelTrustRegionAndFullStepState
  Test #2577: WarmStart.LedgerLevelHistogramCountsEveryResolvedLevel
  Test #2578: WarmStart.CrossoverActivityInferenceRecoversTheCollocationActiveSet
  Test #2579: WarmStart.CrossoverActivityInferenceHoldsUnderMeshRefinement
  Test #2580: WarmStart.CrossoverLooseIpIterateDoesNotOverInfer
  Test #2581: WarmStart.CrossoverActivityRepairBakeOffRecordsTheRejectedCandidate
  Test #2582: WarmStart.CrossoverAllZeroDualsInferNothingAndStillResolveSeeded
  Test #2583: WarmStart.CrossoverExtremeDualAgainstALargeResidualIsRefused
  Test #2584: WarmStart.CrossoverBoundActivityIsInferredAtCollocationScale
  Test #2585: WarmStart.CrossoverFalseActiveGuardDegradesAtTheOperativeBarrierLevel
  Test #2586: WarmStartProxCarry.TheCarryIsHashGatedAndIsNeverEmittedByAWalkSolve
  Test #2587: WarmStartBattery.Corpus
  Test #2588: WarmStartBattery.ZeroMajorStepKeepsTheWarmStartChain
  Test #2589: WarmStartBattery.CrossoverChainOnTheBridgeFamilyBeatsCold
  Test #2590: SnoptBridgeGate.ColdSolveLandsOnTheManufacturedOptimum
  Test #2591: SnoptBridgeGate.AccuracyTracksTheRequestedToleranceWithNoFloor
  Test #2592: SnoptBridgeGate.RowTranscriptionMatchesTheModelAtTheSolution
  Test #2593: SnoptBridgeGate.WarmBasisReSolveLandsOnTheOptimumAtTheNewParameter

Total Tests: 2593
