pass_,arm,cell,treatment,round,event,value
A,510a4bb,f7_n10000_bound_neutral,MakeConstraint,1,instructions:u,7051948993
A,510a4bb,f7_n10000_bound_neutral,MakeConstraint,1,branches:u,1253907204
A,510a4bb,f7_n10000_bound_neutral,MakeConstraint,1,cycles:u,2914666394
A,510a4bb,f7_n10000_bound_neutral,MakeConstraint,1,branch-misses:u,1773193
A,510a4bb,f7_n10000_bound_neutral,MakeConstraint,1,L1-icache-load-misses:u,452090
A,510a4bb,f7_n10000_bound_neutral,MakeConstraint,1,elapsed_s,0.96902589
A,510a4bb,f7_n10000_bound_neutral,MakeConstraint,2,instructions:u,7032786100
A,510a4bb,f7_n10000_bound_neutral,MakeConstraint,2,branches:u,1248343735
A,510a4bb,f7_n10000_bound_neutral,MakeConstraint,2,cycles:u,2899834967
A,510a4bb,f7_n10000_bound_neutral,MakeConstraint,2,branch-misses:u,1775495
A,510a4bb,f7_n10000_bound_neutral,MakeConstraint,2,L1-icache-load-misses:u,418407
A,510a4bb,f7_n10000_bound_neutral,MakeConstraint,2,elapsed_s,0.967810095
A,510a4bb,f7_n10000_bound_neutral,MakeConstraint,3,instructions:u,7028083585
A,510a4bb,f7_n10000_bound_neutral,MakeConstraint,3,branches:u,1246978436
A,510a4bb,f7_n10000_bound_neutral,MakeConstraint,3,cycles:u,2900042114
A,510a4bb,f7_n10000_bound_neutral,MakeConstraint,3,branch-misses:u,1788783
A,510a4bb,f7_n10000_bound_neutral,MakeConstraint,3,L1-icache-load-misses:u,436281
A,510a4bb,f7_n10000_bound_neutral,MakeConstraint,3,elapsed_s,0.9667889
A,510a4bb,f7_n10000_bound_neutral,MakeConstraint,4,instructions:u,7023446375
A,510a4bb,f7_n10000_bound_neutral,MakeConstraint,4,branches:u,1245632139
A,510a4bb,f7_n10000_bound_neutral,MakeConstraint,4,cycles:u,2901556582
A,510a4bb,f7_n10000_bound_neutral,MakeConstraint,4,branch-misses:u,1786493
A,510a4bb,f7_n10000_bound_neutral,MakeConstraint,4,L1-icache-load-misses:u,437969
A,510a4bb,f7_n10000_bound_neutral,MakeConstraint,4,elapsed_s,0.967990978
A,510a4bb,f7_n10000_bound_neutral,MakeConstraint,5,instructions:u,7005927867
A,510a4bb,f7_n10000_bound_neutral,MakeConstraint,5,branches:u,1240546516
A,510a4bb,f7_n10000_bound_neutral,MakeConstraint,5,cycles:u,2886207396
A,510a4bb,f7_n10000_bound_neutral,MakeConstraint,5,branch-misses:u,1771391
A,510a4bb,f7_n10000_bound_neutral,MakeConstraint,5,L1-icache-load-misses:u,426391
A,510a4bb,f7_n10000_bound_neutral,MakeConstraint,5,elapsed_s,0.962748484
A,510a4bb,f7_n10000_bound_neutral,MakeParameter,1,instructions:u,8799045219
A,510a4bb,f7_n10000_bound_neutral,MakeParameter,1,branches:u,1761088033
A,510a4bb,f7_n10000_bound_neutral,MakeParameter,1,cycles:u,4138329330
A,510a4bb,f7_n10000_bound_neutral,MakeParameter,1,branch-misses:u,1779619
A,510a4bb,f7_n10000_bound_neutral,MakeParameter,1,L1-icache-load-misses:u,448461
A,510a4bb,f7_n10000_bound_neutral,MakeParameter,1,elapsed_s,1.332570307
A,510a4bb,f7_n10000_bound_neutral,MakeParameter,2,instructions:u,8792220179
A,510a4bb,f7_n10000_bound_neutral,MakeParameter,2,branches:u,1759106563
A,510a4bb,f7_n10000_bound_neutral,MakeParameter,2,cycles:u,4134063720
A,510a4bb,f7_n10000_bound_neutral,MakeParameter,2,branch-misses:u,1753797
A,510a4bb,f7_n10000_bound_neutral,MakeParameter,2,L1-icache-load-misses:u,419789
A,510a4bb,f7_n10000_bound_neutral,MakeParameter,2,elapsed_s,1.335105344
A,510a4bb,f7_n10000_bound_neutral,MakeParameter,3,instructions:u,8781131400
A,510a4bb,f7_n10000_bound_neutral,MakeParameter,3,branches:u,1755887250
A,510a4bb,f7_n10000_bound_neutral,MakeParameter,3,cycles:u,4141269515
A,510a4bb,f7_n10000_bound_neutral,MakeParameter,3,branch-misses:u,1779822
A,510a4bb,f7_n10000_bound_neutral,MakeParameter,3,L1-icache-load-misses:u,425469
A,510a4bb,f7_n10000_bound_neutral,MakeParameter,3,elapsed_s,1.336609447
A,510a4bb,f7_n10000_bound_neutral,MakeParameter,4,instructions:u,8793487278
A,510a4bb,f7_n10000_bound_neutral,MakeParameter,4,branches:u,1759474434
A,510a4bb,f7_n10000_bound_neutral,MakeParameter,4,cycles:u,4139983593
A,510a4bb,f7_n10000_bound_neutral,MakeParameter,4,branch-misses:u,1779278
A,510a4bb,f7_n10000_bound_neutral,MakeParameter,4,L1-icache-load-misses:u,421789
A,510a4bb,f7_n10000_bound_neutral,MakeParameter,4,elapsed_s,1.335849473
A,510a4bb,f7_n10000_bound_neutral,MakeParameter,5,instructions:u,8792854356
A,510a4bb,f7_n10000_bound_neutral,MakeParameter,5,branches:u,1759290680
A,510a4bb,f7_n10000_bound_neutral,MakeParameter,5,cycles:u,4149832495
A,510a4bb,f7_n10000_bound_neutral,MakeParameter,5,branch-misses:u,1788610
A,510a4bb,f7_n10000_bound_neutral,MakeParameter,5,L1-icache-load-misses:u,415027
A,510a4bb,f7_n10000_bound_neutral,MakeParameter,5,elapsed_s,1.338782229
A,510a4bb,f7_n10000_bound_neutral,RelaxBounds,1,instructions:u,7068703560
A,510a4bb,f7_n10000_bound_neutral,RelaxBounds,1,branches:u,1258730581
A,510a4bb,f7_n10000_bound_neutral,RelaxBounds,1,cycles:u,2901269425
A,510a4bb,f7_n10000_bound_neutral,RelaxBounds,1,branch-misses:u,1781998
A,510a4bb,f7_n10000_bound_neutral,RelaxBounds,1,L1-icache-load-misses:u,445257
A,510a4bb,f7_n10000_bound_neutral,RelaxBounds,1,elapsed_s,0.969371538
A,510a4bb,f7_n10000_bound_neutral,RelaxBounds,2,instructions:u,7031999551
A,510a4bb,f7_n10000_bound_neutral,RelaxBounds,2,branches:u,1248074521
A,510a4bb,f7_n10000_bound_neutral,RelaxBounds,2,cycles:u,2900096699
A,510a4bb,f7_n10000_bound_neutral,RelaxBounds,2,branch-misses:u,1763121
A,510a4bb,f7_n10000_bound_neutral,RelaxBounds,2,L1-icache-load-misses:u,415031
A,510a4bb,f7_n10000_bound_neutral,RelaxBounds,2,elapsed_s,0.968003964
A,510a4bb,f7_n10000_bound_neutral,RelaxBounds,3,instructions:u,6988458531
A,510a4bb,f7_n10000_bound_neutral,RelaxBounds,3,branches:u,1235433648
A,510a4bb,f7_n10000_bound_neutral,RelaxBounds,3,cycles:u,2875634132
A,510a4bb,f7_n10000_bound_neutral,RelaxBounds,3,branch-misses:u,1770779
A,510a4bb,f7_n10000_bound_neutral,RelaxBounds,3,L1-icache-load-misses:u,431087
A,510a4bb,f7_n10000_bound_neutral,RelaxBounds,3,elapsed_s,0.957676125
A,510a4bb,f7_n10000_bound_neutral,RelaxBounds,4,instructions:u,6977698108
A,510a4bb,f7_n10000_bound_neutral,RelaxBounds,4,branches:u,1232309639
A,510a4bb,f7_n10000_bound_neutral,RelaxBounds,4,cycles:u,2866623195
A,510a4bb,f7_n10000_bound_neutral,RelaxBounds,4,branch-misses:u,1787769
A,510a4bb,f7_n10000_bound_neutral,RelaxBounds,4,L1-icache-load-misses:u,430790
A,510a4bb,f7_n10000_bound_neutral,RelaxBounds,4,elapsed_s,0.953843726
A,510a4bb,f7_n10000_bound_neutral,RelaxBounds,5,instructions:u,6988183523
A,510a4bb,f7_n10000_bound_neutral,RelaxBounds,5,branches:u,1235353735
A,510a4bb,f7_n10000_bound_neutral,RelaxBounds,5,cycles:u,2870070320
A,510a4bb,f7_n10000_bound_neutral,RelaxBounds,5,branch-misses:u,1767621
A,510a4bb,f7_n10000_bound_neutral,RelaxBounds,5,L1-icache-load-misses:u,438499
A,510a4bb,f7_n10000_bound_neutral,RelaxBounds,5,elapsed_s,0.954962771
A,510a4bb,f7_n1000_bound_physics,MakeConstraint,1,instructions:u,4760538666
A,510a4bb,f7_n1000_bound_physics,MakeConstraint,1,branches:u,1333046708
A,510a4bb,f7_n1000_bound_physics,MakeConstraint,1,cycles:u,3219925937
A,510a4bb,f7_n1000_bound_physics,MakeConstraint,1,branch-misses:u,236173
A,510a4bb,f7_n1000_bound_physics,MakeConstraint,1,L1-icache-load-misses:u,32674
A,510a4bb,f7_n1000_bound_physics,MakeConstraint,1,elapsed_s,0.970712931
A,510a4bb,f7_n1000_bound_physics,MakeConstraint,2,instructions:u,4752690553
A,510a4bb,f7_n1000_bound_physics,MakeConstraint,2,branches:u,1330768273
A,510a4bb,f7_n1000_bound_physics,MakeConstraint,2,cycles:u,3212716949
A,510a4bb,f7_n1000_bound_physics,MakeConstraint,2,branch-misses:u,237485
A,510a4bb,f7_n1000_bound_physics,MakeConstraint,2,L1-icache-load-misses:u,30794
A,510a4bb,f7_n1000_bound_physics,MakeConstraint,2,elapsed_s,0.969081899
A,510a4bb,f7_n1000_bound_physics,MakeConstraint,3,instructions:u,4755103832
A,510a4bb,f7_n1000_bound_physics,MakeConstraint,3,branches:u,1331468889
A,510a4bb,f7_n1000_bound_physics,MakeConstraint,3,cycles:u,3213312004
A,510a4bb,f7_n1000_bound_physics,MakeConstraint,3,branch-misses:u,240975
A,510a4bb,f7_n1000_bound_physics,MakeConstraint,3,L1-icache-load-misses:u,31053
A,510a4bb,f7_n1000_bound_physics,MakeConstraint,3,elapsed_s,0.969341928
A,510a4bb,f7_n1000_bound_physics,MakeConstraint,4,instructions:u,4752845847
A,510a4bb,f7_n1000_bound_physics,MakeConstraint,4,branches:u,1330813224
A,510a4bb,f7_n1000_bound_physics,MakeConstraint,4,cycles:u,3213353420
A,510a4bb,f7_n1000_bound_physics,MakeConstraint,4,branch-misses:u,237863
A,510a4bb,f7_n1000_bound_physics,MakeConstraint,4,L1-icache-load-misses:u,30885
A,510a4bb,f7_n1000_bound_physics,MakeConstraint,4,elapsed_s,0.969356101
A,510a4bb,f7_n1000_bound_physics,MakeConstraint,5,instructions:u,4740925691
A,510a4bb,f7_n1000_bound_physics,MakeConstraint,5,branches:u,1327352727
A,510a4bb,f7_n1000_bound_physics,MakeConstraint,5,cycles:u,3211119864
A,510a4bb,f7_n1000_bound_physics,MakeConstraint,5,branch-misses:u,237673
A,510a4bb,f7_n1000_bound_physics,MakeConstraint,5,L1-icache-load-misses:u,30773
A,510a4bb,f7_n1000_bound_physics,MakeConstraint,5,elapsed_s,0.968740985
A,510a4bb,f7_n1000_bound_physics,MakeParameter,1,instructions:u,914226653
A,510a4bb,f7_n1000_bound_physics,MakeParameter,1,branches:u,216374983
A,510a4bb,f7_n1000_bound_physics,MakeParameter,1,cycles:u,516572805
A,510a4bb,f7_n1000_bound_physics,MakeParameter,1,branch-misses:u,236992
A,510a4bb,f7_n1000_bound_physics,MakeParameter,1,L1-icache-load-misses:u,32324
A,510a4bb,f7_n1000_bound_physics,MakeParameter,1,elapsed_s,0.164378593
A,510a4bb,f7_n1000_bound_physics,MakeParameter,2,instructions:u,4202712364
A,510a4bb,f7_n1000_bound_physics,MakeParameter,2,branches:u,1171097076
A,510a4bb,f7_n1000_bound_physics,MakeParameter,2,cycles:u,2824982633
A,510a4bb,f7_n1000_bound_physics,MakeParameter,2,branch-misses:u,237051
A,510a4bb,f7_n1000_bound_physics,MakeParameter,2,L1-icache-load-misses:u,30965
A,510a4bb,f7_n1000_bound_physics,MakeParameter,2,elapsed_s,0.854217346
A,510a4bb,f7_n1000_bound_physics,MakeParameter,3,instructions:u,4198923417
A,510a4bb,f7_n1000_bound_physics,MakeParameter,3,branches:u,1169997056
A,510a4bb,f7_n1000_bound_physics,MakeParameter,3,cycles:u,2824179618
A,510a4bb,f7_n1000_bound_physics,MakeParameter,3,branch-misses:u,238480
A,510a4bb,f7_n1000_bound_physics,MakeParameter,3,L1-icache-load-misses:u,31108
A,510a4bb,f7_n1000_bound_physics,MakeParameter,3,elapsed_s,0.854008897
A,510a4bb,f7_n1000_bound_physics,MakeParameter,4,instructions:u,3834553912
A,510a4bb,f7_n1000_bound_physics,MakeParameter,4,branches:u,1064212352
A,510a4bb,f7_n1000_bound_physics,MakeParameter,4,cycles:u,2567935625
A,510a4bb,f7_n1000_bound_physics,MakeParameter,4,branch-misses:u,237148
A,510a4bb,f7_n1000_bound_physics,MakeParameter,4,L1-icache-load-misses:u,30311
A,510a4bb,f7_n1000_bound_physics,MakeParameter,4,elapsed_s,0.777701656
A,510a4bb,f7_n1000_bound_physics,MakeParameter,5,instructions:u,4188096280
A,510a4bb,f7_n1000_bound_physics,MakeParameter,5,branches:u,1166853725
A,510a4bb,f7_n1000_bound_physics,MakeParameter,5,cycles:u,2828970897
A,510a4bb,f7_n1000_bound_physics,MakeParameter,5,branch-misses:u,238278
A,510a4bb,f7_n1000_bound_physics,MakeParameter,5,L1-icache-load-misses:u,31118
A,510a4bb,f7_n1000_bound_physics,MakeParameter,5,elapsed_s,0.855542221
A,510a4bb,f7_n1000_bound_physics,RelaxBounds,1,instructions:u,4756051715
A,510a4bb,f7_n1000_bound_physics,RelaxBounds,1,branches:u,1331744058
A,510a4bb,f7_n1000_bound_physics,RelaxBounds,1,cycles:u,3214001794
A,510a4bb,f7_n1000_bound_physics,RelaxBounds,1,branch-misses:u,236623
A,510a4bb,f7_n1000_bound_physics,RelaxBounds,1,L1-icache-load-misses:u,30090
A,510a4bb,f7_n1000_bound_physics,RelaxBounds,1,elapsed_s,0.969239739
A,510a4bb,f7_n1000_bound_physics,RelaxBounds,2,instructions:u,4754287298
A,510a4bb,f7_n1000_bound_physics,RelaxBounds,2,branches:u,1331231804
A,510a4bb,f7_n1000_bound_physics,RelaxBounds,2,cycles:u,3214282239
A,510a4bb,f7_n1000_bound_physics,RelaxBounds,2,branch-misses:u,237863
A,510a4bb,f7_n1000_bound_physics,RelaxBounds,2,L1-icache-load-misses:u,31211
A,510a4bb,f7_n1000_bound_physics,RelaxBounds,2,elapsed_s,0.969498197
A,510a4bb,f7_n1000_bound_physics,RelaxBounds,3,instructions:u,4831053182
A,510a4bb,f7_n1000_bound_physics,RelaxBounds,3,branches:u,1353518819
A,510a4bb,f7_n1000_bound_physics,RelaxBounds,3,cycles:u,3212782969
A,510a4bb,f7_n1000_bound_physics,RelaxBounds,3,branch-misses:u,239609
A,510a4bb,f7_n1000_bound_physics,RelaxBounds,3,L1-icache-load-misses:u,30055
A,510a4bb,f7_n1000_bound_physics,RelaxBounds,3,elapsed_s,0.969200889
A,510a4bb,f7_n1000_bound_physics,RelaxBounds,4,instructions:u,4752199784
A,510a4bb,f7_n1000_bound_physics,RelaxBounds,4,branches:u,1330625764
A,510a4bb,f7_n1000_bound_physics,RelaxBounds,4,cycles:u,3213300894
A,510a4bb,f7_n1000_bound_physics,RelaxBounds,4,branch-misses:u,237536
A,510a4bb,f7_n1000_bound_physics,RelaxBounds,4,L1-icache-load-misses:u,32466
A,510a4bb,f7_n1000_bound_physics,RelaxBounds,4,elapsed_s,0.969311992
A,510a4bb,f7_n1000_bound_physics,RelaxBounds,5,instructions:u,4752275726
A,510a4bb,f7_n1000_bound_physics,RelaxBounds,5,branches:u,1330647897
A,510a4bb,f7_n1000_bound_physics,RelaxBounds,5,cycles:u,3212393968
A,510a4bb,f7_n1000_bound_physics,RelaxBounds,5,branch-misses:u,237361
A,510a4bb,f7_n1000_bound_physics,RelaxBounds,5,L1-icache-load-misses:u,31149
A,510a4bb,f7_n1000_bound_physics,RelaxBounds,5,elapsed_s,0.968842694
A,510a4bb,f7_n20000_bound_neutral,MakeConstraint,1,instructions:u,14150130558
A,510a4bb,f7_n20000_bound_neutral,MakeConstraint,1,branches:u,2505574534
A,510a4bb,f7_n20000_bound_neutral,MakeConstraint,1,cycles:u,5936351363
A,510a4bb,f7_n20000_bound_neutral,MakeConstraint,1,branch-misses:u,3438432
A,510a4bb,f7_n20000_bound_neutral,MakeConstraint,1,L1-icache-load-misses:u,879418
A,510a4bb,f7_n20000_bound_neutral,MakeConstraint,1,elapsed_s,1.969862565
A,510a4bb,f7_n20000_bound_neutral,MakeConstraint,2,instructions:u,14142091506
A,510a4bb,f7_n20000_bound_neutral,MakeConstraint,2,branches:u,2503240372
A,510a4bb,f7_n20000_bound_neutral,MakeConstraint,2,cycles:u,5951452392
A,510a4bb,f7_n20000_bound_neutral,MakeConstraint,2,branch-misses:u,3442311
A,510a4bb,f7_n20000_bound_neutral,MakeConstraint,2,L1-icache-load-misses:u,839314
A,510a4bb,f7_n20000_bound_neutral,MakeConstraint,2,elapsed_s,1.978528294
A,510a4bb,f7_n20000_bound_neutral,MakeConstraint,3,instructions:u,14113956722
A,510a4bb,f7_n20000_bound_neutral,MakeConstraint,3,branches:u,2495072358
A,510a4bb,f7_n20000_bound_neutral,MakeConstraint,3,cycles:u,5906022791
A,510a4bb,f7_n20000_bound_neutral,MakeConstraint,3,branch-misses:u,3470230
A,510a4bb,f7_n20000_bound_neutral,MakeConstraint,3,L1-icache-load-misses:u,857464
A,510a4bb,f7_n20000_bound_neutral,MakeConstraint,3,elapsed_s,1.962518961
A,510a4bb,f7_n20000_bound_neutral,MakeConstraint,4,instructions:u,14130435664
A,510a4bb,f7_n20000_bound_neutral,MakeConstraint,4,branches:u,2499856458
A,510a4bb,f7_n20000_bound_neutral,MakeConstraint,4,cycles:u,5919218213
A,510a4bb,f7_n20000_bound_neutral,MakeConstraint,4,branch-misses:u,3455468
A,510a4bb,f7_n20000_bound_neutral,MakeConstraint,4,L1-icache-load-misses:u,858704
A,510a4bb,f7_n20000_bound_neutral,MakeConstraint,4,elapsed_s,1.967343884
A,510a4bb,f7_n20000_bound_neutral,MakeConstraint,5,instructions:u,14205482471
A,510a4bb,f7_n20000_bound_neutral,MakeConstraint,5,branches:u,2521644371
A,510a4bb,f7_n20000_bound_neutral,MakeConstraint,5,cycles:u,5916885232
A,510a4bb,f7_n20000_bound_neutral,MakeConstraint,5,branch-misses:u,3443671
A,510a4bb,f7_n20000_bound_neutral,MakeConstraint,5,L1-icache-load-misses:u,849821
A,510a4bb,f7_n20000_bound_neutral,MakeConstraint,5,elapsed_s,1.965145555
A,510a4bb,f7_n20000_bound_neutral,MakeParameter,1,instructions:u,12219382103
A,510a4bb,f7_n20000_bound_neutral,MakeParameter,1,branches:u,1945196928
A,510a4bb,f7_n20000_bound_neutral,MakeParameter,1,cycles:u,4577100768
A,510a4bb,f7_n20000_bound_neutral,MakeParameter,1,branch-misses:u,3470068
A,510a4bb,f7_n20000_bound_neutral,MakeParameter,1,L1-icache-load-misses:u,844786
A,510a4bb,f7_n20000_bound_neutral,MakeParameter,1,elapsed_s,1.563505766
A,510a4bb,f7_n20000_bound_neutral,MakeParameter,2,instructions:u,12210231508
A,510a4bb,f7_n20000_bound_neutral,MakeParameter,2,branches:u,1942540844
A,510a4bb,f7_n20000_bound_neutral,MakeParameter,2,cycles:u,4566147413
A,510a4bb,f7_n20000_bound_neutral,MakeParameter,2,branch-misses:u,3445199
A,510a4bb,f7_n20000_bound_neutral,MakeParameter,2,L1-icache-load-misses:u,852070
A,510a4bb,f7_n20000_bound_neutral,MakeParameter,2,elapsed_s,1.563149088
A,510a4bb,f7_n20000_bound_neutral,MakeParameter,3,instructions:u,12202640628
A,510a4bb,f7_n20000_bound_neutral,MakeParameter,3,branches:u,1940337034
A,510a4bb,f7_n20000_bound_neutral,MakeParameter,3,cycles:u,4579227189
A,510a4bb,f7_n20000_bound_neutral,MakeParameter,3,branch-misses:u,3450732
A,510a4bb,f7_n20000_bound_neutral,MakeParameter,3,L1-icache-load-misses:u,851427
A,510a4bb,f7_n20000_bound_neutral,MakeParameter,3,elapsed_s,1.568004014
A,510a4bb,f7_n20000_bound_neutral,MakeParameter,4,instructions:u,12226162908
A,510a4bb,f7_n20000_bound_neutral,MakeParameter,4,branches:u,1947166174
A,510a4bb,f7_n20000_bound_neutral,MakeParameter,4,cycles:u,4576006741
A,510a4bb,f7_n20000_bound_neutral,MakeParameter,4,branch-misses:u,3465167
A,510a4bb,f7_n20000_bound_neutral,MakeParameter,4,L1-icache-load-misses:u,858587
A,510a4bb,f7_n20000_bound_neutral,MakeParameter,4,elapsed_s,1.565808022
A,510a4bb,f7_n20000_bound_neutral,MakeParameter,5,instructions:u,12209093735
A,510a4bb,f7_n20000_bound_neutral,MakeParameter,5,branches:u,1942210522
A,510a4bb,f7_n20000_bound_neutral,MakeParameter,5,cycles:u,4581617758
A,510a4bb,f7_n20000_bound_neutral,MakeParameter,5,branch-misses:u,3435934
A,510a4bb,f7_n20000_bound_neutral,MakeParameter,5,L1-icache-load-misses:u,847922
A,510a4bb,f7_n20000_bound_neutral,MakeParameter,5,elapsed_s,1.567426675
A,510a4bb,f7_n20000_bound_neutral,RelaxBounds,1,instructions:u,14148216200
A,510a4bb,f7_n20000_bound_neutral,RelaxBounds,1,branches:u,2505181907
A,510a4bb,f7_n20000_bound_neutral,RelaxBounds,1,cycles:u,5932124583
A,510a4bb,f7_n20000_bound_neutral,RelaxBounds,1,branch-misses:u,3452083
A,510a4bb,f7_n20000_bound_neutral,RelaxBounds,1,L1-icache-load-misses:u,871736
A,510a4bb,f7_n20000_bound_neutral,RelaxBounds,1,elapsed_s,1.968372062
A,510a4bb,f7_n20000_bound_neutral,RelaxBounds,2,instructions:u,14181913866
A,510a4bb,f7_n20000_bound_neutral,RelaxBounds,2,branches:u,2514965475
A,510a4bb,f7_n20000_bound_neutral,RelaxBounds,2,cycles:u,5889763902
A,510a4bb,f7_n20000_bound_neutral,RelaxBounds,2,branch-misses:u,3458529
A,510a4bb,f7_n20000_bound_neutral,RelaxBounds,2,L1-icache-load-misses:u,863387
A,510a4bb,f7_n20000_bound_neutral,RelaxBounds,2,elapsed_s,1.960824899
A,510a4bb,f7_n20000_bound_neutral,RelaxBounds,3,instructions:u,14137972992
A,510a4bb,f7_n20000_bound_neutral,RelaxBounds,3,branches:u,2502208002
A,510a4bb,f7_n20000_bound_neutral,RelaxBounds,3,cycles:u,5926850857
A,510a4bb,f7_n20000_bound_neutral,RelaxBounds,3,branch-misses:u,3444358
A,510a4bb,f7_n20000_bound_neutral,RelaxBounds,3,L1-icache-load-misses:u,848550
A,510a4bb,f7_n20000_bound_neutral,RelaxBounds,3,elapsed_s,1.969555098
A,510a4bb,f7_n20000_bound_neutral,RelaxBounds,4,instructions:u,14136719319
A,510a4bb,f7_n20000_bound_neutral,RelaxBounds,4,branches:u,2501843864
A,510a4bb,f7_n20000_bound_neutral,RelaxBounds,4,cycles:u,5933739059
A,510a4bb,f7_n20000_bound_neutral,RelaxBounds,4,branch-misses:u,3429502
A,510a4bb,f7_n20000_bound_neutral,RelaxBounds,4,L1-icache-load-misses:u,869757
A,510a4bb,f7_n20000_bound_neutral,RelaxBounds,4,elapsed_s,1.970387079
A,510a4bb,f7_n20000_bound_neutral,RelaxBounds,5,instructions:u,14142595552
A,510a4bb,f7_n20000_bound_neutral,RelaxBounds,5,branches:u,2503550041
A,510a4bb,f7_n20000_bound_neutral,RelaxBounds,5,cycles:u,5929152289
A,510a4bb,f7_n20000_bound_neutral,RelaxBounds,5,branch-misses:u,3465237
A,510a4bb,f7_n20000_bound_neutral,RelaxBounds,5,L1-icache-load-misses:u,816342
A,510a4bb,f7_n20000_bound_neutral,RelaxBounds,5,elapsed_s,1.969455175
A,510a4bb,f7_n5000_bound_physics,MakeConstraint,1,instructions:u,5325099199
A,510a4bb,f7_n5000_bound_physics,MakeConstraint,1,branches:u,1291967703
A,510a4bb,f7_n5000_bound_physics,MakeConstraint,1,cycles:u,3079712441
A,510a4bb,f7_n5000_bound_physics,MakeConstraint,1,branch-misses:u,782099
A,510a4bb,f7_n5000_bound_physics,MakeConstraint,1,L1-icache-load-misses:u,142485
A,510a4bb,f7_n5000_bound_physics,MakeConstraint,1,elapsed_s,0.967434208
A,510a4bb,f7_n5000_bound_physics,MakeConstraint,2,instructions:u,5320492629
A,510a4bb,f7_n5000_bound_physics,MakeConstraint,2,branches:u,1290630205
A,510a4bb,f7_n5000_bound_physics,MakeConstraint,2,cycles:u,3077665670
A,510a4bb,f7_n5000_bound_physics,MakeConstraint,2,branch-misses:u,799391
A,510a4bb,f7_n5000_bound_physics,MakeConstraint,2,L1-icache-load-misses:u,141143
A,510a4bb,f7_n5000_bound_physics,MakeConstraint,2,elapsed_s,0.967184479
A,510a4bb,f7_n5000_bound_physics,MakeConstraint,3,instructions:u,5313148299
A,510a4bb,f7_n5000_bound_physics,MakeConstraint,3,branches:u,1288498071
A,510a4bb,f7_n5000_bound_physics,MakeConstraint,3,cycles:u,3073931373
A,510a4bb,f7_n5000_bound_physics,MakeConstraint,3,branch-misses:u,791716
A,510a4bb,f7_n5000_bound_physics,MakeConstraint,3,L1-icache-load-misses:u,138156
A,510a4bb,f7_n5000_bound_physics,MakeConstraint,3,elapsed_s,0.966447372
A,510a4bb,f7_n5000_bound_physics,MakeConstraint,4,instructions:u,5362935943
A,510a4bb,f7_n5000_bound_physics,MakeConstraint,4,branches:u,1302952462
A,510a4bb,f7_n5000_bound_physics,MakeConstraint,4,cycles:u,3077323705
A,510a4bb,f7_n5000_bound_physics,MakeConstraint,4,branch-misses:u,793252
A,510a4bb,f7_n5000_bound_physics,MakeConstraint,4,L1-icache-load-misses:u,142594
A,510a4bb,f7_n5000_bound_physics,MakeConstraint,4,elapsed_s,0.967037723
A,510a4bb,f7_n5000_bound_physics,MakeConstraint,5,instructions:u,5316363149
A,510a4bb,f7_n5000_bound_physics,MakeConstraint,5,branches:u,1289431412
A,510a4bb,f7_n5000_bound_physics,MakeConstraint,5,cycles:u,3076784477
A,510a4bb,f7_n5000_bound_physics,MakeConstraint,5,branch-misses:u,799632
A,510a4bb,f7_n5000_bound_physics,MakeConstraint,5,L1-icache-load-misses:u,142301
A,510a4bb,f7_n5000_bound_physics,MakeConstraint,5,elapsed_s,0.967755729
A,510a4bb,f7_n5000_bound_physics,MakeParameter,1,instructions:u,6032897252
A,510a4bb,f7_n5000_bound_physics,MakeParameter,1,branches:u,1497457438
A,510a4bb,f7_n5000_bound_physics,MakeParameter,1,cycles:u,3586545725
A,510a4bb,f7_n5000_bound_physics,MakeParameter,1,branch-misses:u,798231
A,510a4bb,f7_n5000_bound_physics,MakeParameter,1,L1-icache-load-misses:u,140044
A,510a4bb,f7_n5000_bound_physics,MakeParameter,1,elapsed_s,1.118623164
A,510a4bb,f7_n5000_bound_physics,MakeParameter,2,instructions:u,6045380616
A,510a4bb,f7_n5000_bound_physics,MakeParameter,2,branches:u,1501081634
A,510a4bb,f7_n5000_bound_physics,MakeParameter,2,cycles:u,3590614611
A,510a4bb,f7_n5000_bound_physics,MakeParameter,2,branch-misses:u,799651
A,510a4bb,f7_n5000_bound_physics,MakeParameter,2,L1-icache-load-misses:u,143627
A,510a4bb,f7_n5000_bound_physics,MakeParameter,2,elapsed_s,1.119834828
A,510a4bb,f7_n5000_bound_physics,MakeParameter,3,instructions:u,5995826073
A,510a4bb,f7_n5000_bound_physics,MakeParameter,3,branches:u,1486694789
A,510a4bb,f7_n5000_bound_physics,MakeParameter,3,cycles:u,3561212671
A,510a4bb,f7_n5000_bound_physics,MakeParameter,3,branch-misses:u,790765
A,510a4bb,f7_n5000_bound_physics,MakeParameter,3,L1-icache-load-misses:u,146910
A,510a4bb,f7_n5000_bound_physics,MakeParameter,3,elapsed_s,1.108580783
A,510a4bb,f7_n5000_bound_physics,MakeParameter,4,instructions:u,5992930741
A,510a4bb,f7_n5000_bound_physics,MakeParameter,4,branches:u,1485854248
A,510a4bb,f7_n5000_bound_physics,MakeParameter,4,cycles:u,3553803164
A,510a4bb,f7_n5000_bound_physics,MakeParameter,4,branch-misses:u,795640
A,510a4bb,f7_n5000_bound_physics,MakeParameter,4,L1-icache-load-misses:u,146154
A,510a4bb,f7_n5000_bound_physics,MakeParameter,4,elapsed_s,1.106627519
A,510a4bb,f7_n5000_bound_physics,MakeParameter,5,instructions:u,6043594881
A,510a4bb,f7_n5000_bound_physics,MakeParameter,5,branches:u,1500563184
A,510a4bb,f7_n5000_bound_physics,MakeParameter,5,cycles:u,3587629138
A,510a4bb,f7_n5000_bound_physics,MakeParameter,5,branch-misses:u,787791
A,510a4bb,f7_n5000_bound_physics,MakeParameter,5,L1-icache-load-misses:u,149713
A,510a4bb,f7_n5000_bound_physics,MakeParameter,5,elapsed_s,1.119528127
A,510a4bb,f7_n5000_bound_physics,RelaxBounds,1,instructions:u,5295817817
A,510a4bb,f7_n5000_bound_physics,RelaxBounds,1,branches:u,1283466553
A,510a4bb,f7_n5000_bound_physics,RelaxBounds,1,cycles:u,3059261063
A,510a4bb,f7_n5000_bound_physics,RelaxBounds,1,branch-misses:u,795312
A,510a4bb,f7_n5000_bound_physics,RelaxBounds,1,L1-icache-load-misses:u,144550
A,510a4bb,f7_n5000_bound_physics,RelaxBounds,1,elapsed_s,0.958431751
A,510a4bb,f7_n5000_bound_physics,RelaxBounds,2,instructions:u,5285198302
A,510a4bb,f7_n5000_bound_physics,RelaxBounds,2,branches:u,1280383305
A,510a4bb,f7_n5000_bound_physics,RelaxBounds,2,cycles:u,3050843466
A,510a4bb,f7_n5000_bound_physics,RelaxBounds,2,branch-misses:u,795831
A,510a4bb,f7_n5000_bound_physics,RelaxBounds,2,L1-icache-load-misses:u,145387
A,510a4bb,f7_n5000_bound_physics,RelaxBounds,2,elapsed_s,0.956098683
A,510a4bb,f7_n5000_bound_physics,RelaxBounds,3,instructions:u,5323602167
A,510a4bb,f7_n5000_bound_physics,RelaxBounds,3,branches:u,1291532967
A,510a4bb,f7_n5000_bound_physics,RelaxBounds,3,cycles:u,3079366737
A,510a4bb,f7_n5000_bound_physics,RelaxBounds,3,branch-misses:u,792065
A,510a4bb,f7_n5000_bound_physics,RelaxBounds,3,L1-icache-load-misses:u,144399
A,510a4bb,f7_n5000_bound_physics,RelaxBounds,3,elapsed_s,0.967932145
A,510a4bb,f7_n5000_bound_physics,RelaxBounds,4,instructions:u,5327116350
A,510a4bb,f7_n5000_bound_physics,RelaxBounds,4,branches:u,1292553225
A,510a4bb,f7_n5000_bound_physics,RelaxBounds,4,cycles:u,3080978688
A,510a4bb,f7_n5000_bound_physics,RelaxBounds,4,branch-misses:u,796708
A,510a4bb,f7_n5000_bound_physics,RelaxBounds,4,L1-icache-load-misses:u,142787
A,510a4bb,f7_n5000_bound_physics,RelaxBounds,4,elapsed_s,0.968084718
A,510a4bb,f7_n5000_bound_physics,RelaxBounds,5,instructions:u,5322562517
A,510a4bb,f7_n5000_bound_physics,RelaxBounds,5,branches:u,1291231144
A,510a4bb,f7_n5000_bound_physics,RelaxBounds,5,cycles:u,3078651616
A,510a4bb,f7_n5000_bound_physics,RelaxBounds,5,branch-misses:u,795615
A,510a4bb,f7_n5000_bound_physics,RelaxBounds,5,L1-icache-load-misses:u,145686
A,510a4bb,f7_n5000_bound_physics,RelaxBounds,5,elapsed_s,0.967614999
A,9cebbbe,f7_n10000_bound_neutral,MakeConstraint,1,instructions:u,6799196773
A,9cebbbe,f7_n10000_bound_neutral,MakeConstraint,1,branches:u,1178442872
A,9cebbbe,f7_n10000_bound_neutral,MakeConstraint,1,cycles:u,2909590105
A,9cebbbe,f7_n10000_bound_neutral,MakeConstraint,1,branch-misses:u,1756979
A,9cebbbe,f7_n10000_bound_neutral,MakeConstraint,1,L1-icache-load-misses:u,403061
A,9cebbbe,f7_n10000_bound_neutral,MakeConstraint,1,elapsed_s,0.968741331
A,9cebbbe,f7_n10000_bound_neutral,MakeConstraint,2,instructions:u,6823915413
A,9cebbbe,f7_n10000_bound_neutral,MakeConstraint,2,branches:u,1185619228
A,9cebbbe,f7_n10000_bound_neutral,MakeConstraint,2,cycles:u,2927665140
A,9cebbbe,f7_n10000_bound_neutral,MakeConstraint,2,branch-misses:u,1776647
A,9cebbbe,f7_n10000_bound_neutral,MakeConstraint,2,L1-icache-load-misses:u,423781
A,9cebbbe,f7_n10000_bound_neutral,MakeConstraint,2,elapsed_s,0.970798721
A,9cebbbe,f7_n10000_bound_neutral,MakeConstraint,3,instructions:u,6759219739
A,9cebbbe,f7_n10000_bound_neutral,MakeConstraint,3,branches:u,1166837116
A,9cebbbe,f7_n10000_bound_neutral,MakeConstraint,3,cycles:u,2877406832
A,9cebbbe,f7_n10000_bound_neutral,MakeConstraint,3,branch-misses:u,1750801
A,9cebbbe,f7_n10000_bound_neutral,MakeConstraint,3,L1-icache-load-misses:u,422675
A,9cebbbe,f7_n10000_bound_neutral,MakeConstraint,3,elapsed_s,0.960142336
A,9cebbbe,f7_n10000_bound_neutral,MakeConstraint,4,instructions:u,6790324866
A,9cebbbe,f7_n10000_bound_neutral,MakeConstraint,4,branches:u,1175867275
A,9cebbbe,f7_n10000_bound_neutral,MakeConstraint,4,cycles:u,2904308821
A,9cebbbe,f7_n10000_bound_neutral,MakeConstraint,4,branch-misses:u,1756357
A,9cebbbe,f7_n10000_bound_neutral,MakeConstraint,4,L1-icache-load-misses:u,418068
A,9cebbbe,f7_n10000_bound_neutral,MakeConstraint,4,elapsed_s,0.968052827
A,9cebbbe,f7_n10000_bound_neutral,MakeConstraint,5,instructions:u,6788239609
A,9cebbbe,f7_n10000_bound_neutral,MakeConstraint,5,branches:u,1175261793
A,9cebbbe,f7_n10000_bound_neutral,MakeConstraint,5,cycles:u,2897436637
A,9cebbbe,f7_n10000_bound_neutral,MakeConstraint,5,branch-misses:u,1757258
A,9cebbbe,f7_n10000_bound_neutral,MakeConstraint,5,L1-icache-load-misses:u,409187
A,9cebbbe,f7_n10000_bound_neutral,MakeConstraint,5,elapsed_s,0.96545227
A,9cebbbe,f7_n10000_bound_neutral,MakeParameter,1,instructions:u,8254009553
A,9cebbbe,f7_n10000_bound_neutral,MakeParameter,1,branches:u,1600747357
A,9cebbbe,f7_n10000_bound_neutral,MakeParameter,1,cycles:u,4116628627
A,9cebbbe,f7_n10000_bound_neutral,MakeParameter,1,branch-misses:u,1761381
A,9cebbbe,f7_n10000_bound_neutral,MakeParameter,1,L1-icache-load-misses:u,418602
A,9cebbbe,f7_n10000_bound_neutral,MakeParameter,1,elapsed_s,1.327549091
A,9cebbbe,f7_n10000_bound_neutral,MakeParameter,2,instructions:u,8282956221
A,9cebbbe,f7_n10000_bound_neutral,MakeParameter,2,branches:u,1609150781
A,9cebbbe,f7_n10000_bound_neutral,MakeParameter,2,cycles:u,4137098543
A,9cebbbe,f7_n10000_bound_neutral,MakeParameter,2,branch-misses:u,1762336
A,9cebbbe,f7_n10000_bound_neutral,MakeParameter,2,L1-icache-load-misses:u,417096
A,9cebbbe,f7_n10000_bound_neutral,MakeParameter,2,elapsed_s,1.329463882
A,9cebbbe,f7_n10000_bound_neutral,MakeParameter,3,instructions:u,8274316680
A,9cebbbe,f7_n10000_bound_neutral,MakeParameter,3,branches:u,1606642975
A,9cebbbe,f7_n10000_bound_neutral,MakeParameter,3,cycles:u,4160459414
A,9cebbbe,f7_n10000_bound_neutral,MakeParameter,3,branch-misses:u,1791588
A,9cebbbe,f7_n10000_bound_neutral,MakeParameter,3,L1-icache-load-misses:u,401167
A,9cebbbe,f7_n10000_bound_neutral,MakeParameter,3,elapsed_s,1.342250901
A,9cebbbe,f7_n10000_bound_neutral,MakeParameter,4,instructions:u,8271874229
A,9cebbbe,f7_n10000_bound_neutral,MakeParameter,4,branches:u,1605933903
A,9cebbbe,f7_n10000_bound_neutral,MakeParameter,4,cycles:u,4136584763
A,9cebbbe,f7_n10000_bound_neutral,MakeParameter,4,branch-misses:u,1770609
A,9cebbbe,f7_n10000_bound_neutral,MakeParameter,4,L1-icache-load-misses:u,411761
A,9cebbbe,f7_n10000_bound_neutral,MakeParameter,4,elapsed_s,1.334807138
A,9cebbbe,f7_n10000_bound_neutral,MakeParameter,5,instructions:u,8276625843
A,9cebbbe,f7_n10000_bound_neutral,MakeParameter,5,branches:u,1607313376
A,9cebbbe,f7_n10000_bound_neutral,MakeParameter,5,cycles:u,4141422377
A,9cebbbe,f7_n10000_bound_neutral,MakeParameter,5,branch-misses:u,1767359
A,9cebbbe,f7_n10000_bound_neutral,MakeParameter,5,L1-icache-load-misses:u,413018
A,9cebbbe,f7_n10000_bound_neutral,MakeParameter,5,elapsed_s,1.335965412
A,9cebbbe,f7_n10000_bound_neutral,RelaxBounds,1,instructions:u,6767225958
A,9cebbbe,f7_n10000_bound_neutral,RelaxBounds,1,branches:u,1169100265
A,9cebbbe,f7_n10000_bound_neutral,RelaxBounds,1,cycles:u,2881442111
A,9cebbbe,f7_n10000_bound_neutral,RelaxBounds,1,branch-misses:u,1767709
A,9cebbbe,f7_n10000_bound_neutral,RelaxBounds,1,L1-icache-load-misses:u,423908
A,9cebbbe,f7_n10000_bound_neutral,RelaxBounds,1,elapsed_s,0.957751285
A,9cebbbe,f7_n10000_bound_neutral,RelaxBounds,2,instructions:u,6813049216
A,9cebbbe,f7_n10000_bound_neutral,RelaxBounds,2,branches:u,1182403223
A,9cebbbe,f7_n10000_bound_neutral,RelaxBounds,2,cycles:u,2921842634
A,9cebbbe,f7_n10000_bound_neutral,RelaxBounds,2,branch-misses:u,1768551
A,9cebbbe,f7_n10000_bound_neutral,RelaxBounds,2,L1-icache-load-misses:u,410120
A,9cebbbe,f7_n10000_bound_neutral,RelaxBounds,2,elapsed_s,0.96889286
A,9cebbbe,f7_n10000_bound_neutral,RelaxBounds,3,instructions:u,6789881972
A,9cebbbe,f7_n10000_bound_neutral,RelaxBounds,3,branches:u,1175677284
A,9cebbbe,f7_n10000_bound_neutral,RelaxBounds,3,cycles:u,2899722232
A,9cebbbe,f7_n10000_bound_neutral,RelaxBounds,3,branch-misses:u,1777478
A,9cebbbe,f7_n10000_bound_neutral,RelaxBounds,3,L1-icache-load-misses:u,425693
A,9cebbbe,f7_n10000_bound_neutral,RelaxBounds,3,elapsed_s,0.966704474
A,9cebbbe,f7_n10000_bound_neutral,RelaxBounds,4,instructions:u,6790494434
A,9cebbbe,f7_n10000_bound_neutral,RelaxBounds,4,branches:u,1175855621
A,9cebbbe,f7_n10000_bound_neutral,RelaxBounds,4,cycles:u,2904471068
A,9cebbbe,f7_n10000_bound_neutral,RelaxBounds,4,branch-misses:u,1768763
A,9cebbbe,f7_n10000_bound_neutral,RelaxBounds,4,L1-icache-load-misses:u,415952
A,9cebbbe,f7_n10000_bound_neutral,RelaxBounds,4,elapsed_s,0.967977068
A,9cebbbe,f7_n10000_bound_neutral,RelaxBounds,5,instructions:u,6761202094
A,9cebbbe,f7_n10000_bound_neutral,RelaxBounds,5,branches:u,1167350945
A,9cebbbe,f7_n10000_bound_neutral,RelaxBounds,5,cycles:u,2880651728
A,9cebbbe,f7_n10000_bound_neutral,RelaxBounds,5,branch-misses:u,1760286
A,9cebbbe,f7_n10000_bound_neutral,RelaxBounds,5,L1-icache-load-misses:u,420024
A,9cebbbe,f7_n10000_bound_neutral,RelaxBounds,5,elapsed_s,0.958592933
A,9cebbbe,f7_n1000_bound_physics,MakeConstraint,1,instructions:u,4068842105
A,9cebbbe,f7_n1000_bound_physics,MakeConstraint,1,branches:u,1132052369
A,9cebbbe,f7_n1000_bound_physics,MakeConstraint,1,cycles:u,3213601151
A,9cebbbe,f7_n1000_bound_physics,MakeConstraint,1,branch-misses:u,235717
A,9cebbbe,f7_n1000_bound_physics,MakeConstraint,1,L1-icache-load-misses:u,30192
A,9cebbbe,f7_n1000_bound_physics,MakeConstraint,1,elapsed_s,0.969257249
A,9cebbbe,f7_n1000_bound_physics,MakeConstraint,2,instructions:u,4069108960
A,9cebbbe,f7_n1000_bound_physics,MakeConstraint,2,branches:u,1132129855
A,9cebbbe,f7_n1000_bound_physics,MakeConstraint,2,cycles:u,3213603368
A,9cebbbe,f7_n1000_bound_physics,MakeConstraint,2,branch-misses:u,237790
A,9cebbbe,f7_n1000_bound_physics,MakeConstraint,2,L1-icache-load-misses:u,31041
A,9cebbbe,f7_n1000_bound_physics,MakeConstraint,2,elapsed_s,0.96895292
A,9cebbbe,f7_n1000_bound_physics,MakeConstraint,3,instructions:u,4062414401
A,9cebbbe,f7_n1000_bound_physics,MakeConstraint,3,branches:u,1130186610
A,9cebbbe,f7_n1000_bound_physics,MakeConstraint,3,cycles:u,3209956754
A,9cebbbe,f7_n1000_bound_physics,MakeConstraint,3,branch-misses:u,240397
A,9cebbbe,f7_n1000_bound_physics,MakeConstraint,3,L1-icache-load-misses:u,31417
A,9cebbbe,f7_n1000_bound_physics,MakeConstraint,3,elapsed_s,0.969160202
A,9cebbbe,f7_n1000_bound_physics,MakeConstraint,4,instructions:u,4067279990
A,9cebbbe,f7_n1000_bound_physics,MakeConstraint,4,branches:u,1131598856
A,9cebbbe,f7_n1000_bound_physics,MakeConstraint,4,cycles:u,3212489794
A,9cebbbe,f7_n1000_bound_physics,MakeConstraint,4,branch-misses:u,237481
A,9cebbbe,f7_n1000_bound_physics,MakeConstraint,4,L1-icache-load-misses:u,31443
A,9cebbbe,f7_n1000_bound_physics,MakeConstraint,4,elapsed_s,0.969007073
A,9cebbbe,f7_n1000_bound_physics,MakeConstraint,5,instructions:u,4067303928
A,9cebbbe,f7_n1000_bound_physics,MakeConstraint,5,branches:u,1131605783
A,9cebbbe,f7_n1000_bound_physics,MakeConstraint,5,cycles:u,3212346861
A,9cebbbe,f7_n1000_bound_physics,MakeConstraint,5,branch-misses:u,238498
A,9cebbbe,f7_n1000_bound_physics,MakeConstraint,5,L1-icache-load-misses:u,30901
A,9cebbbe,f7_n1000_bound_physics,MakeConstraint,5,elapsed_s,0.968975273
A,9cebbbe,f7_n1000_bound_physics,MakeParameter,1,instructions:u,3606064838
A,9cebbbe,f7_n1000_bound_physics,MakeParameter,1,branches:u,997697513
A,9cebbbe,f7_n1000_bound_physics,MakeParameter,1,cycles:u,2828453753
A,9cebbbe,f7_n1000_bound_physics,MakeParameter,1,branch-misses:u,236523
A,9cebbbe,f7_n1000_bound_physics,MakeParameter,1,L1-icache-load-misses:u,31544
A,9cebbbe,f7_n1000_bound_physics,MakeParameter,1,elapsed_s,0.855060572
A,9cebbbe,f7_n1000_bound_physics,MakeParameter,2,instructions:u,2673463890
A,9cebbbe,f7_n1000_bound_physics,MakeParameter,2,branches:u,726942298
A,9cebbbe,f7_n1000_bound_physics,MakeParameter,2,cycles:u,2053063773
A,9cebbbe,f7_n1000_bound_physics,MakeParameter,2,branch-misses:u,235955
A,9cebbbe,f7_n1000_bound_physics,MakeParameter,2,L1-icache-load-misses:u,30805
A,9cebbbe,f7_n1000_bound_physics,MakeParameter,2,elapsed_s,0.621620475
A,9cebbbe,f7_n1000_bound_physics,MakeParameter,3,instructions:u,3598631068
A,9cebbbe,f7_n1000_bound_physics,MakeParameter,3,branches:u,995539381
A,9cebbbe,f7_n1000_bound_physics,MakeParameter,3,cycles:u,2822690356
A,9cebbbe,f7_n1000_bound_physics,MakeParameter,3,branch-misses:u,238414
A,9cebbbe,f7_n1000_bound_physics,MakeParameter,3,L1-icache-load-misses:u,30608
A,9cebbbe,f7_n1000_bound_physics,MakeParameter,3,elapsed_s,0.853414131
A,9cebbbe,f7_n1000_bound_physics,MakeParameter,4,instructions:u,3589998408
A,9cebbbe,f7_n1000_bound_physics,MakeParameter,4,branches:u,993033018
A,9cebbbe,f7_n1000_bound_physics,MakeParameter,4,cycles:u,2816876270
A,9cebbbe,f7_n1000_bound_physics,MakeParameter,4,branch-misses:u,235238
A,9cebbbe,f7_n1000_bound_physics,MakeParameter,4,L1-icache-load-misses:u,31664
A,9cebbbe,f7_n1000_bound_physics,MakeParameter,4,elapsed_s,0.85157582
A,9cebbbe,f7_n1000_bound_physics,MakeParameter,5,instructions:u,3298582034
A,9cebbbe,f7_n1000_bound_physics,MakeParameter,5,branches:u,908428353
A,9cebbbe,f7_n1000_bound_physics,MakeParameter,5,cycles:u,2574027985
A,9cebbbe,f7_n1000_bound_physics,MakeParameter,5,branch-misses:u,241043
A,9cebbbe,f7_n1000_bound_physics,MakeParameter,5,L1-icache-load-misses:u,30457
A,9cebbbe,f7_n1000_bound_physics,MakeParameter,5,elapsed_s,0.779722907
A,9cebbbe,f7_n1000_bound_physics,RelaxBounds,1,instructions:u,4070648944
A,9cebbbe,f7_n1000_bound_physics,RelaxBounds,1,branches:u,1132576919
A,9cebbbe,f7_n1000_bound_physics,RelaxBounds,1,cycles:u,3214539226
A,9cebbbe,f7_n1000_bound_physics,RelaxBounds,1,branch-misses:u,239145
A,9cebbbe,f7_n1000_bound_physics,RelaxBounds,1,L1-icache-load-misses:u,31159
A,9cebbbe,f7_n1000_bound_physics,RelaxBounds,1,elapsed_s,0.969398898
A,9cebbbe,f7_n1000_bound_physics,RelaxBounds,2,instructions:u,4046967161
A,9cebbbe,f7_n1000_bound_physics,RelaxBounds,2,branches:u,1125701580
A,9cebbbe,f7_n1000_bound_physics,RelaxBounds,2,cycles:u,3194701098
A,9cebbbe,f7_n1000_bound_physics,RelaxBounds,2,branch-misses:u,236820
A,9cebbbe,f7_n1000_bound_physics,RelaxBounds,2,L1-icache-load-misses:u,30152
A,9cebbbe,f7_n1000_bound_physics,RelaxBounds,2,elapsed_s,0.960135213
A,9cebbbe,f7_n1000_bound_physics,RelaxBounds,3,instructions:u,4070310675
A,9cebbbe,f7_n1000_bound_physics,RelaxBounds,3,branches:u,1132478707
A,9cebbbe,f7_n1000_bound_physics,RelaxBounds,3,cycles:u,3207855292
A,9cebbbe,f7_n1000_bound_physics,RelaxBounds,3,branch-misses:u,238755
A,9cebbbe,f7_n1000_bound_physics,RelaxBounds,3,L1-icache-load-misses:u,32062
A,9cebbbe,f7_n1000_bound_physics,RelaxBounds,3,elapsed_s,0.96760548
A,9cebbbe,f7_n1000_bound_physics,RelaxBounds,4,instructions:u,4067181727
A,9cebbbe,f7_n1000_bound_physics,RelaxBounds,4,branches:u,1131570401
A,9cebbbe,f7_n1000_bound_physics,RelaxBounds,4,cycles:u,3212605046
A,9cebbbe,f7_n1000_bound_physics,RelaxBounds,4,branch-misses:u,235304
A,9cebbbe,f7_n1000_bound_physics,RelaxBounds,4,L1-icache-load-misses:u,31677
A,9cebbbe,f7_n1000_bound_physics,RelaxBounds,4,elapsed_s,0.968942743
A,9cebbbe,f7_n1000_bound_physics,RelaxBounds,5,instructions:u,4068587556
A,9cebbbe,f7_n1000_bound_physics,RelaxBounds,5,branches:u,1131978487
A,9cebbbe,f7_n1000_bound_physics,RelaxBounds,5,cycles:u,3213404295
A,9cebbbe,f7_n1000_bound_physics,RelaxBounds,5,branch-misses:u,235284
A,9cebbbe,f7_n1000_bound_physics,RelaxBounds,5,L1-icache-load-misses:u,30444
A,9cebbbe,f7_n1000_bound_physics,RelaxBounds,5,elapsed_s,0.968990183
A,9cebbbe,f7_n20000_bound_neutral,MakeConstraint,1,instructions:u,13675087811
A,9cebbbe,f7_n20000_bound_neutral,MakeConstraint,1,branches:u,2363201861
A,9cebbbe,f7_n20000_bound_neutral,MakeConstraint,1,cycles:u,5937533738
A,9cebbbe,f7_n20000_bound_neutral,MakeConstraint,1,branch-misses:u,3414609
A,9cebbbe,f7_n20000_bound_neutral,MakeConstraint,1,L1-icache-load-misses:u,863513
A,9cebbbe,f7_n20000_bound_neutral,MakeConstraint,1,elapsed_s,1.969243599
A,9cebbbe,f7_n20000_bound_neutral,MakeConstraint,2,instructions:u,13668760054
A,9cebbbe,f7_n20000_bound_neutral,MakeConstraint,2,branches:u,2361365826
A,9cebbbe,f7_n20000_bound_neutral,MakeConstraint,2,cycles:u,5932108939
A,9cebbbe,f7_n20000_bound_neutral,MakeConstraint,2,branch-misses:u,3429883
A,9cebbbe,f7_n20000_bound_neutral,MakeConstraint,2,L1-icache-load-misses:u,807602
A,9cebbbe,f7_n20000_bound_neutral,MakeConstraint,2,elapsed_s,1.97300111
A,9cebbbe,f7_n20000_bound_neutral,MakeConstraint,3,instructions:u,13647383755
A,9cebbbe,f7_n20000_bound_neutral,MakeConstraint,3,branches:u,2355158734
A,9cebbbe,f7_n20000_bound_neutral,MakeConstraint,3,cycles:u,5916331376
A,9cebbbe,f7_n20000_bound_neutral,MakeConstraint,3,branch-misses:u,3428536
A,9cebbbe,f7_n20000_bound_neutral,MakeConstraint,3,L1-icache-load-misses:u,861346
A,9cebbbe,f7_n20000_bound_neutral,MakeConstraint,3,elapsed_s,1.965202375
A,9cebbbe,f7_n20000_bound_neutral,MakeConstraint,4,instructions:u,13588143590
A,9cebbbe,f7_n20000_bound_neutral,MakeConstraint,4,branches:u,2337960422
A,9cebbbe,f7_n20000_bound_neutral,MakeConstraint,4,cycles:u,5869644732
A,9cebbbe,f7_n20000_bound_neutral,MakeConstraint,4,branch-misses:u,3437101
A,9cebbbe,f7_n20000_bound_neutral,MakeConstraint,4,L1-icache-load-misses:u,827645
A,9cebbbe,f7_n20000_bound_neutral,MakeConstraint,4,elapsed_s,1.951272862
A,9cebbbe,f7_n20000_bound_neutral,MakeConstraint,5,instructions:u,13591788002
A,9cebbbe,f7_n20000_bound_neutral,MakeConstraint,5,branches:u,2339017992
A,9cebbbe,f7_n20000_bound_neutral,MakeConstraint,5,cycles:u,5872939699
A,9cebbbe,f7_n20000_bound_neutral,MakeConstraint,5,branch-misses:u,3438815
A,9cebbbe,f7_n20000_bound_neutral,MakeConstraint,5,L1-icache-load-misses:u,795667
A,9cebbbe,f7_n20000_bound_neutral,MakeConstraint,5,elapsed_s,1.951487531
A,9cebbbe,f7_n20000_bound_neutral,MakeParameter,1,instructions:u,12037476782
A,9cebbbe,f7_n20000_bound_neutral,MakeParameter,1,branches:u,1887929825
A,9cebbbe,f7_n20000_bound_neutral,MakeParameter,1,cycles:u,4575793752
A,9cebbbe,f7_n20000_bound_neutral,MakeParameter,1,branch-misses:u,3436485
A,9cebbbe,f7_n20000_bound_neutral,MakeParameter,1,L1-icache-load-misses:u,828643
A,9cebbbe,f7_n20000_bound_neutral,MakeParameter,1,elapsed_s,1.563406946
A,9cebbbe,f7_n20000_bound_neutral,MakeParameter,2,instructions:u,12057243428
A,9cebbbe,f7_n20000_bound_neutral,MakeParameter,2,branches:u,1893668553
A,9cebbbe,f7_n20000_bound_neutral,MakeParameter,2,cycles:u,4593607833
A,9cebbbe,f7_n20000_bound_neutral,MakeParameter,2,branch-misses:u,3454982
A,9cebbbe,f7_n20000_bound_neutral,MakeParameter,2,L1-icache-load-misses:u,812930
A,9cebbbe,f7_n20000_bound_neutral,MakeParameter,2,elapsed_s,1.56483875
A,9cebbbe,f7_n20000_bound_neutral,MakeParameter,3,instructions:u,12036471618
A,9cebbbe,f7_n20000_bound_neutral,MakeParameter,3,branches:u,1887637999
A,9cebbbe,f7_n20000_bound_neutral,MakeParameter,3,cycles:u,4586350275
A,9cebbbe,f7_n20000_bound_neutral,MakeParameter,3,branch-misses:u,3454088
A,9cebbbe,f7_n20000_bound_neutral,MakeParameter,3,L1-icache-load-misses:u,823062
A,9cebbbe,f7_n20000_bound_neutral,MakeParameter,3,elapsed_s,1.568751258
A,9cebbbe,f7_n20000_bound_neutral,MakeParameter,4,instructions:u,12031167453
A,9cebbbe,f7_n20000_bound_neutral,MakeParameter,4,branches:u,1886097581
A,9cebbbe,f7_n20000_bound_neutral,MakeParameter,4,cycles:u,4629675789
A,9cebbbe,f7_n20000_bound_neutral,MakeParameter,4,branch-misses:u,3432237
A,9cebbbe,f7_n20000_bound_neutral,MakeParameter,4,L1-icache-load-misses:u,807187
A,9cebbbe,f7_n20000_bound_neutral,MakeParameter,4,elapsed_s,1.581726576
A,9cebbbe,f7_n20000_bound_neutral,MakeParameter,5,instructions:u,12033678371
A,9cebbbe,f7_n20000_bound_neutral,MakeParameter,5,branches:u,1886827075
A,9cebbbe,f7_n20000_bound_neutral,MakeParameter,5,cycles:u,4629481567
A,9cebbbe,f7_n20000_bound_neutral,MakeParameter,5,branch-misses:u,3447938
A,9cebbbe,f7_n20000_bound_neutral,MakeParameter,5,L1-icache-load-misses:u,802811
A,9cebbbe,f7_n20000_bound_neutral,MakeParameter,5,elapsed_s,1.5808006
A,9cebbbe,f7_n20000_bound_neutral,RelaxBounds,1,instructions:u,13665053144
A,9cebbbe,f7_n20000_bound_neutral,RelaxBounds,1,branches:u,2360452438
A,9cebbbe,f7_n20000_bound_neutral,RelaxBounds,1,cycles:u,5931530243
A,9cebbbe,f7_n20000_bound_neutral,RelaxBounds,1,branch-misses:u,3424747
A,9cebbbe,f7_n20000_bound_neutral,RelaxBounds,1,L1-icache-load-misses:u,823123
A,9cebbbe,f7_n20000_bound_neutral,RelaxBounds,1,elapsed_s,1.970575642
A,9cebbbe,f7_n20000_bound_neutral,RelaxBounds,2,instructions:u,13654252566
A,9cebbbe,f7_n20000_bound_neutral,RelaxBounds,2,branches:u,2357316062
A,9cebbbe,f7_n20000_bound_neutral,RelaxBounds,2,cycles:u,5926661658
A,9cebbbe,f7_n20000_bound_neutral,RelaxBounds,2,branch-misses:u,3429876
A,9cebbbe,f7_n20000_bound_neutral,RelaxBounds,2,L1-icache-load-misses:u,780127
A,9cebbbe,f7_n20000_bound_neutral,RelaxBounds,2,elapsed_s,1.971780516
A,9cebbbe,f7_n20000_bound_neutral,RelaxBounds,3,instructions:u,13662015386
A,9cebbbe,f7_n20000_bound_neutral,RelaxBounds,3,branches:u,2359569904
A,9cebbbe,f7_n20000_bound_neutral,RelaxBounds,3,cycles:u,5928240861
A,9cebbbe,f7_n20000_bound_neutral,RelaxBounds,3,branch-misses:u,3423805
A,9cebbbe,f7_n20000_bound_neutral,RelaxBounds,3,L1-icache-load-misses:u,794789
A,9cebbbe,f7_n20000_bound_neutral,RelaxBounds,3,elapsed_s,1.967860112
A,9cebbbe,f7_n20000_bound_neutral,RelaxBounds,4,instructions:u,13656356050
A,9cebbbe,f7_n20000_bound_neutral,RelaxBounds,4,branches:u,2357926785
A,9cebbbe,f7_n20000_bound_neutral,RelaxBounds,4,cycles:u,5922452933
A,9cebbbe,f7_n20000_bound_neutral,RelaxBounds,4,branch-misses:u,3421385
A,9cebbbe,f7_n20000_bound_neutral,RelaxBounds,4,L1-icache-load-misses:u,836688
A,9cebbbe,f7_n20000_bound_neutral,RelaxBounds,4,elapsed_s,1.968437799
A,9cebbbe,f7_n20000_bound_neutral,RelaxBounds,5,instructions:u,13761476887
A,9cebbbe,f7_n20000_bound_neutral,RelaxBounds,5,branches:u,2388445821
A,9cebbbe,f7_n20000_bound_neutral,RelaxBounds,5,cycles:u,5936556935
A,9cebbbe,f7_n20000_bound_neutral,RelaxBounds,5,branch-misses:u,3416538
A,9cebbbe,f7_n20000_bound_neutral,RelaxBounds,5,L1-icache-load-misses:u,828939
A,9cebbbe,f7_n20000_bound_neutral,RelaxBounds,5,elapsed_s,1.970483829
A,9cebbbe,f7_n5000_bound_physics,MakeConstraint,1,instructions:u,4780434273
A,9cebbbe,f7_n5000_bound_physics,MakeConstraint,1,branches:u,1132913824
A,9cebbbe,f7_n5000_bound_physics,MakeConstraint,1,cycles:u,3084640954
A,9cebbbe,f7_n5000_bound_physics,MakeConstraint,1,branch-misses:u,790723
A,9cebbbe,f7_n5000_bound_physics,MakeConstraint,1,L1-icache-load-misses:u,147331
A,9cebbbe,f7_n5000_bound_physics,MakeConstraint,1,elapsed_s,0.96905272
A,9cebbbe,f7_n5000_bound_physics,MakeConstraint,2,instructions:u,4788781627
A,9cebbbe,f7_n5000_bound_physics,MakeConstraint,2,branches:u,1135337251
A,9cebbbe,f7_n5000_bound_physics,MakeConstraint,2,cycles:u,3089549172
A,9cebbbe,f7_n5000_bound_physics,MakeConstraint,2,branch-misses:u,787954
A,9cebbbe,f7_n5000_bound_physics,MakeConstraint,2,L1-icache-load-misses:u,145048
A,9cebbbe,f7_n5000_bound_physics,MakeConstraint,2,elapsed_s,0.96890176
A,9cebbbe,f7_n5000_bound_physics,MakeConstraint,3,instructions:u,4761605800
A,9cebbbe,f7_n5000_bound_physics,MakeConstraint,3,branches:u,1127447495
A,9cebbbe,f7_n5000_bound_physics,MakeConstraint,3,cycles:u,3070763694
A,9cebbbe,f7_n5000_bound_physics,MakeConstraint,3,branch-misses:u,794985
A,9cebbbe,f7_n5000_bound_physics,MakeConstraint,3,L1-icache-load-misses:u,141763
A,9cebbbe,f7_n5000_bound_physics,MakeConstraint,3,elapsed_s,0.969291942
A,9cebbbe,f7_n5000_bound_physics,MakeConstraint,4,instructions:u,4779469956
A,9cebbbe,f7_n5000_bound_physics,MakeConstraint,4,branches:u,1132633932
A,9cebbbe,f7_n5000_bound_physics,MakeConstraint,4,cycles:u,3085089639
A,9cebbbe,f7_n5000_bound_physics,MakeConstraint,4,branch-misses:u,832201
A,9cebbbe,f7_n5000_bound_physics,MakeConstraint,4,L1-icache-load-misses:u,143884
A,9cebbbe,f7_n5000_bound_physics,MakeConstraint,4,elapsed_s,0.969315681
A,9cebbbe,f7_n5000_bound_physics,MakeConstraint,5,instructions:u,4778658758
A,9cebbbe,f7_n5000_bound_physics,MakeConstraint,5,branches:u,1132398342
A,9cebbbe,f7_n5000_bound_physics,MakeConstraint,5,cycles:u,3082082574
A,9cebbbe,f7_n5000_bound_physics,MakeConstraint,5,branch-misses:u,792854
A,9cebbbe,f7_n5000_bound_physics,MakeConstraint,5,L1-icache-load-misses:u,143913
A,9cebbbe,f7_n5000_bound_physics,MakeConstraint,5,elapsed_s,0.968670015
A,9cebbbe,f7_n5000_bound_physics,MakeParameter,1,instructions:u,5386738343
A,9cebbbe,f7_n5000_bound_physics,MakeParameter,1,branches:u,1308937662
A,9cebbbe,f7_n5000_bound_physics,MakeParameter,1,cycles:u,3586708137
A,9cebbbe,f7_n5000_bound_physics,MakeParameter,1,branch-misses:u,783419
A,9cebbbe,f7_n5000_bound_physics,MakeParameter,1,L1-icache-load-misses:u,145518
A,9cebbbe,f7_n5000_bound_physics,MakeParameter,1,elapsed_s,1.118614005
A,9cebbbe,f7_n5000_bound_physics,MakeParameter,2,instructions:u,5392379116
A,9cebbbe,f7_n5000_bound_physics,MakeParameter,2,branches:u,1310575234
A,9cebbbe,f7_n5000_bound_physics,MakeParameter,2,cycles:u,3591243580
A,9cebbbe,f7_n5000_bound_physics,MakeParameter,2,branch-misses:u,803822
A,9cebbbe,f7_n5000_bound_physics,MakeParameter,2,L1-icache-load-misses:u,147935
A,9cebbbe,f7_n5000_bound_physics,MakeParameter,2,elapsed_s,1.118348765
A,9cebbbe,f7_n5000_bound_physics,MakeParameter,3,instructions:u,5386156850
A,9cebbbe,f7_n5000_bound_physics,MakeParameter,3,branches:u,1308768914
A,9cebbbe,f7_n5000_bound_physics,MakeParameter,3,cycles:u,3586099336
A,9cebbbe,f7_n5000_bound_physics,MakeParameter,3,branch-misses:u,794534
A,9cebbbe,f7_n5000_bound_physics,MakeParameter,3,L1-icache-load-misses:u,145844
A,9cebbbe,f7_n5000_bound_physics,MakeParameter,3,elapsed_s,1.117298867
A,9cebbbe,f7_n5000_bound_physics,MakeParameter,4,instructions:u,5360417882
A,9cebbbe,f7_n5000_bound_physics,MakeParameter,4,branches:u,1301296640
A,9cebbbe,f7_n5000_bound_physics,MakeParameter,4,cycles:u,3565000649
A,9cebbbe,f7_n5000_bound_physics,MakeParameter,4,branch-misses:u,783048
A,9cebbbe,f7_n5000_bound_physics,MakeParameter,4,L1-icache-load-misses:u,138715
A,9cebbbe,f7_n5000_bound_physics,MakeParameter,4,elapsed_s,1.109504165
A,9cebbbe,f7_n5000_bound_physics,MakeParameter,5,instructions:u,5362745710
A,9cebbbe,f7_n5000_bound_physics,MakeParameter,5,branches:u,1301972055
A,9cebbbe,f7_n5000_bound_physics,MakeParameter,5,cycles:u,3566693304
A,9cebbbe,f7_n5000_bound_physics,MakeParameter,5,branch-misses:u,786892
A,9cebbbe,f7_n5000_bound_physics,MakeParameter,5,L1-icache-load-misses:u,146578
A,9cebbbe,f7_n5000_bound_physics,MakeParameter,5,elapsed_s,1.109697134
A,9cebbbe,f7_n5000_bound_physics,RelaxBounds,1,instructions:u,4778636640
A,9cebbbe,f7_n5000_bound_physics,RelaxBounds,1,branches:u,1132391928
A,9cebbbe,f7_n5000_bound_physics,RelaxBounds,1,cycles:u,3079916060
A,9cebbbe,f7_n5000_bound_physics,RelaxBounds,1,branch-misses:u,785059
A,9cebbbe,f7_n5000_bound_physics,RelaxBounds,1,L1-icache-load-misses:u,142745
A,9cebbbe,f7_n5000_bound_physics,RelaxBounds,1,elapsed_s,0.967738376
A,9cebbbe,f7_n5000_bound_physics,RelaxBounds,2,instructions:u,4759303009
A,9cebbbe,f7_n5000_bound_physics,RelaxBounds,2,branches:u,1126778989
A,9cebbbe,f7_n5000_bound_physics,RelaxBounds,2,cycles:u,3067814637
A,9cebbbe,f7_n5000_bound_physics,RelaxBounds,2,branch-misses:u,785620
A,9cebbbe,f7_n5000_bound_physics,RelaxBounds,2,L1-icache-load-misses:u,132792
A,9cebbbe,f7_n5000_bound_physics,RelaxBounds,2,elapsed_s,0.959678975
A,9cebbbe,f7_n5000_bound_physics,RelaxBounds,3,instructions:u,4739535823
A,9cebbbe,f7_n5000_bound_physics,RelaxBounds,3,branches:u,1121040080
A,9cebbbe,f7_n5000_bound_physics,RelaxBounds,3,cycles:u,3048964478
A,9cebbbe,f7_n5000_bound_physics,RelaxBounds,3,branch-misses:u,799658
A,9cebbbe,f7_n5000_bound_physics,RelaxBounds,3,L1-icache-load-misses:u,145310
A,9cebbbe,f7_n5000_bound_physics,RelaxBounds,3,elapsed_s,0.955960216
A,9cebbbe,f7_n5000_bound_physics,RelaxBounds,4,instructions:u,4755902479
A,9cebbbe,f7_n5000_bound_physics,RelaxBounds,4,branches:u,1125791689
A,9cebbbe,f7_n5000_bound_physics,RelaxBounds,4,cycles:u,3063468926
A,9cebbbe,f7_n5000_bound_physics,RelaxBounds,4,branch-misses:u,790186
A,9cebbbe,f7_n5000_bound_physics,RelaxBounds,4,L1-icache-load-misses:u,142102
A,9cebbbe,f7_n5000_bound_physics,RelaxBounds,4,elapsed_s,0.962891013
A,9cebbbe,f7_n5000_bound_physics,RelaxBounds,5,instructions:u,4760573820
A,9cebbbe,f7_n5000_bound_physics,RelaxBounds,5,branches:u,1127148200
A,9cebbbe,f7_n5000_bound_physics,RelaxBounds,5,cycles:u,3065763935
A,9cebbbe,f7_n5000_bound_physics,RelaxBounds,5,branch-misses:u,791207
A,9cebbbe,f7_n5000_bound_physics,RelaxBounds,5,L1-icache-load-misses:u,140874
A,9cebbbe,f7_n5000_bound_physics,RelaxBounds,5,elapsed_s,0.967741769
A,control,f7_n10000_bound_neutral,MakeConstraint,1,instructions:u,7038989757
A,control,f7_n10000_bound_neutral,MakeConstraint,1,branches:u,1250144740
A,control,f7_n10000_bound_neutral,MakeConstraint,1,cycles:u,2904723073
A,control,f7_n10000_bound_neutral,MakeConstraint,1,branch-misses:u,1794214
A,control,f7_n10000_bound_neutral,MakeConstraint,1,L1-icache-load-misses:u,433981
A,control,f7_n10000_bound_neutral,MakeConstraint,1,elapsed_s,0.968045464
A,control,f7_n10000_bound_neutral,MakeConstraint,2,instructions:u,7030817303
A,control,f7_n10000_bound_neutral,MakeConstraint,2,branches:u,1247772080
A,control,f7_n10000_bound_neutral,MakeConstraint,2,cycles:u,2895964254
A,control,f7_n10000_bound_neutral,MakeConstraint,2,branch-misses:u,1769652
A,control,f7_n10000_bound_neutral,MakeConstraint,2,L1-icache-load-misses:u,417166
A,control,f7_n10000_bound_neutral,MakeConstraint,2,elapsed_s,0.965765106
A,control,f7_n10000_bound_neutral,MakeConstraint,3,instructions:u,7034121477
A,control,f7_n10000_bound_neutral,MakeConstraint,3,branches:u,1248731374
A,control,f7_n10000_bound_neutral,MakeConstraint,3,cycles:u,2900225054
A,control,f7_n10000_bound_neutral,MakeConstraint,3,branch-misses:u,1776588
A,control,f7_n10000_bound_neutral,MakeConstraint,3,L1-icache-load-misses:u,402926
A,control,f7_n10000_bound_neutral,MakeConstraint,3,elapsed_s,0.967175459
A,control,f7_n10000_bound_neutral,MakeConstraint,4,instructions:u,7033689781
A,control,f7_n10000_bound_neutral,MakeConstraint,4,branches:u,1248605324
A,control,f7_n10000_bound_neutral,MakeConstraint,4,cycles:u,2904271216
A,control,f7_n10000_bound_neutral,MakeConstraint,4,branch-misses:u,1799763
A,control,f7_n10000_bound_neutral,MakeConstraint,4,L1-icache-load-misses:u,429267
A,control,f7_n10000_bound_neutral,MakeConstraint,4,elapsed_s,0.968108757
A,control,f7_n10000_bound_neutral,MakeConstraint,5,instructions:u,7036607711
A,control,f7_n10000_bound_neutral,MakeConstraint,5,branches:u,1249453170
A,control,f7_n10000_bound_neutral,MakeConstraint,5,cycles:u,2904343550
A,control,f7_n10000_bound_neutral,MakeConstraint,5,branch-misses:u,1787042
A,control,f7_n10000_bound_neutral,MakeConstraint,5,L1-icache-load-misses:u,442291
A,control,f7_n10000_bound_neutral,MakeConstraint,5,elapsed_s,0.96748318
A,control,f7_n10000_bound_neutral,MakeParameter,1,instructions:u,8793808914
A,control,f7_n10000_bound_neutral,MakeParameter,1,branches:u,1759567812
A,control,f7_n10000_bound_neutral,MakeParameter,1,cycles:u,4135344242
A,control,f7_n10000_bound_neutral,MakeParameter,1,branch-misses:u,1800988
A,control,f7_n10000_bound_neutral,MakeParameter,1,L1-icache-load-misses:u,436348
A,control,f7_n10000_bound_neutral,MakeParameter,1,elapsed_s,1.33379875
A,control,f7_n10000_bound_neutral,MakeParameter,2,instructions:u,8795002399
A,control,f7_n10000_bound_neutral,MakeParameter,2,branches:u,1759914300
A,control,f7_n10000_bound_neutral,MakeParameter,2,cycles:u,4138719072
A,control,f7_n10000_bound_neutral,MakeParameter,2,branch-misses:u,1781717
A,control,f7_n10000_bound_neutral,MakeParameter,2,L1-icache-load-misses:u,416603
A,control,f7_n10000_bound_neutral,MakeParameter,2,elapsed_s,1.336273759
A,control,f7_n10000_bound_neutral,MakeParameter,3,instructions:u,8797045011
A,control,f7_n10000_bound_neutral,MakeParameter,3,branches:u,1760507318
A,control,f7_n10000_bound_neutral,MakeParameter,3,cycles:u,4138598745
A,control,f7_n10000_bound_neutral,MakeParameter,3,branch-misses:u,1772064
A,control,f7_n10000_bound_neutral,MakeParameter,3,L1-icache-load-misses:u,425158
A,control,f7_n10000_bound_neutral,MakeParameter,3,elapsed_s,1.334802816
A,control,f7_n10000_bound_neutral,MakeParameter,4,instructions:u,8789977817
A,control,f7_n10000_bound_neutral,MakeParameter,4,branches:u,1758455549
A,control,f7_n10000_bound_neutral,MakeParameter,4,cycles:u,4134529437
A,control,f7_n10000_bound_neutral,MakeParameter,4,branch-misses:u,1788836
A,control,f7_n10000_bound_neutral,MakeParameter,4,L1-icache-load-misses:u,434897
A,control,f7_n10000_bound_neutral,MakeParameter,4,elapsed_s,1.33425106
A,control,f7_n10000_bound_neutral,MakeParameter,5,instructions:u,8787369657
A,control,f7_n10000_bound_neutral,MakeParameter,5,branches:u,1757698352
A,control,f7_n10000_bound_neutral,MakeParameter,5,cycles:u,4135825914
A,control,f7_n10000_bound_neutral,MakeParameter,5,branch-misses:u,1795350
A,control,f7_n10000_bound_neutral,MakeParameter,5,L1-icache-load-misses:u,423049
A,control,f7_n10000_bound_neutral,MakeParameter,5,elapsed_s,1.334804607
A,control,f7_n10000_bound_neutral,RelaxBounds,1,instructions:u,7009515331
A,control,f7_n10000_bound_neutral,RelaxBounds,1,branches:u,1241546850
A,control,f7_n10000_bound_neutral,RelaxBounds,1,cycles:u,2885201102
A,control,f7_n10000_bound_neutral,RelaxBounds,1,branch-misses:u,1786790
A,control,f7_n10000_bound_neutral,RelaxBounds,1,L1-icache-load-misses:u,422349
A,control,f7_n10000_bound_neutral,RelaxBounds,1,elapsed_s,0.959419986
A,control,f7_n10000_bound_neutral,RelaxBounds,2,instructions:u,7004581041
A,control,f7_n10000_bound_neutral,RelaxBounds,2,branches:u,1240114303
A,control,f7_n10000_bound_neutral,RelaxBounds,2,cycles:u,2880053155
A,control,f7_n10000_bound_neutral,RelaxBounds,2,branch-misses:u,1765206
A,control,f7_n10000_bound_neutral,RelaxBounds,2,L1-icache-load-misses:u,419456
A,control,f7_n10000_bound_neutral,RelaxBounds,2,elapsed_s,0.95879903
A,control,f7_n10000_bound_neutral,RelaxBounds,3,instructions:u,7007259196
A,control,f7_n10000_bound_neutral,RelaxBounds,3,branches:u,1240891832
A,control,f7_n10000_bound_neutral,RelaxBounds,3,cycles:u,2881854269
A,control,f7_n10000_bound_neutral,RelaxBounds,3,branch-misses:u,1782239
A,control,f7_n10000_bound_neutral,RelaxBounds,3,L1-icache-load-misses:u,427912
A,control,f7_n10000_bound_neutral,RelaxBounds,3,elapsed_s,0.958897329
A,control,f7_n10000_bound_neutral,RelaxBounds,4,instructions:u,7018888386
A,control,f7_n10000_bound_neutral,RelaxBounds,4,branches:u,1244268054
A,control,f7_n10000_bound_neutral,RelaxBounds,4,cycles:u,2903383542
A,control,f7_n10000_bound_neutral,RelaxBounds,4,branch-misses:u,1803134
A,control,f7_n10000_bound_neutral,RelaxBounds,4,L1-icache-load-misses:u,430049
A,control,f7_n10000_bound_neutral,RelaxBounds,4,elapsed_s,0.969316761
A,control,f7_n10000_bound_neutral,RelaxBounds,5,instructions:u,7036588016
A,control,f7_n10000_bound_neutral,RelaxBounds,5,branches:u,1249406658
A,control,f7_n10000_bound_neutral,RelaxBounds,5,cycles:u,2904502378
A,control,f7_n10000_bound_neutral,RelaxBounds,5,branch-misses:u,1774322
A,control,f7_n10000_bound_neutral,RelaxBounds,5,L1-icache-load-misses:u,420800
A,control,f7_n10000_bound_neutral,RelaxBounds,5,elapsed_s,0.968296897
A,control,f7_n1000_bound_physics,MakeConstraint,1,instructions:u,4749120390
A,control,f7_n1000_bound_physics,MakeConstraint,1,branches:u,1329731901
A,control,f7_n1000_bound_physics,MakeConstraint,1,cycles:u,3213185104
A,control,f7_n1000_bound_physics,MakeConstraint,1,branch-misses:u,240337
A,control,f7_n1000_bound_physics,MakeConstraint,1,L1-icache-load-misses:u,31588
A,control,f7_n1000_bound_physics,MakeConstraint,1,elapsed_s,0.969370858
A,control,f7_n1000_bound_physics,MakeConstraint,2,instructions:u,4749764564
A,control,f7_n1000_bound_physics,MakeConstraint,2,branches:u,1329918647
A,control,f7_n1000_bound_physics,MakeConstraint,2,cycles:u,3210988308
A,control,f7_n1000_bound_physics,MakeConstraint,2,branch-misses:u,236996
A,control,f7_n1000_bound_physics,MakeConstraint,2,L1-icache-load-misses:u,29174
A,control,f7_n1000_bound_physics,MakeConstraint,2,elapsed_s,0.969052409
A,control,f7_n1000_bound_physics,MakeConstraint,3,instructions:u,4748772662
A,control,f7_n1000_bound_physics,MakeConstraint,3,branches:u,1329630776
A,control,f7_n1000_bound_physics,MakeConstraint,3,cycles:u,3210725647
A,control,f7_n1000_bound_physics,MakeConstraint,3,branch-misses:u,236902
A,control,f7_n1000_bound_physics,MakeConstraint,3,L1-icache-load-misses:u,29478
A,control,f7_n1000_bound_physics,MakeConstraint,3,elapsed_s,0.96897994
A,control,f7_n1000_bound_physics,MakeConstraint,4,instructions:u,4752995734
A,control,f7_n1000_bound_physics,MakeConstraint,4,branches:u,1330856825
A,control,f7_n1000_bound_physics,MakeConstraint,4,cycles:u,3212644075
A,control,f7_n1000_bound_physics,MakeConstraint,4,branch-misses:u,237800
A,control,f7_n1000_bound_physics,MakeConstraint,4,L1-icache-load-misses:u,30905
A,control,f7_n1000_bound_physics,MakeConstraint,4,elapsed_s,0.969113242
A,control,f7_n1000_bound_physics,MakeConstraint,5,instructions:u,4758264850
A,control,f7_n1000_bound_physics,MakeConstraint,5,branches:u,1332386606
A,control,f7_n1000_bound_physics,MakeConstraint,5,cycles:u,3216175123
A,control,f7_n1000_bound_physics,MakeConstraint,5,branch-misses:u,240717
A,control,f7_n1000_bound_physics,MakeConstraint,5,L1-icache-load-misses:u,31073
A,control,f7_n1000_bound_physics,MakeConstraint,5,elapsed_s,0.970552876
A,control,f7_n1000_bound_physics,MakeParameter,1,instructions:u,4200141213
A,control,f7_n1000_bound_physics,MakeParameter,1,branches:u,1170350602
A,control,f7_n1000_bound_physics,MakeParameter,1,cycles:u,2823857333
A,control,f7_n1000_bound_physics,MakeParameter,1,branch-misses:u,237778
A,control,f7_n1000_bound_physics,MakeParameter,1,L1-icache-load-misses:u,30423
A,control,f7_n1000_bound_physics,MakeParameter,1,elapsed_s,0.853822739
A,control,f7_n1000_bound_physics,MakeParameter,2,instructions:u,4175227329
A,control,f7_n1000_bound_physics,MakeParameter,2,branches:u,1163117512
A,control,f7_n1000_bound_physics,MakeParameter,2,cycles:u,2809241339
A,control,f7_n1000_bound_physics,MakeParameter,2,branch-misses:u,245310
A,control,f7_n1000_bound_physics,MakeParameter,2,L1-icache-load-misses:u,30565
A,control,f7_n1000_bound_physics,MakeParameter,2,elapsed_s,0.849714619
A,control,f7_n1000_bound_physics,MakeParameter,3,instructions:u,3822147263
A,control,f7_n1000_bound_physics,MakeParameter,3,branches:u,1060610317
A,control,f7_n1000_bound_physics,MakeParameter,3,cycles:u,2559145737
A,control,f7_n1000_bound_physics,MakeParameter,3,branch-misses:u,239309
A,control,f7_n1000_bound_physics,MakeParameter,3,L1-icache-load-misses:u,30920
A,control,f7_n1000_bound_physics,MakeParameter,3,elapsed_s,0.77535539
A,control,f7_n1000_bound_physics,MakeParameter,4,instructions:u,4195315344
A,control,f7_n1000_bound_physics,MakeParameter,4,branches:u,1168949539
A,control,f7_n1000_bound_physics,MakeParameter,4,cycles:u,2823317049
A,control,f7_n1000_bound_physics,MakeParameter,4,branch-misses:u,235790
A,control,f7_n1000_bound_physics,MakeParameter,4,L1-icache-load-misses:u,30093
A,control,f7_n1000_bound_physics,MakeParameter,4,elapsed_s,0.853819029
A,control,f7_n1000_bound_physics,MakeParameter,5,instructions:u,4188976278
A,control,f7_n1000_bound_physics,MakeParameter,5,branches:u,1167109195
A,control,f7_n1000_bound_physics,MakeParameter,5,cycles:u,2818039160
A,control,f7_n1000_bound_physics,MakeParameter,5,branch-misses:u,240885
A,control,f7_n1000_bound_physics,MakeParameter,5,L1-icache-load-misses:u,31751
A,control,f7_n1000_bound_physics,MakeParameter,5,elapsed_s,0.852035198
A,control,f7_n1000_bound_physics,RelaxBounds,1,instructions:u,4754784109
A,control,f7_n1000_bound_physics,RelaxBounds,1,branches:u,1331376092
A,control,f7_n1000_bound_physics,RelaxBounds,1,cycles:u,3212837818
A,control,f7_n1000_bound_physics,RelaxBounds,1,branch-misses:u,236310
A,control,f7_n1000_bound_physics,RelaxBounds,1,L1-icache-load-misses:u,31204
A,control,f7_n1000_bound_physics,RelaxBounds,1,elapsed_s,0.969059459
A,control,f7_n1000_bound_physics,RelaxBounds,2,instructions:u,4733077228
A,control,f7_n1000_bound_physics,RelaxBounds,2,branches:u,1325074152
A,control,f7_n1000_bound_physics,RelaxBounds,2,cycles:u,3199005983
A,control,f7_n1000_bound_physics,RelaxBounds,2,branch-misses:u,242347
A,control,f7_n1000_bound_physics,RelaxBounds,2,L1-icache-load-misses:u,29726
A,control,f7_n1000_bound_physics,RelaxBounds,2,elapsed_s,0.969304519
A,control,f7_n1000_bound_physics,RelaxBounds,3,instructions:u,4751742894
A,control,f7_n1000_bound_physics,RelaxBounds,3,branches:u,1330493073
A,control,f7_n1000_bound_physics,RelaxBounds,3,cycles:u,3211648759
A,control,f7_n1000_bound_physics,RelaxBounds,3,branch-misses:u,238472
A,control,f7_n1000_bound_physics,RelaxBounds,3,L1-icache-load-misses:u,29278
A,control,f7_n1000_bound_physics,RelaxBounds,3,elapsed_s,0.96887533
A,control,f7_n1000_bound_physics,RelaxBounds,4,instructions:u,4753563682
A,control,f7_n1000_bound_physics,RelaxBounds,4,branches:u,1331021777
A,control,f7_n1000_bound_physics,RelaxBounds,4,cycles:u,3213277495
A,control,f7_n1000_bound_physics,RelaxBounds,4,branch-misses:u,236469
A,control,f7_n1000_bound_physics,RelaxBounds,4,L1-icache-load-misses:u,29715
A,control,f7_n1000_bound_physics,RelaxBounds,4,elapsed_s,0.969312391
A,control,f7_n1000_bound_physics,RelaxBounds,5,instructions:u,4748866089
A,control,f7_n1000_bound_physics,RelaxBounds,5,branches:u,1329657917
A,control,f7_n1000_bound_physics,RelaxBounds,5,cycles:u,3211310393
A,control,f7_n1000_bound_physics,RelaxBounds,5,branch-misses:u,240369
A,control,f7_n1000_bound_physics,RelaxBounds,5,L1-icache-load-misses:u,30861
A,control,f7_n1000_bound_physics,RelaxBounds,5,elapsed_s,0.968940793
A,control,f7_n20000_bound_neutral,MakeConstraint,1,instructions:u,14139735352
A,control,f7_n20000_bound_neutral,MakeConstraint,1,branches:u,2502556477
A,control,f7_n20000_bound_neutral,MakeConstraint,1,cycles:u,5927464687
A,control,f7_n20000_bound_neutral,MakeConstraint,1,branch-misses:u,3494878
A,control,f7_n20000_bound_neutral,MakeConstraint,1,L1-icache-load-misses:u,888190
A,control,f7_n20000_bound_neutral,MakeConstraint,1,elapsed_s,1.968568521
A,control,f7_n20000_bound_neutral,MakeConstraint,2,instructions:u,14143983989
A,control,f7_n20000_bound_neutral,MakeConstraint,2,branches:u,2503789954
A,control,f7_n20000_bound_neutral,MakeConstraint,2,cycles:u,5923082468
A,control,f7_n20000_bound_neutral,MakeConstraint,2,branch-misses:u,3433399
A,control,f7_n20000_bound_neutral,MakeConstraint,2,L1-icache-load-misses:u,884769
A,control,f7_n20000_bound_neutral,MakeConstraint,2,elapsed_s,1.967869375
A,control,f7_n20000_bound_neutral,MakeConstraint,3,instructions:u,14092676329
A,control,f7_n20000_bound_neutral,MakeConstraint,3,branches:u,2488894194
A,control,f7_n20000_bound_neutral,MakeConstraint,3,cycles:u,5895309046
A,control,f7_n20000_bound_neutral,MakeConstraint,3,branch-misses:u,3498455
A,control,f7_n20000_bound_neutral,MakeConstraint,3,L1-icache-load-misses:u,826786
A,control,f7_n20000_bound_neutral,MakeConstraint,3,elapsed_s,1.958808309
A,control,f7_n20000_bound_neutral,MakeConstraint,4,instructions:u,14139332573
A,control,f7_n20000_bound_neutral,MakeConstraint,4,branches:u,2502439575
A,control,f7_n20000_bound_neutral,MakeConstraint,4,cycles:u,5926101642
A,control,f7_n20000_bound_neutral,MakeConstraint,4,branch-misses:u,3487171
A,control,f7_n20000_bound_neutral,MakeConstraint,4,L1-icache-load-misses:u,857946
A,control,f7_n20000_bound_neutral,MakeConstraint,4,elapsed_s,1.967538384
A,control,f7_n20000_bound_neutral,MakeConstraint,5,instructions:u,14142065254
A,control,f7_n20000_bound_neutral,MakeConstraint,5,branches:u,2503232901
A,control,f7_n20000_bound_neutral,MakeConstraint,5,cycles:u,5922659366
A,control,f7_n20000_bound_neutral,MakeConstraint,5,branch-misses:u,3454387
A,control,f7_n20000_bound_neutral,MakeConstraint,5,L1-icache-load-misses:u,859988
A,control,f7_n20000_bound_neutral,MakeConstraint,5,elapsed_s,1.966588958
A,control,f7_n20000_bound_neutral,MakeParameter,1,instructions:u,12210931577
A,control,f7_n20000_bound_neutral,MakeParameter,1,branches:u,1942744147
A,control,f7_n20000_bound_neutral,MakeParameter,1,cycles:u,4569028764
A,control,f7_n20000_bound_neutral,MakeParameter,1,branch-misses:u,3493482
A,control,f7_n20000_bound_neutral,MakeParameter,1,L1-icache-load-misses:u,868949
A,control,f7_n20000_bound_neutral,MakeParameter,1,elapsed_s,1.565047239
A,control,f7_n20000_bound_neutral,MakeParameter,2,instructions:u,12213158671
A,control,f7_n20000_bound_neutral,MakeParameter,2,branches:u,1943390656
A,control,f7_n20000_bound_neutral,MakeParameter,2,cycles:u,4566472354
A,control,f7_n20000_bound_neutral,MakeParameter,2,branch-misses:u,3447055
A,control,f7_n20000_bound_neutral,MakeParameter,2,L1-icache-load-misses:u,890141
A,control,f7_n20000_bound_neutral,MakeParameter,2,elapsed_s,1.563686425
A,control,f7_n20000_bound_neutral,MakeParameter,3,instructions:u,12243060694
A,control,f7_n20000_bound_neutral,MakeParameter,3,branches:u,1952071897
A,control,f7_n20000_bound_neutral,MakeParameter,3,cycles:u,4592363012
A,control,f7_n20000_bound_neutral,MakeParameter,3,branch-misses:u,3511544
A,control,f7_n20000_bound_neutral,MakeParameter,3,L1-icache-load-misses:u,857994
A,control,f7_n20000_bound_neutral,MakeParameter,3,elapsed_s,1.57304958
A,control,f7_n20000_bound_neutral,MakeParameter,4,instructions:u,12196923090
A,control,f7_n20000_bound_neutral,MakeParameter,4,branches:u,1938676604
A,control,f7_n20000_bound_neutral,MakeParameter,4,cycles:u,4561593436
A,control,f7_n20000_bound_neutral,MakeParameter,4,branch-misses:u,3460296
A,control,f7_n20000_bound_neutral,MakeParameter,4,L1-icache-load-misses:u,878291
A,control,f7_n20000_bound_neutral,MakeParameter,4,elapsed_s,1.562697968
A,control,f7_n20000_bound_neutral,MakeParameter,5,instructions:u,12207865650
A,control,f7_n20000_bound_neutral,MakeParameter,5,branches:u,1941853981
A,control,f7_n20000_bound_neutral,MakeParameter,5,cycles:u,4571243093
A,control,f7_n20000_bound_neutral,MakeParameter,5,branch-misses:u,3458321
A,control,f7_n20000_bound_neutral,MakeParameter,5,L1-icache-load-misses:u,867596
A,control,f7_n20000_bound_neutral,MakeParameter,5,elapsed_s,1.564368989
A,control,f7_n20000_bound_neutral,RelaxBounds,1,instructions:u,14147660037
A,control,f7_n20000_bound_neutral,RelaxBounds,1,branches:u,2505020368
A,control,f7_n20000_bound_neutral,RelaxBounds,1,cycles:u,5926774550
A,control,f7_n20000_bound_neutral,RelaxBounds,1,branch-misses:u,3451472
A,control,f7_n20000_bound_neutral,RelaxBounds,1,L1-icache-load-misses:u,902874
A,control,f7_n20000_bound_neutral,RelaxBounds,1,elapsed_s,1.963283518
A,control,f7_n20000_bound_neutral,RelaxBounds,2,instructions:u,14142135650
A,control,f7_n20000_bound_neutral,RelaxBounds,2,branches:u,2503416505
A,control,f7_n20000_bound_neutral,RelaxBounds,2,cycles:u,5929987265
A,control,f7_n20000_bound_neutral,RelaxBounds,2,branch-misses:u,3471192
A,control,f7_n20000_bound_neutral,RelaxBounds,2,L1-icache-load-misses:u,835260
A,control,f7_n20000_bound_neutral,RelaxBounds,2,elapsed_s,1.968970989
A,control,f7_n20000_bound_neutral,RelaxBounds,3,instructions:u,14142636263
A,control,f7_n20000_bound_neutral,RelaxBounds,3,branches:u,2503561854
A,control,f7_n20000_bound_neutral,RelaxBounds,3,cycles:u,5926046702
A,control,f7_n20000_bound_neutral,RelaxBounds,3,branch-misses:u,3445514
A,control,f7_n20000_bound_neutral,RelaxBounds,3,L1-icache-load-misses:u,858225
A,control,f7_n20000_bound_neutral,RelaxBounds,3,elapsed_s,1.968040394
A,control,f7_n20000_bound_neutral,RelaxBounds,4,instructions:u,14141407297
A,control,f7_n20000_bound_neutral,RelaxBounds,4,branches:u,2503205020
A,control,f7_n20000_bound_neutral,RelaxBounds,4,cycles:u,5925589637
A,control,f7_n20000_bound_neutral,RelaxBounds,4,branch-misses:u,3461007
A,control,f7_n20000_bound_neutral,RelaxBounds,4,L1-icache-load-misses:u,884131
A,control,f7_n20000_bound_neutral,RelaxBounds,4,elapsed_s,1.967859582
A,control,f7_n20000_bound_neutral,RelaxBounds,5,instructions:u,14150865976
A,control,f7_n20000_bound_neutral,RelaxBounds,5,branches:u,2505951237
A,control,f7_n20000_bound_neutral,RelaxBounds,5,cycles:u,5929356315
A,control,f7_n20000_bound_neutral,RelaxBounds,5,branch-misses:u,3492297
A,control,f7_n20000_bound_neutral,RelaxBounds,5,L1-icache-load-misses:u,852135
A,control,f7_n20000_bound_neutral,RelaxBounds,5,elapsed_s,1.968567958
A,control,f7_n5000_bound_physics,MakeConstraint,1,instructions:u,5322114120
A,control,f7_n5000_bound_physics,MakeConstraint,1,branches:u,1291101043
A,control,f7_n5000_bound_physics,MakeConstraint,1,cycles:u,3077790870
A,control,f7_n5000_bound_physics,MakeConstraint,1,branch-misses:u,798045
A,control,f7_n5000_bound_physics,MakeConstraint,1,L1-icache-load-misses:u,141369
A,control,f7_n5000_bound_physics,MakeConstraint,1,elapsed_s,0.96709125
A,control,f7_n5000_bound_physics,MakeConstraint,2,instructions:u,5315969216
A,control,f7_n5000_bound_physics,MakeConstraint,2,branches:u,1289316957
A,control,f7_n5000_bound_physics,MakeConstraint,2,cycles:u,3074066482
A,control,f7_n5000_bound_physics,MakeConstraint,2,branch-misses:u,791995
A,control,f7_n5000_bound_physics,MakeConstraint,2,L1-icache-load-misses:u,136019
A,control,f7_n5000_bound_physics,MakeConstraint,2,elapsed_s,0.966182424
A,control,f7_n5000_bound_physics,MakeConstraint,3,instructions:u,5322671565
A,control,f7_n5000_bound_physics,MakeConstraint,3,branches:u,1291262798
A,control,f7_n5000_bound_physics,MakeConstraint,3,cycles:u,3077829807
A,control,f7_n5000_bound_physics,MakeConstraint,3,branch-misses:u,796705
A,control,f7_n5000_bound_physics,MakeConstraint,3,L1-icache-load-misses:u,143832
A,control,f7_n5000_bound_physics,MakeConstraint,3,elapsed_s,0.967115369
A,control,f7_n5000_bound_physics,MakeConstraint,4,instructions:u,5316757667
A,control,f7_n5000_bound_physics,MakeConstraint,4,branches:u,1289545856
A,control,f7_n5000_bound_physics,MakeConstraint,4,cycles:u,3077642310
A,control,f7_n5000_bound_physics,MakeConstraint,4,branch-misses:u,792947
A,control,f7_n5000_bound_physics,MakeConstraint,4,L1-icache-load-misses:u,145856
A,control,f7_n5000_bound_physics,MakeConstraint,4,elapsed_s,0.96759167
A,control,f7_n5000_bound_physics,MakeConstraint,5,instructions:u,5323675742
A,control,f7_n5000_bound_physics,MakeConstraint,5,branches:u,1291554335
A,control,f7_n5000_bound_physics,MakeConstraint,5,cycles:u,3075949684
A,control,f7_n5000_bound_physics,MakeConstraint,5,branch-misses:u,798114
A,control,f7_n5000_bound_physics,MakeConstraint,5,L1-icache-load-misses:u,142402
A,control,f7_n5000_bound_physics,MakeConstraint,5,elapsed_s,0.967222702
A,control,f7_n5000_bound_physics,MakeParameter,1,instructions:u,5976501328
A,control,f7_n5000_bound_physics,MakeParameter,1,branches:u,1481084471
A,control,f7_n5000_bound_physics,MakeParameter,1,cycles:u,3542228748
A,control,f7_n5000_bound_physics,MakeParameter,1,branch-misses:u,807351
A,control,f7_n5000_bound_physics,MakeParameter,1,L1-icache-load-misses:u,143397
A,control,f7_n5000_bound_physics,MakeParameter,1,elapsed_s,1.102567672
A,control,f7_n5000_bound_physics,MakeParameter,2,instructions:u,6005707361
A,control,f7_n5000_bound_physics,MakeParameter,2,branches:u,1489563692
A,control,f7_n5000_bound_physics,MakeParameter,2,cycles:u,3564983517
A,control,f7_n5000_bound_physics,MakeParameter,2,branch-misses:u,793092
A,control,f7_n5000_bound_physics,MakeParameter,2,L1-icache-load-misses:u,132446
A,control,f7_n5000_bound_physics,MakeParameter,2,elapsed_s,1.109634468
A,control,f7_n5000_bound_physics,MakeParameter,3,instructions:u,6041864314
A,control,f7_n5000_bound_physics,MakeParameter,3,branches:u,1500060785
A,control,f7_n5000_bound_physics,MakeParameter,3,cycles:u,3584621558
A,control,f7_n5000_bound_physics,MakeParameter,3,branch-misses:u,799262
A,control,f7_n5000_bound_physics,MakeParameter,3,L1-icache-load-misses:u,137010
A,control,f7_n5000_bound_physics,MakeParameter,3,elapsed_s,1.119083802
A,control,f7_n5000_bound_physics,MakeParameter,4,instructions:u,6036652257
A,control,f7_n5000_bound_physics,MakeParameter,4,branches:u,1498547594
A,control,f7_n5000_bound_physics,MakeParameter,4,cycles:u,3581937438
A,control,f7_n5000_bound_physics,MakeParameter,4,branch-misses:u,800864
A,control,f7_n5000_bound_physics,MakeParameter,4,L1-icache-load-misses:u,141374
A,control,f7_n5000_bound_physics,MakeParameter,4,elapsed_s,1.117873354
A,control,f7_n5000_bound_physics,MakeParameter,5,instructions:u,6039669106
A,control,f7_n5000_bound_physics,MakeParameter,5,branches:u,1499423454
A,control,f7_n5000_bound_physics,MakeParameter,5,cycles:u,3583456556
A,control,f7_n5000_bound_physics,MakeParameter,5,branch-misses:u,799751
A,control,f7_n5000_bound_physics,MakeParameter,5,L1-icache-load-misses:u,141572
A,control,f7_n5000_bound_physics,MakeParameter,5,elapsed_s,1.11870193
A,control,f7_n5000_bound_physics,RelaxBounds,1,instructions:u,5326256709
A,control,f7_n5000_bound_physics,RelaxBounds,1,branches:u,1292303639
A,control,f7_n5000_bound_physics,RelaxBounds,1,cycles:u,3081231634
A,control,f7_n5000_bound_physics,RelaxBounds,1,branch-misses:u,795075
A,control,f7_n5000_bound_physics,RelaxBounds,1,L1-icache-load-misses:u,144994
A,control,f7_n5000_bound_physics,RelaxBounds,1,elapsed_s,0.967947715
A,control,f7_n5000_bound_physics,RelaxBounds,2,instructions:u,5324490345
A,control,f7_n5000_bound_physics,RelaxBounds,2,branches:u,1291790834
A,control,f7_n5000_bound_physics,RelaxBounds,2,cycles:u,3079009992
A,control,f7_n5000_bound_physics,RelaxBounds,2,branch-misses:u,787228
A,control,f7_n5000_bound_physics,RelaxBounds,2,L1-icache-load-misses:u,141975
A,control,f7_n5000_bound_physics,RelaxBounds,2,elapsed_s,0.967381858
A,control,f7_n5000_bound_physics,RelaxBounds,3,instructions:u,5325961124
A,control,f7_n5000_bound_physics,RelaxBounds,3,branches:u,1292217839
A,control,f7_n5000_bound_physics,RelaxBounds,3,cycles:u,3081871826
A,control,f7_n5000_bound_physics,RelaxBounds,3,branch-misses:u,792119
A,control,f7_n5000_bound_physics,RelaxBounds,3,L1-icache-load-misses:u,142839
A,control,f7_n5000_bound_physics,RelaxBounds,3,elapsed_s,0.968161254
A,control,f7_n5000_bound_physics,RelaxBounds,4,instructions:u,5284750191
A,control,f7_n5000_bound_physics,RelaxBounds,4,branches:u,1280253361
A,control,f7_n5000_bound_physics,RelaxBounds,4,cycles:u,3054733818
A,control,f7_n5000_bound_physics,RelaxBounds,4,branch-misses:u,793261
A,control,f7_n5000_bound_physics,RelaxBounds,4,L1-icache-load-misses:u,145455
A,control,f7_n5000_bound_physics,RelaxBounds,4,elapsed_s,0.957698178
A,control,f7_n5000_bound_physics,RelaxBounds,5,instructions:u,5289571791
A,control,f7_n5000_bound_physics,RelaxBounds,5,branches:u,1281653191
A,control,f7_n5000_bound_physics,RelaxBounds,5,cycles:u,3057561913
A,control,f7_n5000_bound_physics,RelaxBounds,5,branch-misses:u,803774
A,control,f7_n5000_bound_physics,RelaxBounds,5,L1-icache-load-misses:u,148219
A,control,f7_n5000_bound_physics,RelaxBounds,5,elapsed_s,0.959040181
B,510a4bb,f7_n10000_bound_neutral,MakeConstraint,1,instructions:u,7036216051
B,510a4bb,f7_n10000_bound_neutral,MakeConstraint,1,cycles:u,2905702746
B,510a4bb,f7_n10000_bound_neutral,MakeConstraint,1,de_dis_uop_queue_empty_di0:u,286214754
B,510a4bb,f7_n10000_bound_neutral,MakeConstraint,1,op_cache_hit_miss.op_cache_miss:u,92974124
B,510a4bb,f7_n10000_bound_neutral,MakeConstraint,1,op_cache_hit_miss.op_cache_hit:u,1181452979
B,510a4bb,f7_n10000_bound_neutral,MakeConstraint,1,ic_fetch_stall.ic_stall_any:u,1372057320
B,510a4bb,f7_n10000_bound_neutral,MakeConstraint,1,elapsed_s,0.965294361
B,510a4bb,f7_n10000_bound_neutral,MakeConstraint,2,instructions:u,7032514350
B,510a4bb,f7_n10000_bound_neutral,MakeConstraint,2,cycles:u,2900983953
B,510a4bb,f7_n10000_bound_neutral,MakeConstraint,2,de_dis_uop_queue_empty_di0:u,285720223
B,510a4bb,f7_n10000_bound_neutral,MakeConstraint,2,op_cache_hit_miss.op_cache_miss:u,92633650
B,510a4bb,f7_n10000_bound_neutral,MakeConstraint,2,op_cache_hit_miss.op_cache_hit:u,1180374304
B,510a4bb,f7_n10000_bound_neutral,MakeConstraint,2,ic_fetch_stall.ic_stall_any:u,1368607249
B,510a4bb,f7_n10000_bound_neutral,MakeConstraint,2,elapsed_s,0.966753884
B,510a4bb,f7_n10000_bound_neutral,MakeConstraint,3,instructions:u,7035102169
B,510a4bb,f7_n10000_bound_neutral,MakeConstraint,3,cycles:u,2905914519
B,510a4bb,f7_n10000_bound_neutral,MakeConstraint,3,de_dis_uop_queue_empty_di0:u,286606768
B,510a4bb,f7_n10000_bound_neutral,MakeConstraint,3,op_cache_hit_miss.op_cache_miss:u,92163325
B,510a4bb,f7_n10000_bound_neutral,MakeConstraint,3,op_cache_hit_miss.op_cache_hit:u,1182117706
B,510a4bb,f7_n10000_bound_neutral,MakeConstraint,3,ic_fetch_stall.ic_stall_any:u,1371724432
B,510a4bb,f7_n10000_bound_neutral,MakeConstraint,3,elapsed_s,0.968107017
B,510a4bb,f7_n10000_bound_neutral,MakeConstraint,4,instructions:u,7011163310
B,510a4bb,f7_n10000_bound_neutral,MakeConstraint,4,cycles:u,2885054628
B,510a4bb,f7_n10000_bound_neutral,MakeConstraint,4,de_dis_uop_queue_empty_di0:u,282552263
B,510a4bb,f7_n10000_bound_neutral,MakeConstraint,4,op_cache_hit_miss.op_cache_miss:u,92195626
B,510a4bb,f7_n10000_bound_neutral,MakeConstraint,4,op_cache_hit_miss.op_cache_hit:u,1174908524
B,510a4bb,f7_n10000_bound_neutral,MakeConstraint,4,ic_fetch_stall.ic_stall_any:u,1359914896
B,510a4bb,f7_n10000_bound_neutral,MakeConstraint,4,elapsed_s,0.962567734
B,510a4bb,f7_n10000_bound_neutral,MakeConstraint,5,instructions:u,7031940909
B,510a4bb,f7_n10000_bound_neutral,MakeConstraint,5,cycles:u,2902627412
B,510a4bb,f7_n10000_bound_neutral,MakeConstraint,5,de_dis_uop_queue_empty_di0:u,285762929
B,510a4bb,f7_n10000_bound_neutral,MakeConstraint,5,op_cache_hit_miss.op_cache_miss:u,92163708
B,510a4bb,f7_n10000_bound_neutral,MakeConstraint,5,op_cache_hit_miss.op_cache_hit:u,1181436878
B,510a4bb,f7_n10000_bound_neutral,MakeConstraint,5,ic_fetch_stall.ic_stall_any:u,1369976631
B,510a4bb,f7_n10000_bound_neutral,MakeConstraint,5,elapsed_s,0.968064258
B,510a4bb,f7_n10000_bound_neutral,MakeParameter,1,instructions:u,8789276937
B,510a4bb,f7_n10000_bound_neutral,MakeParameter,1,cycles:u,4136598433
B,510a4bb,f7_n10000_bound_neutral,MakeParameter,1,de_dis_uop_queue_empty_di0:u,543147276
B,510a4bb,f7_n10000_bound_neutral,MakeParameter,1,op_cache_hit_miss.op_cache_miss:u,92741526
B,510a4bb,f7_n10000_bound_neutral,MakeParameter,1,op_cache_hit_miss.op_cache_hit:u,1691462899
B,510a4bb,f7_n10000_bound_neutral,MakeParameter,1,ic_fetch_stall.ic_stall_any:u,1979685245
B,510a4bb,f7_n10000_bound_neutral,MakeParameter,1,elapsed_s,1.335136806
B,510a4bb,f7_n10000_bound_neutral,MakeParameter,2,instructions:u,8791684720
B,510a4bb,f7_n10000_bound_neutral,MakeParameter,2,cycles:u,4137983918
B,510a4bb,f7_n10000_bound_neutral,MakeParameter,2,de_dis_uop_queue_empty_di0:u,543139126
B,510a4bb,f7_n10000_bound_neutral,MakeParameter,2,op_cache_hit_miss.op_cache_miss:u,92893356
B,510a4bb,f7_n10000_bound_neutral,MakeParameter,2,op_cache_hit_miss.op_cache_hit:u,1690775840
B,510a4bb,f7_n10000_bound_neutral,MakeParameter,2,ic_fetch_stall.ic_stall_any:u,1982127018
B,510a4bb,f7_n10000_bound_neutral,MakeParameter,2,elapsed_s,1.335335135
B,510a4bb,f7_n10000_bound_neutral,MakeParameter,3,instructions:u,8786732765
B,510a4bb,f7_n10000_bound_neutral,MakeParameter,3,cycles:u,4133003281
B,510a4bb,f7_n10000_bound_neutral,MakeParameter,3,de_dis_uop_queue_empty_di0:u,541375364
B,510a4bb,f7_n10000_bound_neutral,MakeParameter,3,op_cache_hit_miss.op_cache_miss:u,92838936
B,510a4bb,f7_n10000_bound_neutral,MakeParameter,3,op_cache_hit_miss.op_cache_hit:u,1689372444
B,510a4bb,f7_n10000_bound_neutral,MakeParameter,3,ic_fetch_stall.ic_stall_any:u,1978989609
B,510a4bb,f7_n10000_bound_neutral,MakeParameter,3,elapsed_s,1.333537254
B,510a4bb,f7_n10000_bound_neutral,MakeParameter,4,instructions:u,8792017864
B,510a4bb,f7_n10000_bound_neutral,MakeParameter,4,cycles:u,4151428640
B,510a4bb,f7_n10000_bound_neutral,MakeParameter,4,de_dis_uop_queue_empty_di0:u,546927346
B,510a4bb,f7_n10000_bound_neutral,MakeParameter,4,op_cache_hit_miss.op_cache_miss:u,93407415
B,510a4bb,f7_n10000_bound_neutral,MakeParameter,4,op_cache_hit_miss.op_cache_hit:u,1697394241
B,510a4bb,f7_n10000_bound_neutral,MakeParameter,4,ic_fetch_stall.ic_stall_any:u,1985360174
B,510a4bb,f7_n10000_bound_neutral,MakeParameter,4,elapsed_s,1.339837863
B,510a4bb,f7_n10000_bound_neutral,MakeParameter,5,instructions:u,8790252487
B,510a4bb,f7_n10000_bound_neutral,MakeParameter,5,cycles:u,4135141000
B,510a4bb,f7_n10000_bound_neutral,MakeParameter,5,de_dis_uop_queue_empty_di0:u,543039712
B,510a4bb,f7_n10000_bound_neutral,MakeParameter,5,op_cache_hit_miss.op_cache_miss:u,92122711
B,510a4bb,f7_n10000_bound_neutral,MakeParameter,5,op_cache_hit_miss.op_cache_hit:u,1690472438
B,510a4bb,f7_n10000_bound_neutral,MakeParameter,5,ic_fetch_stall.ic_stall_any:u,1980123117
B,510a4bb,f7_n10000_bound_neutral,MakeParameter,5,elapsed_s,1.335282835
B,510a4bb,f7_n10000_bound_neutral,RelaxBounds,1,instructions:u,6985786854
B,510a4bb,f7_n10000_bound_neutral,RelaxBounds,1,cycles:u,2877589395
B,510a4bb,f7_n10000_bound_neutral,RelaxBounds,1,de_dis_uop_queue_empty_di0:u,278637868
B,510a4bb,f7_n10000_bound_neutral,RelaxBounds,1,op_cache_hit_miss.op_cache_miss:u,93013536
B,510a4bb,f7_n10000_bound_neutral,RelaxBounds,1,op_cache_hit_miss.op_cache_hit:u,1167762020
B,510a4bb,f7_n10000_bound_neutral,RelaxBounds,1,ic_fetch_stall.ic_stall_any:u,1361242990
B,510a4bb,f7_n10000_bound_neutral,RelaxBounds,1,elapsed_s,0.954795182
B,510a4bb,f7_n10000_bound_neutral,RelaxBounds,2,instructions:u,6988915674
B,510a4bb,f7_n10000_bound_neutral,RelaxBounds,2,cycles:u,2875030306
B,510a4bb,f7_n10000_bound_neutral,RelaxBounds,2,de_dis_uop_queue_empty_di0:u,279964941
B,510a4bb,f7_n10000_bound_neutral,RelaxBounds,2,op_cache_hit_miss.op_cache_miss:u,91878246
B,510a4bb,f7_n10000_bound_neutral,RelaxBounds,2,op_cache_hit_miss.op_cache_hit:u,1167933271
B,510a4bb,f7_n10000_bound_neutral,RelaxBounds,2,ic_fetch_stall.ic_stall_any:u,1358817026
B,510a4bb,f7_n10000_bound_neutral,RelaxBounds,2,elapsed_s,0.956919072
B,510a4bb,f7_n10000_bound_neutral,RelaxBounds,3,instructions:u,7032869753
B,510a4bb,f7_n10000_bound_neutral,RelaxBounds,3,cycles:u,2902111779
B,510a4bb,f7_n10000_bound_neutral,RelaxBounds,3,de_dis_uop_queue_empty_di0:u,286268635
B,510a4bb,f7_n10000_bound_neutral,RelaxBounds,3,op_cache_hit_miss.op_cache_miss:u,92151640
B,510a4bb,f7_n10000_bound_neutral,RelaxBounds,3,op_cache_hit_miss.op_cache_hit:u,1180411121
B,510a4bb,f7_n10000_bound_neutral,RelaxBounds,3,ic_fetch_stall.ic_stall_any:u,1370232929
B,510a4bb,f7_n10000_bound_neutral,RelaxBounds,3,elapsed_s,0.966860373
B,510a4bb,f7_n10000_bound_neutral,RelaxBounds,4,instructions:u,7031722772
B,510a4bb,f7_n10000_bound_neutral,RelaxBounds,4,cycles:u,2905260942
B,510a4bb,f7_n10000_bound_neutral,RelaxBounds,4,de_dis_uop_queue_empty_di0:u,286588273
B,510a4bb,f7_n10000_bound_neutral,RelaxBounds,4,op_cache_hit_miss.op_cache_miss:u,92281317
B,510a4bb,f7_n10000_bound_neutral,RelaxBounds,4,op_cache_hit_miss.op_cache_hit:u,1182103366
B,510a4bb,f7_n10000_bound_neutral,RelaxBounds,4,ic_fetch_stall.ic_stall_any:u,1371569956
B,510a4bb,f7_n10000_bound_neutral,RelaxBounds,4,elapsed_s,0.968861464
B,510a4bb,f7_n10000_bound_neutral,RelaxBounds,5,instructions:u,7027518680
B,510a4bb,f7_n10000_bound_neutral,RelaxBounds,5,cycles:u,2896827965
B,510a4bb,f7_n10000_bound_neutral,RelaxBounds,5,de_dis_uop_queue_empty_di0:u,285013086
B,510a4bb,f7_n10000_bound_neutral,RelaxBounds,5,op_cache_hit_miss.op_cache_miss:u,91797824
B,510a4bb,f7_n10000_bound_neutral,RelaxBounds,5,op_cache_hit_miss.op_cache_hit:u,1179183095
B,510a4bb,f7_n10000_bound_neutral,RelaxBounds,5,ic_fetch_stall.ic_stall_any:u,1366851883
B,510a4bb,f7_n10000_bound_neutral,RelaxBounds,5,elapsed_s,0.966537475
B,510a4bb,f7_n1000_bound_physics,MakeConstraint,1,instructions:u,4734191373
B,510a4bb,f7_n1000_bound_physics,MakeConstraint,1,cycles:u,3213718770
B,510a4bb,f7_n1000_bound_physics,MakeConstraint,1,de_dis_uop_queue_empty_di0:u,649685013
B,510a4bb,f7_n1000_bound_physics,MakeConstraint,1,op_cache_hit_miss.op_cache_miss:u,5622305
B,510a4bb,f7_n1000_bound_physics,MakeConstraint,1,op_cache_hit_miss.op_cache_hit:u,1321392312
B,510a4bb,f7_n1000_bound_physics,MakeConstraint,1,ic_fetch_stall.ic_stall_any:u,1593097429
B,510a4bb,f7_n1000_bound_physics,MakeConstraint,1,elapsed_s,0.969020183
B,510a4bb,f7_n1000_bound_physics,MakeConstraint,2,instructions:u,4797291954
B,510a4bb,f7_n1000_bound_physics,MakeConstraint,2,cycles:u,3208325011
B,510a4bb,f7_n1000_bound_physics,MakeConstraint,2,de_dis_uop_queue_empty_di0:u,645682147
B,510a4bb,f7_n1000_bound_physics,MakeConstraint,2,op_cache_hit_miss.op_cache_miss:u,5586610
B,510a4bb,f7_n1000_bound_physics,MakeConstraint,2,op_cache_hit_miss.op_cache_hit:u,1339781005
B,510a4bb,f7_n1000_bound_physics,MakeConstraint,2,ic_fetch_stall.ic_stall_any:u,1565294664
B,510a4bb,f7_n1000_bound_physics,MakeConstraint,2,elapsed_s,0.968271377
B,510a4bb,f7_n1000_bound_physics,MakeConstraint,3,instructions:u,4745870047
B,510a4bb,f7_n1000_bound_physics,MakeConstraint,3,cycles:u,3209647935
B,510a4bb,f7_n1000_bound_physics,MakeConstraint,3,de_dis_uop_queue_empty_di0:u,649322664
B,510a4bb,f7_n1000_bound_physics,MakeConstraint,3,op_cache_hit_miss.op_cache_miss:u,5588236
B,510a4bb,f7_n1000_bound_physics,MakeConstraint,3,op_cache_hit_miss.op_cache_hit:u,1324867345
B,510a4bb,f7_n1000_bound_physics,MakeConstraint,3,ic_fetch_stall.ic_stall_any:u,1584791532
B,510a4bb,f7_n1000_bound_physics,MakeConstraint,3,elapsed_s,0.968477055
B,510a4bb,f7_n1000_bound_physics,MakeConstraint,4,instructions:u,4749707373
B,510a4bb,f7_n1000_bound_physics,MakeConstraint,4,cycles:u,3211164660
B,510a4bb,f7_n1000_bound_physics,MakeConstraint,4,de_dis_uop_queue_empty_di0:u,649292670
B,510a4bb,f7_n1000_bound_physics,MakeConstraint,4,op_cache_hit_miss.op_cache_miss:u,5617519
B,510a4bb,f7_n1000_bound_physics,MakeConstraint,4,op_cache_hit_miss.op_cache_hit:u,1326002235
B,510a4bb,f7_n1000_bound_physics,MakeConstraint,4,ic_fetch_stall.ic_stall_any:u,1584953007
B,510a4bb,f7_n1000_bound_physics,MakeConstraint,4,elapsed_s,0.968891644
B,510a4bb,f7_n1000_bound_physics,MakeConstraint,5,instructions:u,4749294005
B,510a4bb,f7_n1000_bound_physics,MakeConstraint,5,cycles:u,3210949656
B,510a4bb,f7_n1000_bound_physics,MakeConstraint,5,de_dis_uop_queue_empty_di0:u,649670681
B,510a4bb,f7_n1000_bound_physics,MakeConstraint,5,op_cache_hit_miss.op_cache_miss:u,5626642
B,510a4bb,f7_n1000_bound_physics,MakeConstraint,5,op_cache_hit_miss.op_cache_hit:u,1325865427
B,510a4bb,f7_n1000_bound_physics,MakeConstraint,5,ic_fetch_stall.ic_stall_any:u,1584818942
B,510a4bb,f7_n1000_bound_physics,MakeConstraint,5,elapsed_s,0.968841334
B,510a4bb,f7_n1000_bound_physics,MakeParameter,1,instructions:u,2889918629
B,510a4bb,f7_n1000_bound_physics,MakeParameter,1,cycles:u,1905324285
B,510a4bb,f7_n1000_bound_physics,MakeParameter,1,de_dis_uop_queue_empty_di0:u,377723046
B,510a4bb,f7_n1000_bound_physics,MakeParameter,1,op_cache_hit_miss.op_cache_miss:u,5580707
B,510a4bb,f7_n1000_bound_physics,MakeParameter,1,op_cache_hit_miss.op_cache_hit:u,786046382
B,510a4bb,f7_n1000_bound_physics,MakeParameter,1,ic_fetch_stall.ic_stall_any:u,939017648
B,510a4bb,f7_n1000_bound_physics,MakeParameter,1,elapsed_s,0.577678482
B,510a4bb,f7_n1000_bound_physics,MakeParameter,2,instructions:u,4201276940
B,510a4bb,f7_n1000_bound_physics,MakeParameter,2,cycles:u,2826910580
B,510a4bb,f7_n1000_bound_physics,MakeParameter,2,de_dis_uop_queue_empty_di0:u,569992298
B,510a4bb,f7_n1000_bound_physics,MakeParameter,2,op_cache_hit_miss.op_cache_miss:u,5632466
B,510a4bb,f7_n1000_bound_physics,MakeParameter,2,op_cache_hit_miss.op_cache_hit:u,1166700041
B,510a4bb,f7_n1000_bound_physics,MakeParameter,2,ic_fetch_stall.ic_stall_any:u,1395214127
B,510a4bb,f7_n1000_bound_physics,MakeParameter,2,elapsed_s,0.854882434
B,510a4bb,f7_n1000_bound_physics,MakeParameter,3,instructions:u,4190725735
B,510a4bb,f7_n1000_bound_physics,MakeParameter,3,cycles:u,2819809254
B,510a4bb,f7_n1000_bound_physics,MakeParameter,3,de_dis_uop_queue_empty_di0:u,567813224
B,510a4bb,f7_n1000_bound_physics,MakeParameter,3,op_cache_hit_miss.op_cache_miss:u,5606529
B,510a4bb,f7_n1000_bound_physics,MakeParameter,3,op_cache_hit_miss.op_cache_hit:u,1163753985
B,510a4bb,f7_n1000_bound_physics,MakeParameter,3,ic_fetch_stall.ic_stall_any:u,1391819883
B,510a4bb,f7_n1000_bound_physics,MakeParameter,3,elapsed_s,0.853220772
B,510a4bb,f7_n1000_bound_physics,MakeParameter,4,instructions:u,3827482438
B,510a4bb,f7_n1000_bound_physics,MakeParameter,4,cycles:u,2564342257
B,510a4bb,f7_n1000_bound_physics,MakeParameter,4,de_dis_uop_queue_empty_di0:u,514469864
B,510a4bb,f7_n1000_bound_physics,MakeParameter,4,op_cache_hit_miss.op_cache_miss:u,5624478
B,510a4bb,f7_n1000_bound_physics,MakeParameter,4,op_cache_hit_miss.op_cache_hit:u,1058292039
B,510a4bb,f7_n1000_bound_physics,MakeParameter,4,ic_fetch_stall.ic_stall_any:u,1265353355
B,510a4bb,f7_n1000_bound_physics,MakeParameter,4,elapsed_s,0.776702461
B,510a4bb,f7_n1000_bound_physics,MakeParameter,5,instructions:u,4193940025
B,510a4bb,f7_n1000_bound_physics,MakeParameter,5,cycles:u,2820835169
B,510a4bb,f7_n1000_bound_physics,MakeParameter,5,de_dis_uop_queue_empty_di0:u,568152113
B,510a4bb,f7_n1000_bound_physics,MakeParameter,5,op_cache_hit_miss.op_cache_miss:u,5622688
B,510a4bb,f7_n1000_bound_physics,MakeParameter,5,op_cache_hit_miss.op_cache_hit:u,1164615262
B,510a4bb,f7_n1000_bound_physics,MakeParameter,5,ic_fetch_stall.ic_stall_any:u,1391854125
B,510a4bb,f7_n1000_bound_physics,MakeParameter,5,elapsed_s,0.853123052
B,510a4bb,f7_n1000_bound_physics,RelaxBounds,1,instructions:u,4715123781
B,510a4bb,f7_n1000_bound_physics,RelaxBounds,1,cycles:u,3183853433
B,510a4bb,f7_n1000_bound_physics,RelaxBounds,1,de_dis_uop_queue_empty_di0:u,643728999
B,510a4bb,f7_n1000_bound_physics,RelaxBounds,1,op_cache_hit_miss.op_cache_miss:u,5582775
B,510a4bb,f7_n1000_bound_physics,RelaxBounds,1,op_cache_hit_miss.op_cache_hit:u,1315969314
B,510a4bb,f7_n1000_bound_physics,RelaxBounds,1,ic_fetch_stall.ic_stall_any:u,1569919148
B,510a4bb,f7_n1000_bound_physics,RelaxBounds,1,elapsed_s,0.957388399
B,510a4bb,f7_n1000_bound_physics,RelaxBounds,2,instructions:u,4731131496
B,510a4bb,f7_n1000_bound_physics,RelaxBounds,2,cycles:u,3196865839
B,510a4bb,f7_n1000_bound_physics,RelaxBounds,2,de_dis_uop_queue_empty_di0:u,646639149
B,510a4bb,f7_n1000_bound_physics,RelaxBounds,2,op_cache_hit_miss.op_cache_miss:u,5593049
B,510a4bb,f7_n1000_bound_physics,RelaxBounds,2,op_cache_hit_miss.op_cache_hit:u,1320613555
B,510a4bb,f7_n1000_bound_physics,RelaxBounds,2,ic_fetch_stall.ic_stall_any:u,1577233575
B,510a4bb,f7_n1000_bound_physics,RelaxBounds,2,elapsed_s,0.968450766
B,510a4bb,f7_n1000_bound_physics,RelaxBounds,3,instructions:u,4750378398
B,510a4bb,f7_n1000_bound_physics,RelaxBounds,3,cycles:u,3212248533
B,510a4bb,f7_n1000_bound_physics,RelaxBounds,3,de_dis_uop_queue_empty_di0:u,649837182
B,510a4bb,f7_n1000_bound_physics,RelaxBounds,3,op_cache_hit_miss.op_cache_miss:u,5657143
B,510a4bb,f7_n1000_bound_physics,RelaxBounds,3,op_cache_hit_miss.op_cache_hit:u,1326110538
B,510a4bb,f7_n1000_bound_physics,RelaxBounds,3,ic_fetch_stall.ic_stall_any:u,1585787750
B,510a4bb,f7_n1000_bound_physics,RelaxBounds,3,elapsed_s,0.968924964
B,510a4bb,f7_n1000_bound_physics,RelaxBounds,4,instructions:u,4749664191
B,510a4bb,f7_n1000_bound_physics,RelaxBounds,4,cycles:u,3210020321
B,510a4bb,f7_n1000_bound_physics,RelaxBounds,4,de_dis_uop_queue_empty_di0:u,649655188
B,510a4bb,f7_n1000_bound_physics,RelaxBounds,4,op_cache_hit_miss.op_cache_miss:u,5641082
B,510a4bb,f7_n1000_bound_physics,RelaxBounds,4,op_cache_hit_miss.op_cache_hit:u,1325939333
B,510a4bb,f7_n1000_bound_physics,RelaxBounds,4,ic_fetch_stall.ic_stall_any:u,1583777003
B,510a4bb,f7_n1000_bound_physics,RelaxBounds,4,elapsed_s,0.968601735
B,510a4bb,f7_n1000_bound_physics,RelaxBounds,5,instructions:u,4749133721
B,510a4bb,f7_n1000_bound_physics,RelaxBounds,5,cycles:u,3209982944
B,510a4bb,f7_n1000_bound_physics,RelaxBounds,5,de_dis_uop_queue_empty_di0:u,649458832
B,510a4bb,f7_n1000_bound_physics,RelaxBounds,5,op_cache_hit_miss.op_cache_miss:u,5615313
B,510a4bb,f7_n1000_bound_physics,RelaxBounds,5,op_cache_hit_miss.op_cache_hit:u,1325826696
B,510a4bb,f7_n1000_bound_physics,RelaxBounds,5,ic_fetch_stall.ic_stall_any:u,1583914970
B,510a4bb,f7_n1000_bound_physics,RelaxBounds,5,elapsed_s,0.968819114
B,510a4bb,f7_n20000_bound_neutral,MakeConstraint,1,instructions:u,14138180783
B,510a4bb,f7_n20000_bound_neutral,MakeConstraint,1,cycles:u,5923272351
B,510a4bb,f7_n20000_bound_neutral,MakeConstraint,1,de_dis_uop_queue_empty_di0:u,567447264
B,510a4bb,f7_n20000_bound_neutral,MakeConstraint,1,op_cache_hit_miss.op_cache_miss:u,184173137
B,510a4bb,f7_n20000_bound_neutral,MakeConstraint,1,op_cache_hit_miss.op_cache_hit:u,2364957014
B,510a4bb,f7_n20000_bound_neutral,MakeConstraint,1,ic_fetch_stall.ic_stall_any:u,2856984971
B,510a4bb,f7_n20000_bound_neutral,MakeConstraint,1,elapsed_s,1.961639532
B,510a4bb,f7_n20000_bound_neutral,MakeConstraint,2,instructions:u,14142845662
B,510a4bb,f7_n20000_bound_neutral,MakeConstraint,2,cycles:u,5927520508
B,510a4bb,f7_n20000_bound_neutral,MakeConstraint,2,de_dis_uop_queue_empty_di0:u,568769401
B,510a4bb,f7_n20000_bound_neutral,MakeConstraint,2,op_cache_hit_miss.op_cache_miss:u,183777967
B,510a4bb,f7_n20000_bound_neutral,MakeConstraint,2,op_cache_hit_miss.op_cache_hit:u,2367737682
B,510a4bb,f7_n20000_bound_neutral,MakeConstraint,2,ic_fetch_stall.ic_stall_any:u,2857970258
B,510a4bb,f7_n20000_bound_neutral,MakeConstraint,2,elapsed_s,1.968538679
B,510a4bb,f7_n20000_bound_neutral,MakeConstraint,3,instructions:u,14117748021
B,510a4bb,f7_n20000_bound_neutral,MakeConstraint,3,cycles:u,5909203084
B,510a4bb,f7_n20000_bound_neutral,MakeConstraint,3,de_dis_uop_queue_empty_di0:u,564922844
B,510a4bb,f7_n20000_bound_neutral,MakeConstraint,3,op_cache_hit_miss.op_cache_miss:u,183831274
B,510a4bb,f7_n20000_bound_neutral,MakeConstraint,3,op_cache_hit_miss.op_cache_hit:u,2360746241
B,510a4bb,f7_n20000_bound_neutral,MakeConstraint,3,ic_fetch_stall.ic_stall_any:u,2848702442
B,510a4bb,f7_n20000_bound_neutral,MakeConstraint,3,elapsed_s,1.961376993
B,510a4bb,f7_n20000_bound_neutral,MakeConstraint,4,instructions:u,14135075797
B,510a4bb,f7_n20000_bound_neutral,MakeConstraint,4,cycles:u,5920915402
B,510a4bb,f7_n20000_bound_neutral,MakeConstraint,4,de_dis_uop_queue_empty_di0:u,566479863
B,510a4bb,f7_n20000_bound_neutral,MakeConstraint,4,op_cache_hit_miss.op_cache_miss:u,184002252
B,510a4bb,f7_n20000_bound_neutral,MakeConstraint,4,op_cache_hit_miss.op_cache_hit:u,2364773042
B,510a4bb,f7_n20000_bound_neutral,MakeConstraint,4,ic_fetch_stall.ic_stall_any:u,2856343955
B,510a4bb,f7_n20000_bound_neutral,MakeConstraint,4,elapsed_s,1.967654843
B,510a4bb,f7_n20000_bound_neutral,MakeConstraint,5,instructions:u,14196955175
B,510a4bb,f7_n20000_bound_neutral,MakeConstraint,5,cycles:u,5930643353
B,510a4bb,f7_n20000_bound_neutral,MakeConstraint,5,de_dis_uop_queue_empty_di0:u,563630557
B,510a4bb,f7_n20000_bound_neutral,MakeConstraint,5,op_cache_hit_miss.op_cache_miss:u,183457598
B,510a4bb,f7_n20000_bound_neutral,MakeConstraint,5,op_cache_hit_miss.op_cache_hit:u,2384342952
B,510a4bb,f7_n20000_bound_neutral,MakeConstraint,5,ic_fetch_stall.ic_stall_any:u,2841178717
B,510a4bb,f7_n20000_bound_neutral,MakeConstraint,5,elapsed_s,1.969812873
B,510a4bb,f7_n20000_bound_neutral,MakeParameter,1,instructions:u,12218014463
B,510a4bb,f7_n20000_bound_neutral,MakeParameter,1,cycles:u,4599809038
B,510a4bb,f7_n20000_bound_neutral,MakeParameter,1,de_dis_uop_queue_empty_di0:u,285539307
B,510a4bb,f7_n20000_bound_neutral,MakeParameter,1,op_cache_hit_miss.op_cache_miss:u,184141392
B,510a4bb,f7_n20000_bound_neutral,MakeParameter,1,op_cache_hit_miss.op_cache_hit:u,1805394047
B,510a4bb,f7_n20000_bound_neutral,MakeParameter,1,ic_fetch_stall.ic_stall_any:u,2217148950
B,510a4bb,f7_n20000_bound_neutral,MakeParameter,1,elapsed_s,1.567047506
B,510a4bb,f7_n20000_bound_neutral,MakeParameter,2,instructions:u,12191889766
B,510a4bb,f7_n20000_bound_neutral,MakeParameter,2,cycles:u,4564265131
B,510a4bb,f7_n20000_bound_neutral,MakeParameter,2,de_dis_uop_queue_empty_di0:u,283797266
B,510a4bb,f7_n20000_bound_neutral,MakeParameter,2,op_cache_hit_miss.op_cache_miss:u,184006480
B,510a4bb,f7_n20000_bound_neutral,MakeParameter,2,op_cache_hit_miss.op_cache_hit:u,1801047404
B,510a4bb,f7_n20000_bound_neutral,MakeParameter,2,ic_fetch_stall.ic_stall_any:u,2188340638
B,510a4bb,f7_n20000_bound_neutral,MakeParameter,2,elapsed_s,1.562246669
B,510a4bb,f7_n20000_bound_neutral,MakeParameter,3,instructions:u,12214117078
B,510a4bb,f7_n20000_bound_neutral,MakeParameter,3,cycles:u,4586138640
B,510a4bb,f7_n20000_bound_neutral,MakeParameter,3,de_dis_uop_queue_empty_di0:u,288037052
B,510a4bb,f7_n20000_bound_neutral,MakeParameter,3,op_cache_hit_miss.op_cache_miss:u,184383933
B,510a4bb,f7_n20000_bound_neutral,MakeParameter,3,op_cache_hit_miss.op_cache_hit:u,1806831868
B,510a4bb,f7_n20000_bound_neutral,MakeParameter,3,ic_fetch_stall.ic_stall_any:u,2200939028
B,510a4bb,f7_n20000_bound_neutral,MakeParameter,3,elapsed_s,1.569606055
B,510a4bb,f7_n20000_bound_neutral,MakeParameter,4,instructions:u,12203273129
B,510a4bb,f7_n20000_bound_neutral,MakeParameter,4,cycles:u,4562381250
B,510a4bb,f7_n20000_bound_neutral,MakeParameter,4,de_dis_uop_queue_empty_di0:u,284593271
B,510a4bb,f7_n20000_bound_neutral,MakeParameter,4,op_cache_hit_miss.op_cache_miss:u,183661931
B,510a4bb,f7_n20000_bound_neutral,MakeParameter,4,op_cache_hit_miss.op_cache_hit:u,1802977224
B,510a4bb,f7_n20000_bound_neutral,MakeParameter,4,ic_fetch_stall.ic_stall_any:u,2183429226
B,510a4bb,f7_n20000_bound_neutral,MakeParameter,4,elapsed_s,1.563611333
B,510a4bb,f7_n20000_bound_neutral,MakeParameter,5,instructions:u,12163659153
B,510a4bb,f7_n20000_bound_neutral,MakeParameter,5,cycles:u,4532327387
B,510a4bb,f7_n20000_bound_neutral,MakeParameter,5,de_dis_uop_queue_empty_di0:u,278517744
B,510a4bb,f7_n20000_bound_neutral,MakeParameter,5,op_cache_hit_miss.op_cache_miss:u,184088102
B,510a4bb,f7_n20000_bound_neutral,MakeParameter,5,op_cache_hit_miss.op_cache_hit:u,1791354333
B,510a4bb,f7_n20000_bound_neutral,MakeParameter,5,ic_fetch_stall.ic_stall_any:u,2167645583
B,510a4bb,f7_n20000_bound_neutral,MakeParameter,5,elapsed_s,1.550716565
B,510a4bb,f7_n20000_bound_neutral,RelaxBounds,1,instructions:u,14168468900
B,510a4bb,f7_n20000_bound_neutral,RelaxBounds,1,cycles:u,5964364985
B,510a4bb,f7_n20000_bound_neutral,RelaxBounds,1,de_dis_uop_queue_empty_di0:u,574422674
B,510a4bb,f7_n20000_bound_neutral,RelaxBounds,1,op_cache_hit_miss.op_cache_miss:u,184412596
B,510a4bb,f7_n20000_bound_neutral,RelaxBounds,1,op_cache_hit_miss.op_cache_hit:u,2374847907
B,510a4bb,f7_n20000_bound_neutral,RelaxBounds,1,ic_fetch_stall.ic_stall_any:u,2885265478
B,510a4bb,f7_n20000_bound_neutral,RelaxBounds,1,elapsed_s,1.97445014
B,510a4bb,f7_n20000_bound_neutral,RelaxBounds,2,instructions:u,14224912829
B,510a4bb,f7_n20000_bound_neutral,RelaxBounds,2,cycles:u,5925746177
B,510a4bb,f7_n20000_bound_neutral,RelaxBounds,2,de_dis_uop_queue_empty_di0:u,561557513
B,510a4bb,f7_n20000_bound_neutral,RelaxBounds,2,op_cache_hit_miss.op_cache_miss:u,184122686
B,510a4bb,f7_n20000_bound_neutral,RelaxBounds,2,op_cache_hit_miss.op_cache_hit:u,2390216591
B,510a4bb,f7_n20000_bound_neutral,RelaxBounds,2,ic_fetch_stall.ic_stall_any:u,2828989052
B,510a4bb,f7_n20000_bound_neutral,RelaxBounds,2,elapsed_s,1.966660848
B,510a4bb,f7_n20000_bound_neutral,RelaxBounds,3,instructions:u,14147361541
B,510a4bb,f7_n20000_bound_neutral,RelaxBounds,3,cycles:u,5936225716
B,510a4bb,f7_n20000_bound_neutral,RelaxBounds,3,de_dis_uop_queue_empty_di0:u,569024144
B,510a4bb,f7_n20000_bound_neutral,RelaxBounds,3,op_cache_hit_miss.op_cache_miss:u,185672729
B,510a4bb,f7_n20000_bound_neutral,RelaxBounds,3,op_cache_hit_miss.op_cache_hit:u,2368660200
B,510a4bb,f7_n20000_bound_neutral,RelaxBounds,3,ic_fetch_stall.ic_stall_any:u,2864356450
B,510a4bb,f7_n20000_bound_neutral,RelaxBounds,3,elapsed_s,1.970272661
B,510a4bb,f7_n20000_bound_neutral,RelaxBounds,4,instructions:u,14128839225
B,510a4bb,f7_n20000_bound_neutral,RelaxBounds,4,cycles:u,5913841253
B,510a4bb,f7_n20000_bound_neutral,RelaxBounds,4,de_dis_uop_queue_empty_di0:u,565415520
B,510a4bb,f7_n20000_bound_neutral,RelaxBounds,4,op_cache_hit_miss.op_cache_miss:u,184054111
B,510a4bb,f7_n20000_bound_neutral,RelaxBounds,4,op_cache_hit_miss.op_cache_hit:u,2361635236
B,510a4bb,f7_n20000_bound_neutral,RelaxBounds,4,ic_fetch_stall.ic_stall_any:u,2853072901
B,510a4bb,f7_n20000_bound_neutral,RelaxBounds,4,elapsed_s,1.966784227
B,510a4bb,f7_n20000_bound_neutral,RelaxBounds,5,instructions:u,14117124019
B,510a4bb,f7_n20000_bound_neutral,RelaxBounds,5,cycles:u,5911969766
B,510a4bb,f7_n20000_bound_neutral,RelaxBounds,5,de_dis_uop_queue_empty_di0:u,568444457
B,510a4bb,f7_n20000_bound_neutral,RelaxBounds,5,op_cache_hit_miss.op_cache_miss:u,181140271
B,510a4bb,f7_n20000_bound_neutral,RelaxBounds,5,op_cache_hit_miss.op_cache_hit:u,2361061382
B,510a4bb,f7_n20000_bound_neutral,RelaxBounds,5,ic_fetch_stall.ic_stall_any:u,2853706179
B,510a4bb,f7_n20000_bound_neutral,RelaxBounds,5,elapsed_s,1.971744083
B,510a4bb,f7_n5000_bound_physics,MakeConstraint,1,instructions:u,5325443388
B,510a4bb,f7_n5000_bound_physics,MakeConstraint,1,cycles:u,3079433890
B,510a4bb,f7_n5000_bound_physics,MakeConstraint,1,de_dis_uop_queue_empty_di0:u,535289302
B,510a4bb,f7_n5000_bound_physics,MakeConstraint,1,op_cache_hit_miss.op_cache_miss:u,26635885
B,510a4bb,f7_n5000_bound_physics,MakeConstraint,1,op_cache_hit_miss.op_cache_hit:u,1269672342
B,510a4bb,f7_n5000_bound_physics,MakeConstraint,1,ic_fetch_stall.ic_stall_any:u,1505641262
B,510a4bb,f7_n5000_bound_physics,MakeConstraint,1,elapsed_s,0.967264972
B,510a4bb,f7_n5000_bound_physics,MakeConstraint,2,instructions:u,5320759666
B,510a4bb,f7_n5000_bound_physics,MakeConstraint,2,cycles:u,3078070843
B,510a4bb,f7_n5000_bound_physics,MakeConstraint,2,de_dis_uop_queue_empty_di0:u,535715568
B,510a4bb,f7_n5000_bound_physics,MakeConstraint,2,op_cache_hit_miss.op_cache_miss:u,26755628
B,510a4bb,f7_n5000_bound_physics,MakeConstraint,2,op_cache_hit_miss.op_cache_hit:u,1268076547
B,510a4bb,f7_n5000_bound_physics,MakeConstraint,2,ic_fetch_stall.ic_stall_any:u,1505630495
B,510a4bb,f7_n5000_bound_physics,MakeConstraint,2,elapsed_s,0.967371671
B,510a4bb,f7_n5000_bound_physics,MakeConstraint,3,instructions:u,5311468052
B,510a4bb,f7_n5000_bound_physics,MakeConstraint,3,cycles:u,3079176080
B,510a4bb,f7_n5000_bound_physics,MakeConstraint,3,de_dis_uop_queue_empty_di0:u,533844201
B,510a4bb,f7_n5000_bound_physics,MakeConstraint,3,op_cache_hit_miss.op_cache_miss:u,26991341
B,510a4bb,f7_n5000_bound_physics,MakeConstraint,3,op_cache_hit_miss.op_cache_hit:u,1265583437
B,510a4bb,f7_n5000_bound_physics,MakeConstraint,3,ic_fetch_stall.ic_stall_any:u,1509406044
B,510a4bb,f7_n5000_bound_physics,MakeConstraint,3,elapsed_s,0.968047308
B,510a4bb,f7_n5000_bound_physics,MakeConstraint,4,instructions:u,5301709699
B,510a4bb,f7_n5000_bound_physics,MakeConstraint,4,cycles:u,3063652893
B,510a4bb,f7_n5000_bound_physics,MakeConstraint,4,de_dis_uop_queue_empty_di0:u,532224507
B,510a4bb,f7_n5000_bound_physics,MakeConstraint,4,op_cache_hit_miss.op_cache_miss:u,26882109
B,510a4bb,f7_n5000_bound_physics,MakeConstraint,4,op_cache_hit_miss.op_cache_hit:u,1262510516
B,510a4bb,f7_n5000_bound_physics,MakeConstraint,4,ic_fetch_stall.ic_stall_any:u,1497984400
B,510a4bb,f7_n5000_bound_physics,MakeConstraint,4,elapsed_s,0.963713659
B,510a4bb,f7_n5000_bound_physics,MakeConstraint,5,instructions:u,5318788954
B,510a4bb,f7_n5000_bound_physics,MakeConstraint,5,cycles:u,3078030208
B,510a4bb,f7_n5000_bound_physics,MakeConstraint,5,de_dis_uop_queue_empty_di0:u,534522435
B,510a4bb,f7_n5000_bound_physics,MakeConstraint,5,op_cache_hit_miss.op_cache_miss:u,26904605
B,510a4bb,f7_n5000_bound_physics,MakeConstraint,5,op_cache_hit_miss.op_cache_hit:u,1267600999
B,510a4bb,f7_n5000_bound_physics,MakeConstraint,5,ic_fetch_stall.ic_stall_any:u,1506098516
B,510a4bb,f7_n5000_bound_physics,MakeConstraint,5,elapsed_s,0.968005878
B,510a4bb,f7_n5000_bound_physics,MakeParameter,1,instructions:u,6044467965
B,510a4bb,f7_n5000_bound_physics,MakeParameter,1,cycles:u,3586742903
B,510a4bb,f7_n5000_bound_physics,MakeParameter,1,de_dis_uop_queue_empty_di0:u,641093240
B,510a4bb,f7_n5000_bound_physics,MakeParameter,1,op_cache_hit_miss.op_cache_miss:u,26780167
B,510a4bb,f7_n5000_bound_physics,MakeParameter,1,op_cache_hit_miss.op_cache_hit:u,1478531874
B,510a4bb,f7_n5000_bound_physics,MakeParameter,1,ic_fetch_stall.ic_stall_any:u,1757425615
B,510a4bb,f7_n5000_bound_physics,MakeParameter,1,elapsed_s,1.118682681
B,510a4bb,f7_n5000_bound_physics,MakeParameter,2,instructions:u,6041240049
B,510a4bb,f7_n5000_bound_physics,MakeParameter,2,cycles:u,3585763148
B,510a4bb,f7_n5000_bound_physics,MakeParameter,2,de_dis_uop_queue_empty_di0:u,641059590
B,510a4bb,f7_n5000_bound_physics,MakeParameter,2,op_cache_hit_miss.op_cache_miss:u,26716702
B,510a4bb,f7_n5000_bound_physics,MakeParameter,2,op_cache_hit_miss.op_cache_hit:u,1477274862
B,510a4bb,f7_n5000_bound_physics,MakeParameter,2,ic_fetch_stall.ic_stall_any:u,1757715425
B,510a4bb,f7_n5000_bound_physics,MakeParameter,2,elapsed_s,1.11882016
B,510a4bb,f7_n5000_bound_physics,MakeParameter,3,instructions:u,6039593181
B,510a4bb,f7_n5000_bound_physics,MakeParameter,3,cycles:u,3582823834
B,510a4bb,f7_n5000_bound_physics,MakeParameter,3,de_dis_uop_queue_empty_di0:u,640709134
B,510a4bb,f7_n5000_bound_physics,MakeParameter,3,op_cache_hit_miss.op_cache_miss:u,26619195
B,510a4bb,f7_n5000_bound_physics,MakeParameter,3,op_cache_hit_miss.op_cache_hit:u,1477086843
B,510a4bb,f7_n5000_bound_physics,MakeParameter,3,ic_fetch_stall.ic_stall_any:u,1755066550
B,510a4bb,f7_n5000_bound_physics,MakeParameter,3,elapsed_s,1.118118843
B,510a4bb,f7_n5000_bound_physics,MakeParameter,4,instructions:u,5982418235
B,510a4bb,f7_n5000_bound_physics,MakeParameter,4,cycles:u,3541150318
B,510a4bb,f7_n5000_bound_physics,MakeParameter,4,de_dis_uop_queue_empty_di0:u,631761786
B,510a4bb,f7_n5000_bound_physics,MakeParameter,4,op_cache_hit_miss.op_cache_miss:u,26884138
B,510a4bb,f7_n5000_bound_physics,MakeParameter,4,op_cache_hit_miss.op_cache_hit:u,1460366448
B,510a4bb,f7_n5000_bound_physics,MakeParameter,4,ic_fetch_stall.ic_stall_any:u,1733757324
B,510a4bb,f7_n5000_bound_physics,MakeParameter,4,elapsed_s,1.107208906
B,510a4bb,f7_n5000_bound_physics,MakeParameter,5,instructions:u,5994548281
B,510a4bb,f7_n5000_bound_physics,MakeParameter,5,cycles:u,3548287159
B,510a4bb,f7_n5000_bound_physics,MakeParameter,5,de_dis_uop_queue_empty_di0:u,633302396
B,510a4bb,f7_n5000_bound_physics,MakeParameter,5,op_cache_hit_miss.op_cache_miss:u,26581141
B,510a4bb,f7_n5000_bound_physics,MakeParameter,5,op_cache_hit_miss.op_cache_hit:u,1463646345
B,510a4bb,f7_n5000_bound_physics,MakeParameter,5,ic_fetch_stall.ic_stall_any:u,1737068076
B,510a4bb,f7_n5000_bound_physics,MakeParameter,5,elapsed_s,1.105153626
B,510a4bb,f7_n5000_bound_physics,RelaxBounds,1,instructions:u,5328035759
B,510a4bb,f7_n5000_bound_physics,RelaxBounds,1,cycles:u,3083609859
B,510a4bb,f7_n5000_bound_physics,RelaxBounds,1,de_dis_uop_queue_empty_di0:u,536142607
B,510a4bb,f7_n5000_bound_physics,RelaxBounds,1,op_cache_hit_miss.op_cache_miss:u,26850676
B,510a4bb,f7_n5000_bound_physics,RelaxBounds,1,op_cache_hit_miss.op_cache_hit:u,1270812456
B,510a4bb,f7_n5000_bound_physics,RelaxBounds,1,ic_fetch_stall.ic_stall_any:u,1507844264
B,510a4bb,f7_n5000_bound_physics,RelaxBounds,1,elapsed_s,0.968770814
B,510a4bb,f7_n5000_bound_physics,RelaxBounds,2,instructions:u,5326197276
B,510a4bb,f7_n5000_bound_physics,RelaxBounds,2,cycles:u,3080336210
B,510a4bb,f7_n5000_bound_physics,RelaxBounds,2,de_dis_uop_queue_empty_di0:u,535691873
B,510a4bb,f7_n5000_bound_physics,RelaxBounds,2,op_cache_hit_miss.op_cache_miss:u,26546301
B,510a4bb,f7_n5000_bound_physics,RelaxBounds,2,op_cache_hit_miss.op_cache_hit:u,1269618670
B,510a4bb,f7_n5000_bound_physics,RelaxBounds,2,ic_fetch_stall.ic_stall_any:u,1506091402
B,510a4bb,f7_n5000_bound_physics,RelaxBounds,2,elapsed_s,0.968053898
B,510a4bb,f7_n5000_bound_physics,RelaxBounds,3,instructions:u,5384590982
B,510a4bb,f7_n5000_bound_physics,RelaxBounds,3,cycles:u,3058223700
B,510a4bb,f7_n5000_bound_physics,RelaxBounds,3,de_dis_uop_queue_empty_di0:u,523708896
B,510a4bb,f7_n5000_bound_physics,RelaxBounds,3,op_cache_hit_miss.op_cache_miss:u,26700466
B,510a4bb,f7_n5000_bound_physics,RelaxBounds,3,op_cache_hit_miss.op_cache_hit:u,1286667449
B,510a4bb,f7_n5000_bound_physics,RelaxBounds,3,ic_fetch_stall.ic_stall_any:u,1462607751
B,510a4bb,f7_n5000_bound_physics,RelaxBounds,3,elapsed_s,0.958910192
B,510a4bb,f7_n5000_bound_physics,RelaxBounds,4,instructions:u,5325040970
B,510a4bb,f7_n5000_bound_physics,RelaxBounds,4,cycles:u,3079017490
B,510a4bb,f7_n5000_bound_physics,RelaxBounds,4,de_dis_uop_queue_empty_di0:u,535390368
B,510a4bb,f7_n5000_bound_physics,RelaxBounds,4,op_cache_hit_miss.op_cache_miss:u,26893636
B,510a4bb,f7_n5000_bound_physics,RelaxBounds,4,op_cache_hit_miss.op_cache_hit:u,1269467876
B,510a4bb,f7_n5000_bound_physics,RelaxBounds,4,ic_fetch_stall.ic_stall_any:u,1505043304
B,510a4bb,f7_n5000_bound_physics,RelaxBounds,4,elapsed_s,0.967495231
B,510a4bb,f7_n5000_bound_physics,RelaxBounds,5,instructions:u,5319079015
B,510a4bb,f7_n5000_bound_physics,RelaxBounds,5,cycles:u,3076473832
B,510a4bb,f7_n5000_bound_physics,RelaxBounds,5,de_dis_uop_queue_empty_di0:u,534774320
B,510a4bb,f7_n5000_bound_physics,RelaxBounds,5,op_cache_hit_miss.op_cache_miss:u,26658656
B,510a4bb,f7_n5000_bound_physics,RelaxBounds,5,op_cache_hit_miss.op_cache_hit:u,1267625906
B,510a4bb,f7_n5000_bound_physics,RelaxBounds,5,ic_fetch_stall.ic_stall_any:u,1504699077
B,510a4bb,f7_n5000_bound_physics,RelaxBounds,5,elapsed_s,0.967193142
B,9cebbbe,f7_n10000_bound_neutral,MakeConstraint,1,instructions:u,6804762231
B,9cebbbe,f7_n10000_bound_neutral,MakeConstraint,1,cycles:u,2910677427
B,9cebbbe,f7_n10000_bound_neutral,MakeConstraint,1,de_dis_uop_queue_empty_di0:u,346570615
B,9cebbbe,f7_n10000_bound_neutral,MakeConstraint,1,op_cache_hit_miss.op_cache_miss:u,87760813
B,9cebbbe,f7_n10000_bound_neutral,MakeConstraint,1,op_cache_hit_miss.op_cache_hit:u,1157141009
B,9cebbbe,f7_n10000_bound_neutral,MakeConstraint,1,ic_fetch_stall.ic_stall_any:u,1423890753
B,9cebbbe,f7_n10000_bound_neutral,MakeConstraint,1,elapsed_s,0.966729214
B,9cebbbe,f7_n10000_bound_neutral,MakeConstraint,2,instructions:u,6785568198
B,9cebbbe,f7_n10000_bound_neutral,MakeConstraint,2,cycles:u,2895328234
B,9cebbbe,f7_n10000_bound_neutral,MakeConstraint,2,de_dis_uop_queue_empty_di0:u,342274726
B,9cebbbe,f7_n10000_bound_neutral,MakeConstraint,2,op_cache_hit_miss.op_cache_miss:u,87827665
B,9cebbbe,f7_n10000_bound_neutral,MakeConstraint,2,op_cache_hit_miss.op_cache_hit:u,1149177023
B,9cebbbe,f7_n10000_bound_neutral,MakeConstraint,2,ic_fetch_stall.ic_stall_any:u,1417660168
B,9cebbbe,f7_n10000_bound_neutral,MakeConstraint,2,elapsed_s,0.966066558
B,9cebbbe,f7_n10000_bound_neutral,MakeConstraint,3,instructions:u,6789347988
B,9cebbbe,f7_n10000_bound_neutral,MakeConstraint,3,cycles:u,2904794970
B,9cebbbe,f7_n10000_bound_neutral,MakeConstraint,3,de_dis_uop_queue_empty_di0:u,343691348
B,9cebbbe,f7_n10000_bound_neutral,MakeConstraint,3,op_cache_hit_miss.op_cache_miss:u,87833458
B,9cebbbe,f7_n10000_bound_neutral,MakeConstraint,3,op_cache_hit_miss.op_cache_hit:u,1151527851
B,9cebbbe,f7_n10000_bound_neutral,MakeConstraint,3,ic_fetch_stall.ic_stall_any:u,1424440938
B,9cebbbe,f7_n10000_bound_neutral,MakeConstraint,3,elapsed_s,0.967155802
B,9cebbbe,f7_n10000_bound_neutral,MakeConstraint,4,instructions:u,6787459753
B,9cebbbe,f7_n10000_bound_neutral,MakeConstraint,4,cycles:u,2903094881
B,9cebbbe,f7_n10000_bound_neutral,MakeConstraint,4,de_dis_uop_queue_empty_di0:u,344201353
B,9cebbbe,f7_n10000_bound_neutral,MakeConstraint,4,op_cache_hit_miss.op_cache_miss:u,87505940
B,9cebbbe,f7_n10000_bound_neutral,MakeConstraint,4,op_cache_hit_miss.op_cache_hit:u,1149862836
B,9cebbbe,f7_n10000_bound_neutral,MakeConstraint,4,ic_fetch_stall.ic_stall_any:u,1423922992
B,9cebbbe,f7_n10000_bound_neutral,MakeConstraint,4,elapsed_s,0.96755563
B,9cebbbe,f7_n10000_bound_neutral,MakeConstraint,5,instructions:u,6791133037
B,9cebbbe,f7_n10000_bound_neutral,MakeConstraint,5,cycles:u,2907145639
B,9cebbbe,f7_n10000_bound_neutral,MakeConstraint,5,de_dis_uop_queue_empty_di0:u,344379204
B,9cebbbe,f7_n10000_bound_neutral,MakeConstraint,5,op_cache_hit_miss.op_cache_miss:u,87627272
B,9cebbbe,f7_n10000_bound_neutral,MakeConstraint,5,op_cache_hit_miss.op_cache_hit:u,1152757459
B,9cebbbe,f7_n10000_bound_neutral,MakeConstraint,5,ic_fetch_stall.ic_stall_any:u,1425535190
B,9cebbbe,f7_n10000_bound_neutral,MakeConstraint,5,elapsed_s,0.96761108
B,9cebbbe,f7_n10000_bound_neutral,MakeParameter,1,instructions:u,8280730292
B,9cebbbe,f7_n10000_bound_neutral,MakeParameter,1,cycles:u,4140838350
B,9cebbbe,f7_n10000_bound_neutral,MakeParameter,1,de_dis_uop_queue_empty_di0:u,669805326
B,9cebbbe,f7_n10000_bound_neutral,MakeParameter,1,op_cache_hit_miss.op_cache_miss:u,87861998
B,9cebbbe,f7_n10000_bound_neutral,MakeParameter,1,op_cache_hit_miss.op_cache_hit:u,1632158495
B,9cebbbe,f7_n10000_bound_neutral,MakeParameter,1,ic_fetch_stall.ic_stall_any:u,2083870503
B,9cebbbe,f7_n10000_bound_neutral,MakeParameter,1,elapsed_s,1.333070816
B,9cebbbe,f7_n10000_bound_neutral,MakeParameter,2,instructions:u,8269546553
B,9cebbbe,f7_n10000_bound_neutral,MakeParameter,2,cycles:u,4136355236
B,9cebbbe,f7_n10000_bound_neutral,MakeParameter,2,de_dis_uop_queue_empty_di0:u,667061249
B,9cebbbe,f7_n10000_bound_neutral,MakeParameter,2,op_cache_hit_miss.op_cache_miss:u,87427353
B,9cebbbe,f7_n10000_bound_neutral,MakeParameter,2,op_cache_hit_miss.op_cache_hit:u,1629017973
B,9cebbbe,f7_n10000_bound_neutral,MakeParameter,2,ic_fetch_stall.ic_stall_any:u,2083592820
B,9cebbbe,f7_n10000_bound_neutral,MakeParameter,2,elapsed_s,1.334780538
B,9cebbbe,f7_n10000_bound_neutral,MakeParameter,3,instructions:u,8270705812
B,9cebbbe,f7_n10000_bound_neutral,MakeParameter,3,cycles:u,4140947383
B,9cebbbe,f7_n10000_bound_neutral,MakeParameter,3,de_dis_uop_queue_empty_di0:u,667847254
B,9cebbbe,f7_n10000_bound_neutral,MakeParameter,3,op_cache_hit_miss.op_cache_miss:u,87606742
B,9cebbbe,f7_n10000_bound_neutral,MakeParameter,3,op_cache_hit_miss.op_cache_hit:u,1629245380
B,9cebbbe,f7_n10000_bound_neutral,MakeParameter,3,ic_fetch_stall.ic_stall_any:u,2087650073
B,9cebbbe,f7_n10000_bound_neutral,MakeParameter,3,elapsed_s,1.335664834
B,9cebbbe,f7_n10000_bound_neutral,MakeParameter,4,instructions:u,8262470367
B,9cebbbe,f7_n10000_bound_neutral,MakeParameter,4,cycles:u,4130492514
B,9cebbbe,f7_n10000_bound_neutral,MakeParameter,4,de_dis_uop_queue_empty_di0:u,666640894
B,9cebbbe,f7_n10000_bound_neutral,MakeParameter,4,op_cache_hit_miss.op_cache_miss:u,87691908
B,9cebbbe,f7_n10000_bound_neutral,MakeParameter,4,op_cache_hit_miss.op_cache_hit:u,1627710991
B,9cebbbe,f7_n10000_bound_neutral,MakeParameter,4,ic_fetch_stall.ic_stall_any:u,2077895805
B,9cebbbe,f7_n10000_bound_neutral,MakeParameter,4,elapsed_s,1.333285495
B,9cebbbe,f7_n10000_bound_neutral,MakeParameter,5,instructions:u,8273725217
B,9cebbbe,f7_n10000_bound_neutral,MakeParameter,5,cycles:u,4134805795
B,9cebbbe,f7_n10000_bound_neutral,MakeParameter,5,de_dis_uop_queue_empty_di0:u,667551716
B,9cebbbe,f7_n10000_bound_neutral,MakeParameter,5,op_cache_hit_miss.op_cache_miss:u,87658928
B,9cebbbe,f7_n10000_bound_neutral,MakeParameter,5,op_cache_hit_miss.op_cache_hit:u,1630251382
B,9cebbbe,f7_n10000_bound_neutral,MakeParameter,5,ic_fetch_stall.ic_stall_any:u,2080606486
B,9cebbbe,f7_n10000_bound_neutral,MakeParameter,5,elapsed_s,1.33421388
B,9cebbbe,f7_n10000_bound_neutral,RelaxBounds,1,instructions:u,6809373442
B,9cebbbe,f7_n10000_bound_neutral,RelaxBounds,1,cycles:u,2926386895
B,9cebbbe,f7_n10000_bound_neutral,RelaxBounds,1,de_dis_uop_queue_empty_di0:u,348698106
B,9cebbbe,f7_n10000_bound_neutral,RelaxBounds,1,op_cache_hit_miss.op_cache_miss:u,88136875
B,9cebbbe,f7_n10000_bound_neutral,RelaxBounds,1,op_cache_hit_miss.op_cache_hit:u,1157303588
B,9cebbbe,f7_n10000_bound_neutral,RelaxBounds,1,ic_fetch_stall.ic_stall_any:u,1439061793
B,9cebbbe,f7_n10000_bound_neutral,RelaxBounds,1,elapsed_s,0.972319797
B,9cebbbe,f7_n10000_bound_neutral,RelaxBounds,2,instructions:u,6770329890
B,9cebbbe,f7_n10000_bound_neutral,RelaxBounds,2,cycles:u,2888277091
B,9cebbbe,f7_n10000_bound_neutral,RelaxBounds,2,de_dis_uop_queue_empty_di0:u,339258857
B,9cebbbe,f7_n10000_bound_neutral,RelaxBounds,2,op_cache_hit_miss.op_cache_miss:u,87593741
B,9cebbbe,f7_n10000_bound_neutral,RelaxBounds,2,op_cache_hit_miss.op_cache_hit:u,1146213676
B,9cebbbe,f7_n10000_bound_neutral,RelaxBounds,2,ic_fetch_stall.ic_stall_any:u,1414338574
B,9cebbbe,f7_n10000_bound_neutral,RelaxBounds,2,elapsed_s,0.960963282
B,9cebbbe,f7_n10000_bound_neutral,RelaxBounds,3,instructions:u,6745251270
B,9cebbbe,f7_n10000_bound_neutral,RelaxBounds,3,cycles:u,2866324024
B,9cebbbe,f7_n10000_bound_neutral,RelaxBounds,3,de_dis_uop_queue_empty_di0:u,332891817
B,9cebbbe,f7_n10000_bound_neutral,RelaxBounds,3,op_cache_hit_miss.op_cache_miss:u,87658279
B,9cebbbe,f7_n10000_bound_neutral,RelaxBounds,3,op_cache_hit_miss.op_cache_hit:u,1136620077
B,9cebbbe,f7_n10000_bound_neutral,RelaxBounds,3,ic_fetch_stall.ic_stall_any:u,1404281183
B,9cebbbe,f7_n10000_bound_neutral,RelaxBounds,3,elapsed_s,0.952842471
B,9cebbbe,f7_n10000_bound_neutral,RelaxBounds,4,instructions:u,6788013866
B,9cebbbe,f7_n10000_bound_neutral,RelaxBounds,4,cycles:u,2907564253
B,9cebbbe,f7_n10000_bound_neutral,RelaxBounds,4,de_dis_uop_queue_empty_di0:u,344397436
B,9cebbbe,f7_n10000_bound_neutral,RelaxBounds,4,op_cache_hit_miss.op_cache_miss:u,87574559
B,9cebbbe,f7_n10000_bound_neutral,RelaxBounds,4,op_cache_hit_miss.op_cache_hit:u,1150510836
B,9cebbbe,f7_n10000_bound_neutral,RelaxBounds,4,ic_fetch_stall.ic_stall_any:u,1427845071
B,9cebbbe,f7_n10000_bound_neutral,RelaxBounds,4,elapsed_s,0.969104172
B,9cebbbe,f7_n10000_bound_neutral,RelaxBounds,5,instructions:u,6786715560
B,9cebbbe,f7_n10000_bound_neutral,RelaxBounds,5,cycles:u,2903581169
B,9cebbbe,f7_n10000_bound_neutral,RelaxBounds,5,de_dis_uop_queue_empty_di0:u,342993994
B,9cebbbe,f7_n10000_bound_neutral,RelaxBounds,5,op_cache_hit_miss.op_cache_miss:u,87443846
B,9cebbbe,f7_n10000_bound_neutral,RelaxBounds,5,op_cache_hit_miss.op_cache_hit:u,1150532236
B,9cebbbe,f7_n10000_bound_neutral,RelaxBounds,5,ic_fetch_stall.ic_stall_any:u,1424802220
B,9cebbbe,f7_n10000_bound_neutral,RelaxBounds,5,elapsed_s,0.967875959
B,9cebbbe,f7_n1000_bound_physics,MakeConstraint,1,instructions:u,4049586836
B,9cebbbe,f7_n1000_bound_physics,MakeConstraint,1,cycles:u,3198925298
B,9cebbbe,f7_n1000_bound_physics,MakeConstraint,1,de_dis_uop_queue_empty_di0:u,814706805
B,9cebbbe,f7_n1000_bound_physics,MakeConstraint,1,op_cache_hit_miss.op_cache_miss:u,5324604
B,9cebbbe,f7_n1000_bound_physics,MakeConstraint,1,op_cache_hit_miss.op_cache_hit:u,1241900504
B,9cebbbe,f7_n1000_bound_physics,MakeConstraint,1,ic_fetch_stall.ic_stall_any:u,1702470278
B,9cebbbe,f7_n1000_bound_physics,MakeConstraint,1,elapsed_s,0.968534365
B,9cebbbe,f7_n1000_bound_physics,MakeConstraint,2,instructions:u,4157187666
B,9cebbbe,f7_n1000_bound_physics,MakeConstraint,2,cycles:u,3211273707
B,9cebbbe,f7_n1000_bound_physics,MakeConstraint,2,de_dis_uop_queue_empty_di0:u,761745276
B,9cebbbe,f7_n1000_bound_physics,MakeConstraint,2,op_cache_hit_miss.op_cache_miss:u,5317940
B,9cebbbe,f7_n1000_bound_physics,MakeConstraint,2,op_cache_hit_miss.op_cache_hit:u,1276688005
B,9cebbbe,f7_n1000_bound_physics,MakeConstraint,2,ic_fetch_stall.ic_stall_any:u,1673025318
B,9cebbbe,f7_n1000_bound_physics,MakeConstraint,2,elapsed_s,0.968849974
B,9cebbbe,f7_n1000_bound_physics,MakeConstraint,3,instructions:u,4065919091
B,9cebbbe,f7_n1000_bound_physics,MakeConstraint,3,cycles:u,3210780148
B,9cebbbe,f7_n1000_bound_physics,MakeConstraint,3,de_dis_uop_queue_empty_di0:u,817632261
B,9cebbbe,f7_n1000_bound_physics,MakeConstraint,3,op_cache_hit_miss.op_cache_miss:u,5274624
B,9cebbbe,f7_n1000_bound_physics,MakeConstraint,3,op_cache_hit_miss.op_cache_hit:u,1247319097
B,9cebbbe,f7_n1000_bound_physics,MakeConstraint,3,ic_fetch_stall.ic_stall_any:u,1707821195
B,9cebbbe,f7_n1000_bound_physics,MakeConstraint,3,elapsed_s,0.968430416
B,9cebbbe,f7_n1000_bound_physics,MakeConstraint,4,instructions:u,4064264698
B,9cebbbe,f7_n1000_bound_physics,MakeConstraint,4,cycles:u,3209876735
B,9cebbbe,f7_n1000_bound_physics,MakeConstraint,4,de_dis_uop_queue_empty_di0:u,817825211
B,9cebbbe,f7_n1000_bound_physics,MakeConstraint,4,op_cache_hit_miss.op_cache_miss:u,5298298
B,9cebbbe,f7_n1000_bound_physics,MakeConstraint,4,op_cache_hit_miss.op_cache_hit:u,1246642512
B,9cebbbe,f7_n1000_bound_physics,MakeConstraint,4,ic_fetch_stall.ic_stall_any:u,1707741774
B,9cebbbe,f7_n1000_bound_physics,MakeConstraint,4,elapsed_s,0.968348656
B,9cebbbe,f7_n1000_bound_physics,MakeConstraint,5,instructions:u,4065135412
B,9cebbbe,f7_n1000_bound_physics,MakeConstraint,5,cycles:u,3210389218
B,9cebbbe,f7_n1000_bound_physics,MakeConstraint,5,de_dis_uop_queue_empty_di0:u,817721162
B,9cebbbe,f7_n1000_bound_physics,MakeConstraint,5,op_cache_hit_miss.op_cache_miss:u,5308513
B,9cebbbe,f7_n1000_bound_physics,MakeConstraint,5,op_cache_hit_miss.op_cache_hit:u,1247002912
B,9cebbbe,f7_n1000_bound_physics,MakeConstraint,5,ic_fetch_stall.ic_stall_any:u,1707784055
B,9cebbbe,f7_n1000_bound_physics,MakeConstraint,5,elapsed_s,0.968218617
B,9cebbbe,f7_n1000_bound_physics,MakeParameter,1,instructions:u,3596558568
B,9cebbbe,f7_n1000_bound_physics,MakeParameter,1,cycles:u,2821205725
B,9cebbbe,f7_n1000_bound_physics,MakeParameter,1,de_dis_uop_queue_empty_di0:u,714801200
B,9cebbbe,f7_n1000_bound_physics,MakeParameter,1,op_cache_hit_miss.op_cache_miss:u,5352540
B,9cebbbe,f7_n1000_bound_physics,MakeParameter,1,op_cache_hit_miss.op_cache_hit:u,1095726962
B,9cebbbe,f7_n1000_bound_physics,MakeParameter,1,ic_fetch_stall.ic_stall_any:u,1500133424
B,9cebbbe,f7_n1000_bound_physics,MakeParameter,1,elapsed_s,0.852666615
B,9cebbbe,f7_n1000_bound_physics,MakeParameter,2,instructions:u,3279403427
B,9cebbbe,f7_n1000_bound_physics,MakeParameter,2,cycles:u,2557121274
B,9cebbbe,f7_n1000_bound_physics,MakeParameter,2,de_dis_uop_queue_empty_di0:u,645629730
B,9cebbbe,f7_n1000_bound_physics,MakeParameter,2,op_cache_hit_miss.op_cache_miss:u,5308062
B,9cebbbe,f7_n1000_bound_physics,MakeParameter,2,op_cache_hit_miss.op_cache_hit:u,993513608
B,9cebbbe,f7_n1000_bound_physics,MakeParameter,2,ic_fetch_stall.ic_stall_any:u,1358690014
B,9cebbbe,f7_n1000_bound_physics,MakeParameter,2,elapsed_s,0.774540571
B,9cebbbe,f7_n1000_bound_physics,MakeParameter,3,instructions:u,3596466518
B,9cebbbe,f7_n1000_bound_physics,MakeParameter,3,cycles:u,2821188196
B,9cebbbe,f7_n1000_bound_physics,MakeParameter,3,de_dis_uop_queue_empty_di0:u,715392972
B,9cebbbe,f7_n1000_bound_physics,MakeParameter,3,op_cache_hit_miss.op_cache_miss:u,5303434
B,9cebbbe,f7_n1000_bound_physics,MakeParameter,3,op_cache_hit_miss.op_cache_hit:u,1095766428
B,9cebbbe,f7_n1000_bound_physics,MakeParameter,3,ic_fetch_stall.ic_stall_any:u,1499969382
B,9cebbbe,f7_n1000_bound_physics,MakeParameter,3,elapsed_s,0.853053402
B,9cebbbe,f7_n1000_bound_physics,MakeParameter,4,instructions:u,3607005957
B,9cebbbe,f7_n1000_bound_physics,MakeParameter,4,cycles:u,2831877588
B,9cebbbe,f7_n1000_bound_physics,MakeParameter,4,de_dis_uop_queue_empty_di0:u,717360354
B,9cebbbe,f7_n1000_bound_physics,MakeParameter,4,op_cache_hit_miss.op_cache_miss:u,5273929
B,9cebbbe,f7_n1000_bound_physics,MakeParameter,4,op_cache_hit_miss.op_cache_hit:u,1099253787
B,9cebbbe,f7_n1000_bound_physics,MakeParameter,4,ic_fetch_stall.ic_stall_any:u,1506639134
B,9cebbbe,f7_n1000_bound_physics,MakeParameter,4,elapsed_s,0.856042019
B,9cebbbe,f7_n1000_bound_physics,MakeParameter,5,instructions:u,3299505983
B,9cebbbe,f7_n1000_bound_physics,MakeParameter,5,cycles:u,2574693832
B,9cebbbe,f7_n1000_bound_physics,MakeParameter,5,de_dis_uop_queue_empty_di0:u,650547926
B,9cebbbe,f7_n1000_bound_physics,MakeParameter,5,op_cache_hit_miss.op_cache_miss:u,5304225
B,9cebbbe,f7_n1000_bound_physics,MakeParameter,5,op_cache_hit_miss.op_cache_hit:u,1000011050
B,9cebbbe,f7_n1000_bound_physics,MakeParameter,5,ic_fetch_stall.ic_stall_any:u,1368452337
B,9cebbbe,f7_n1000_bound_physics,MakeParameter,5,elapsed_s,0.779805526
B,9cebbbe,f7_n1000_bound_physics,RelaxBounds,1,instructions:u,4069016543
B,9cebbbe,f7_n1000_bound_physics,RelaxBounds,1,cycles:u,3214052308
B,9cebbbe,f7_n1000_bound_physics,RelaxBounds,1,de_dis_uop_queue_empty_di0:u,818202339
B,9cebbbe,f7_n1000_bound_physics,RelaxBounds,1,op_cache_hit_miss.op_cache_miss:u,5341246
B,9cebbbe,f7_n1000_bound_physics,RelaxBounds,1,op_cache_hit_miss.op_cache_hit:u,1248203567
B,9cebbbe,f7_n1000_bound_physics,RelaxBounds,1,ic_fetch_stall.ic_stall_any:u,1710113300
B,9cebbbe,f7_n1000_bound_physics,RelaxBounds,1,elapsed_s,0.968853414
B,9cebbbe,f7_n1000_bound_physics,RelaxBounds,2,instructions:u,4066152338
B,9cebbbe,f7_n1000_bound_physics,RelaxBounds,2,cycles:u,3213312052
B,9cebbbe,f7_n1000_bound_physics,RelaxBounds,2,de_dis_uop_queue_empty_di0:u,815655562
B,9cebbbe,f7_n1000_bound_physics,RelaxBounds,2,op_cache_hit_miss.op_cache_miss:u,5322612
B,9cebbbe,f7_n1000_bound_physics,RelaxBounds,2,op_cache_hit_miss.op_cache_hit:u,1247302302
B,9cebbbe,f7_n1000_bound_physics,RelaxBounds,2,ic_fetch_stall.ic_stall_any:u,1710310758
B,9cebbbe,f7_n1000_bound_physics,RelaxBounds,2,elapsed_s,0.969278732
B,9cebbbe,f7_n1000_bound_physics,RelaxBounds,3,instructions:u,4067659115
B,9cebbbe,f7_n1000_bound_physics,RelaxBounds,3,cycles:u,3211960427
B,9cebbbe,f7_n1000_bound_physics,RelaxBounds,3,de_dis_uop_queue_empty_di0:u,817744366
B,9cebbbe,f7_n1000_bound_physics,RelaxBounds,3,op_cache_hit_miss.op_cache_miss:u,5269785
B,9cebbbe,f7_n1000_bound_physics,RelaxBounds,3,op_cache_hit_miss.op_cache_hit:u,1247774319
B,9cebbbe,f7_n1000_bound_physics,RelaxBounds,3,ic_fetch_stall.ic_stall_any:u,1708503023
B,9cebbbe,f7_n1000_bound_physics,RelaxBounds,3,elapsed_s,0.968787774
B,9cebbbe,f7_n1000_bound_physics,RelaxBounds,4,instructions:u,4067615246
B,9cebbbe,f7_n1000_bound_physics,RelaxBounds,4,cycles:u,3212886873
B,9cebbbe,f7_n1000_bound_physics,RelaxBounds,4,de_dis_uop_queue_empty_di0:u,818742141
B,9cebbbe,f7_n1000_bound_physics,RelaxBounds,4,op_cache_hit_miss.op_cache_miss:u,5302341
B,9cebbbe,f7_n1000_bound_physics,RelaxBounds,4,op_cache_hit_miss.op_cache_hit:u,1247746933
B,9cebbbe,f7_n1000_bound_physics,RelaxBounds,4,ic_fetch_stall.ic_stall_any:u,1709370543
B,9cebbbe,f7_n1000_bound_physics,RelaxBounds,4,elapsed_s,0.969123023
B,9cebbbe,f7_n1000_bound_physics,RelaxBounds,5,instructions:u,4070033747
B,9cebbbe,f7_n1000_bound_physics,RelaxBounds,5,cycles:u,3214430447
B,9cebbbe,f7_n1000_bound_physics,RelaxBounds,5,de_dis_uop_queue_empty_di0:u,818835282
B,9cebbbe,f7_n1000_bound_physics,RelaxBounds,5,op_cache_hit_miss.op_cache_miss:u,5296494
B,9cebbbe,f7_n1000_bound_physics,RelaxBounds,5,op_cache_hit_miss.op_cache_hit:u,1248546917
B,9cebbbe,f7_n1000_bound_physics,RelaxBounds,5,ic_fetch_stall.ic_stall_any:u,1709982907
B,9cebbbe,f7_n1000_bound_physics,RelaxBounds,5,elapsed_s,0.96965723
B,9cebbbe,f7_n20000_bound_neutral,MakeConstraint,1,instructions:u,13621771668
B,9cebbbe,f7_n20000_bound_neutral,MakeConstraint,1,cycles:u,5936664856
B,9cebbbe,f7_n20000_bound_neutral,MakeConstraint,1,de_dis_uop_queue_empty_di0:u,708741448
B,9cebbbe,f7_n20000_bound_neutral,MakeConstraint,1,op_cache_hit_miss.op_cache_miss:u,175463094
B,9cebbbe,f7_n20000_bound_neutral,MakeConstraint,1,op_cache_hit_miss.op_cache_hit:u,2293993935
B,9cebbbe,f7_n20000_bound_neutral,MakeConstraint,1,ic_fetch_stall.ic_stall_any:u,2989385696
B,9cebbbe,f7_n20000_bound_neutral,MakeConstraint,1,elapsed_s,1.965600753
B,9cebbbe,f7_n20000_bound_neutral,MakeConstraint,2,instructions:u,13657845732
B,9cebbbe,f7_n20000_bound_neutral,MakeConstraint,2,cycles:u,5928324117
B,9cebbbe,f7_n20000_bound_neutral,MakeConstraint,2,de_dis_uop_queue_empty_di0:u,679124875
B,9cebbbe,f7_n20000_bound_neutral,MakeConstraint,2,op_cache_hit_miss.op_cache_miss:u,174768274
B,9cebbbe,f7_n20000_bound_neutral,MakeConstraint,2,op_cache_hit_miss.op_cache_hit:u,2306080731
B,9cebbbe,f7_n20000_bound_neutral,MakeConstraint,2,ic_fetch_stall.ic_stall_any:u,2966330109
B,9cebbbe,f7_n20000_bound_neutral,MakeConstraint,2,elapsed_s,1.969862693
B,9cebbbe,f7_n20000_bound_neutral,MakeConstraint,3,instructions:u,13658978059
B,9cebbbe,f7_n20000_bound_neutral,MakeConstraint,3,cycles:u,5940274560
B,9cebbbe,f7_n20000_bound_neutral,MakeConstraint,3,de_dis_uop_queue_empty_di0:u,679117319
B,9cebbbe,f7_n20000_bound_neutral,MakeConstraint,3,op_cache_hit_miss.op_cache_miss:u,174739797
B,9cebbbe,f7_n20000_bound_neutral,MakeConstraint,3,op_cache_hit_miss.op_cache_hit:u,2306133034
B,9cebbbe,f7_n20000_bound_neutral,MakeConstraint,3,ic_fetch_stall.ic_stall_any:u,2979523143
B,9cebbbe,f7_n20000_bound_neutral,MakeConstraint,3,elapsed_s,1.971866003
B,9cebbbe,f7_n20000_bound_neutral,MakeConstraint,4,instructions:u,13647126333
B,9cebbbe,f7_n20000_bound_neutral,MakeConstraint,4,cycles:u,5921203278
B,9cebbbe,f7_n20000_bound_neutral,MakeConstraint,4,de_dis_uop_queue_empty_di0:u,680519447
B,9cebbbe,f7_n20000_bound_neutral,MakeConstraint,4,op_cache_hit_miss.op_cache_miss:u,174852249
B,9cebbbe,f7_n20000_bound_neutral,MakeConstraint,4,op_cache_hit_miss.op_cache_hit:u,2303182524
B,9cebbbe,f7_n20000_bound_neutral,MakeConstraint,4,ic_fetch_stall.ic_stall_any:u,2961267167
B,9cebbbe,f7_n20000_bound_neutral,MakeConstraint,4,elapsed_s,1.968356159
B,9cebbbe,f7_n20000_bound_neutral,MakeConstraint,5,instructions:u,13655104737
B,9cebbbe,f7_n20000_bound_neutral,MakeConstraint,5,cycles:u,5930125549
B,9cebbbe,f7_n20000_bound_neutral,MakeConstraint,5,de_dis_uop_queue_empty_di0:u,679266392
B,9cebbbe,f7_n20000_bound_neutral,MakeConstraint,5,op_cache_hit_miss.op_cache_miss:u,175659080
B,9cebbbe,f7_n20000_bound_neutral,MakeConstraint,5,op_cache_hit_miss.op_cache_hit:u,2307588791
B,9cebbbe,f7_n20000_bound_neutral,MakeConstraint,5,ic_fetch_stall.ic_stall_any:u,2967378758
B,9cebbbe,f7_n20000_bound_neutral,MakeConstraint,5,elapsed_s,1.969752112
B,9cebbbe,f7_n20000_bound_neutral,MakeParameter,1,instructions:u,12031980531
B,9cebbbe,f7_n20000_bound_neutral,MakeParameter,1,cycles:u,4589224153
B,9cebbbe,f7_n20000_bound_neutral,MakeParameter,1,de_dis_uop_queue_empty_di0:u,324086200
B,9cebbbe,f7_n20000_bound_neutral,MakeParameter,1,op_cache_hit_miss.op_cache_miss:u,175889901
B,9cebbbe,f7_n20000_bound_neutral,MakeParameter,1,op_cache_hit_miss.op_cache_hit:u,1784477381
B,9cebbbe,f7_n20000_bound_neutral,MakeParameter,1,ic_fetch_stall.ic_stall_any:u,2253295977
B,9cebbbe,f7_n20000_bound_neutral,MakeParameter,1,elapsed_s,1.564854447
B,9cebbbe,f7_n20000_bound_neutral,MakeParameter,2,instructions:u,12030319661
B,9cebbbe,f7_n20000_bound_neutral,MakeParameter,2,cycles:u,4569420358
B,9cebbbe,f7_n20000_bound_neutral,MakeParameter,2,de_dis_uop_queue_empty_di0:u,324784336
B,9cebbbe,f7_n20000_bound_neutral,MakeParameter,2,op_cache_hit_miss.op_cache_miss:u,175382262
B,9cebbbe,f7_n20000_bound_neutral,MakeParameter,2,op_cache_hit_miss.op_cache_hit:u,1783130767
B,9cebbbe,f7_n20000_bound_neutral,MakeParameter,2,ic_fetch_stall.ic_stall_any:u,2234720503
B,9cebbbe,f7_n20000_bound_neutral,MakeParameter,2,elapsed_s,1.562942046
B,9cebbbe,f7_n20000_bound_neutral,MakeParameter,3,instructions:u,12035127808
B,9cebbbe,f7_n20000_bound_neutral,MakeParameter,3,cycles:u,4574134090
B,9cebbbe,f7_n20000_bound_neutral,MakeParameter,3,de_dis_uop_queue_empty_di0:u,322702123
B,9cebbbe,f7_n20000_bound_neutral,MakeParameter,3,op_cache_hit_miss.op_cache_miss:u,174709420
B,9cebbbe,f7_n20000_bound_neutral,MakeParameter,3,op_cache_hit_miss.op_cache_hit:u,1782494848
B,9cebbbe,f7_n20000_bound_neutral,MakeParameter,3,ic_fetch_stall.ic_stall_any:u,2242238992
B,9cebbbe,f7_n20000_bound_neutral,MakeParameter,3,elapsed_s,1.565358354
B,9cebbbe,f7_n20000_bound_neutral,MakeParameter,4,instructions:u,12022159882
B,9cebbbe,f7_n20000_bound_neutral,MakeParameter,4,cycles:u,4570491139
B,9cebbbe,f7_n20000_bound_neutral,MakeParameter,4,de_dis_uop_queue_empty_di0:u,324681047
B,9cebbbe,f7_n20000_bound_neutral,MakeParameter,4,op_cache_hit_miss.op_cache_miss:u,174962058
B,9cebbbe,f7_n20000_bound_neutral,MakeParameter,4,op_cache_hit_miss.op_cache_hit:u,1778603964
B,9cebbbe,f7_n20000_bound_neutral,MakeParameter,4,ic_fetch_stall.ic_stall_any:u,2242069253
B,9cebbbe,f7_n20000_bound_neutral,MakeParameter,4,elapsed_s,1.565716513
B,9cebbbe,f7_n20000_bound_neutral,MakeParameter,5,instructions:u,12026411721
B,9cebbbe,f7_n20000_bound_neutral,MakeParameter,5,cycles:u,4571388354
B,9cebbbe,f7_n20000_bound_neutral,MakeParameter,5,de_dis_uop_queue_empty_di0:u,323007020
B,9cebbbe,f7_n20000_bound_neutral,MakeParameter,5,op_cache_hit_miss.op_cache_miss:u,175056075
B,9cebbbe,f7_n20000_bound_neutral,MakeParameter,5,op_cache_hit_miss.op_cache_hit:u,1781256650
B,9cebbbe,f7_n20000_bound_neutral,MakeParameter,5,ic_fetch_stall.ic_stall_any:u,2240655494
B,9cebbbe,f7_n20000_bound_neutral,MakeParameter,5,elapsed_s,1.564711908
B,9cebbbe,f7_n20000_bound_neutral,RelaxBounds,1,instructions:u,13679680068
B,9cebbbe,f7_n20000_bound_neutral,RelaxBounds,1,cycles:u,5947509323
B,9cebbbe,f7_n20000_bound_neutral,RelaxBounds,1,de_dis_uop_queue_empty_di0:u,685917249
B,9cebbbe,f7_n20000_bound_neutral,RelaxBounds,1,op_cache_hit_miss.op_cache_miss:u,175381871
B,9cebbbe,f7_n20000_bound_neutral,RelaxBounds,1,op_cache_hit_miss.op_cache_hit:u,2315144095
B,9cebbbe,f7_n20000_bound_neutral,RelaxBounds,1,ic_fetch_stall.ic_stall_any:u,2974467062
B,9cebbbe,f7_n20000_bound_neutral,RelaxBounds,1,elapsed_s,1.967770742
B,9cebbbe,f7_n20000_bound_neutral,RelaxBounds,2,instructions:u,13653922523
B,9cebbbe,f7_n20000_bound_neutral,RelaxBounds,2,cycles:u,5925684775
B,9cebbbe,f7_n20000_bound_neutral,RelaxBounds,2,de_dis_uop_queue_empty_di0:u,678726537
B,9cebbbe,f7_n20000_bound_neutral,RelaxBounds,2,op_cache_hit_miss.op_cache_miss:u,174718327
B,9cebbbe,f7_n20000_bound_neutral,RelaxBounds,2,op_cache_hit_miss.op_cache_hit:u,2305271653
B,9cebbbe,f7_n20000_bound_neutral,RelaxBounds,2,ic_fetch_stall.ic_stall_any:u,2965519046
B,9cebbbe,f7_n20000_bound_neutral,RelaxBounds,2,elapsed_s,1.969267425
B,9cebbbe,f7_n20000_bound_neutral,RelaxBounds,3,instructions:u,13647719925
B,9cebbbe,f7_n20000_bound_neutral,RelaxBounds,3,cycles:u,5919133529
B,9cebbbe,f7_n20000_bound_neutral,RelaxBounds,3,de_dis_uop_queue_empty_di0:u,677718508
B,9cebbbe,f7_n20000_bound_neutral,RelaxBounds,3,op_cache_hit_miss.op_cache_miss:u,174835969
B,9cebbbe,f7_n20000_bound_neutral,RelaxBounds,3,op_cache_hit_miss.op_cache_hit:u,2302854888
B,9cebbbe,f7_n20000_bound_neutral,RelaxBounds,3,ic_fetch_stall.ic_stall_any:u,2962227600
B,9cebbbe,f7_n20000_bound_neutral,RelaxBounds,3,elapsed_s,1.966034571
B,9cebbbe,f7_n20000_bound_neutral,RelaxBounds,4,instructions:u,13648944607
B,9cebbbe,f7_n20000_bound_neutral,RelaxBounds,4,cycles:u,5939278409
B,9cebbbe,f7_n20000_bound_neutral,RelaxBounds,4,de_dis_uop_queue_empty_di0:u,679854805
B,9cebbbe,f7_n20000_bound_neutral,RelaxBounds,4,op_cache_hit_miss.op_cache_miss:u,175880266
B,9cebbbe,f7_n20000_bound_neutral,RelaxBounds,4,op_cache_hit_miss.op_cache_hit:u,2311254293
B,9cebbbe,f7_n20000_bound_neutral,RelaxBounds,4,ic_fetch_stall.ic_stall_any:u,2968707204
B,9cebbbe,f7_n20000_bound_neutral,RelaxBounds,4,elapsed_s,1.975998913
B,9cebbbe,f7_n20000_bound_neutral,RelaxBounds,5,instructions:u,13648011773
B,9cebbbe,f7_n20000_bound_neutral,RelaxBounds,5,cycles:u,5927961256
B,9cebbbe,f7_n20000_bound_neutral,RelaxBounds,5,de_dis_uop_queue_empty_di0:u,678307181
B,9cebbbe,f7_n20000_bound_neutral,RelaxBounds,5,op_cache_hit_miss.op_cache_miss:u,174970367
B,9cebbbe,f7_n20000_bound_neutral,RelaxBounds,5,op_cache_hit_miss.op_cache_hit:u,2304397921
B,9cebbbe,f7_n20000_bound_neutral,RelaxBounds,5,ic_fetch_stall.ic_stall_any:u,2968775833
B,9cebbbe,f7_n20000_bound_neutral,RelaxBounds,5,elapsed_s,1.968642249
B,9cebbbe,f7_n5000_bound_physics,MakeConstraint,1,instructions:u,4771417950
B,9cebbbe,f7_n5000_bound_physics,MakeConstraint,1,cycles:u,3074182013
B,9cebbbe,f7_n5000_bound_physics,MakeConstraint,1,de_dis_uop_queue_empty_di0:u,667866251
B,9cebbbe,f7_n5000_bound_physics,MakeConstraint,1,op_cache_hit_miss.op_cache_miss:u,25638513
B,9cebbbe,f7_n5000_bound_physics,MakeConstraint,1,op_cache_hit_miss.op_cache_hit:u,1203839541
B,9cebbbe,f7_n5000_bound_physics,MakeConstraint,1,ic_fetch_stall.ic_stall_any:u,1603642817
B,9cebbbe,f7_n5000_bound_physics,MakeConstraint,1,elapsed_s,0.964940573
B,9cebbbe,f7_n5000_bound_physics,MakeConstraint,2,instructions:u,4774921886
B,9cebbbe,f7_n5000_bound_physics,MakeConstraint,2,cycles:u,3078106261
B,9cebbbe,f7_n5000_bound_physics,MakeConstraint,2,de_dis_uop_queue_empty_di0:u,668671935
B,9cebbbe,f7_n5000_bound_physics,MakeConstraint,2,op_cache_hit_miss.op_cache_miss:u,25416136
B,9cebbbe,f7_n5000_bound_physics,MakeConstraint,2,op_cache_hit_miss.op_cache_hit:u,1205510165
B,9cebbbe,f7_n5000_bound_physics,MakeConstraint,2,ic_fetch_stall.ic_stall_any:u,1605894836
B,9cebbbe,f7_n5000_bound_physics,MakeConstraint,2,elapsed_s,0.967734049
B,9cebbbe,f7_n5000_bound_physics,MakeConstraint,3,instructions:u,4775858240
B,9cebbbe,f7_n5000_bound_physics,MakeConstraint,3,cycles:u,3078740415
B,9cebbbe,f7_n5000_bound_physics,MakeConstraint,3,de_dis_uop_queue_empty_di0:u,669138456
B,9cebbbe,f7_n5000_bound_physics,MakeConstraint,3,op_cache_hit_miss.op_cache_miss:u,25554363
B,9cebbbe,f7_n5000_bound_physics,MakeConstraint,3,op_cache_hit_miss.op_cache_hit:u,1205461777
B,9cebbbe,f7_n5000_bound_physics,MakeConstraint,3,ic_fetch_stall.ic_stall_any:u,1606704453
B,9cebbbe,f7_n5000_bound_physics,MakeConstraint,3,elapsed_s,0.967098222
B,9cebbbe,f7_n5000_bound_physics,MakeConstraint,4,instructions:u,4774422899
B,9cebbbe,f7_n5000_bound_physics,MakeConstraint,4,cycles:u,3080230398
B,9cebbbe,f7_n5000_bound_physics,MakeConstraint,4,de_dis_uop_queue_empty_di0:u,668348569
B,9cebbbe,f7_n5000_bound_physics,MakeConstraint,4,op_cache_hit_miss.op_cache_miss:u,25485490
B,9cebbbe,f7_n5000_bound_physics,MakeConstraint,4,op_cache_hit_miss.op_cache_hit:u,1205073067
B,9cebbbe,f7_n5000_bound_physics,MakeConstraint,4,ic_fetch_stall.ic_stall_any:u,1608509062
B,9cebbbe,f7_n5000_bound_physics,MakeConstraint,4,elapsed_s,0.968124988
B,9cebbbe,f7_n5000_bound_physics,MakeConstraint,5,instructions:u,3401182982
B,9cebbbe,f7_n5000_bound_physics,MakeConstraint,5,cycles:u,3081049700
B,9cebbbe,f7_n5000_bound_physics,MakeConstraint,5,de_dis_uop_queue_empty_di0:u,1427749131
B,9cebbbe,f7_n5000_bound_physics,MakeConstraint,5,op_cache_hit_miss.op_cache_miss:u,25446192
B,9cebbbe,f7_n5000_bound_physics,MakeConstraint,5,op_cache_hit_miss.op_cache_hit:u,762321162
B,9cebbbe,f7_n5000_bound_physics,MakeConstraint,5,ic_fetch_stall.ic_stall_any:u,2140805991
B,9cebbbe,f7_n5000_bound_physics,MakeConstraint,5,elapsed_s,0.968513995
B,9cebbbe,f7_n5000_bound_physics,MakeParameter,1,instructions:u,5373338926
B,9cebbbe,f7_n5000_bound_physics,MakeParameter,1,cycles:u,3577366002
B,9cebbbe,f7_n5000_bound_physics,MakeParameter,1,de_dis_uop_queue_empty_di0:u,800591197
B,9cebbbe,f7_n5000_bound_physics,MakeParameter,1,op_cache_hit_miss.op_cache_miss:u,25668095
B,9cebbbe,f7_n5000_bound_physics,MakeParameter,1,op_cache_hit_miss.op_cache_hit:u,1398099044
B,9cebbbe,f7_n5000_bound_physics,MakeParameter,1,ic_fetch_stall.ic_stall_any:u,1873562101
B,9cebbbe,f7_n5000_bound_physics,MakeParameter,1,elapsed_s,1.111568595
B,9cebbbe,f7_n5000_bound_physics,MakeParameter,2,instructions:u,5348127970
B,9cebbbe,f7_n5000_bound_physics,MakeParameter,2,cycles:u,3555238278
B,9cebbbe,f7_n5000_bound_physics,MakeParameter,2,de_dis_uop_queue_empty_di0:u,794681693
B,9cebbbe,f7_n5000_bound_physics,MakeParameter,2,op_cache_hit_miss.op_cache_miss:u,25536436
B,9cebbbe,f7_n5000_bound_physics,MakeParameter,2,op_cache_hit_miss.op_cache_hit:u,1390422374
B,9cebbbe,f7_n5000_bound_physics,MakeParameter,2,ic_fetch_stall.ic_stall_any:u,1860836831
B,9cebbbe,f7_n5000_bound_physics,MakeParameter,2,elapsed_s,1.107030957
B,9cebbbe,f7_n5000_bound_physics,MakeParameter,3,instructions:u,5347077676
B,9cebbbe,f7_n5000_bound_physics,MakeParameter,3,cycles:u,3554873126
B,9cebbbe,f7_n5000_bound_physics,MakeParameter,3,de_dis_uop_queue_empty_di0:u,793725973
B,9cebbbe,f7_n5000_bound_physics,MakeParameter,3,op_cache_hit_miss.op_cache_miss:u,25413506
B,9cebbbe,f7_n5000_bound_physics,MakeParameter,3,op_cache_hit_miss.op_cache_hit:u,1389974324
B,9cebbbe,f7_n5000_bound_physics,MakeParameter,3,ic_fetch_stall.ic_stall_any:u,1861406275
B,9cebbbe,f7_n5000_bound_physics,MakeParameter,3,elapsed_s,1.105969321
B,9cebbbe,f7_n5000_bound_physics,MakeParameter,4,instructions:u,5385217402
B,9cebbbe,f7_n5000_bound_physics,MakeParameter,4,cycles:u,3585723916
B,9cebbbe,f7_n5000_bound_physics,MakeParameter,4,de_dis_uop_queue_empty_di0:u,802525333
B,9cebbbe,f7_n5000_bound_physics,MakeParameter,4,op_cache_hit_miss.op_cache_miss:u,25528133
B,9cebbbe,f7_n5000_bound_physics,MakeParameter,4,op_cache_hit_miss.op_cache_hit:u,1401996885
B,9cebbbe,f7_n5000_bound_physics,MakeParameter,4,ic_fetch_stall.ic_stall_any:u,1877360888
B,9cebbbe,f7_n5000_bound_physics,MakeParameter,4,elapsed_s,1.118664061
B,9cebbbe,f7_n5000_bound_physics,MakeParameter,5,instructions:u,5385483615
B,9cebbbe,f7_n5000_bound_physics,MakeParameter,5,cycles:u,3583384790
B,9cebbbe,f7_n5000_bound_physics,MakeParameter,5,de_dis_uop_queue_empty_di0:u,801800631
B,9cebbbe,f7_n5000_bound_physics,MakeParameter,5,op_cache_hit_miss.op_cache_miss:u,25385916
B,9cebbbe,f7_n5000_bound_physics,MakeParameter,5,op_cache_hit_miss.op_cache_hit:u,1402394187
B,9cebbbe,f7_n5000_bound_physics,MakeParameter,5,ic_fetch_stall.ic_stall_any:u,1875019155
B,9cebbbe,f7_n5000_bound_physics,MakeParameter,5,elapsed_s,1.117442797
B,9cebbbe,f7_n5000_bound_physics,RelaxBounds,1,instructions:u,4785803285
B,9cebbbe,f7_n5000_bound_physics,RelaxBounds,1,cycles:u,3088918986
B,9cebbbe,f7_n5000_bound_physics,RelaxBounds,1,de_dis_uop_queue_empty_di0:u,670902810
B,9cebbbe,f7_n5000_bound_physics,RelaxBounds,1,op_cache_hit_miss.op_cache_miss:u,25613291
B,9cebbbe,f7_n5000_bound_physics,RelaxBounds,1,op_cache_hit_miss.op_cache_hit:u,1208699718
B,9cebbbe,f7_n5000_bound_physics,RelaxBounds,1,ic_fetch_stall.ic_stall_any:u,1612789483
B,9cebbbe,f7_n5000_bound_physics,RelaxBounds,1,elapsed_s,0.969237312
B,9cebbbe,f7_n5000_bound_physics,RelaxBounds,2,instructions:u,4777912851
B,9cebbbe,f7_n5000_bound_physics,RelaxBounds,2,cycles:u,3081185884
B,9cebbbe,f7_n5000_bound_physics,RelaxBounds,2,de_dis_uop_queue_empty_di0:u,669430750
B,9cebbbe,f7_n5000_bound_physics,RelaxBounds,2,op_cache_hit_miss.op_cache_miss:u,25370835
B,9cebbbe,f7_n5000_bound_physics,RelaxBounds,2,op_cache_hit_miss.op_cache_hit:u,1206061079
B,9cebbbe,f7_n5000_bound_physics,RelaxBounds,2,ic_fetch_stall.ic_stall_any:u,1608228750
B,9cebbbe,f7_n5000_bound_physics,RelaxBounds,2,elapsed_s,0.968602405
B,9cebbbe,f7_n5000_bound_physics,RelaxBounds,3,instructions:u,4781408983
B,9cebbbe,f7_n5000_bound_physics,RelaxBounds,3,cycles:u,3083374640
B,9cebbbe,f7_n5000_bound_physics,RelaxBounds,3,de_dis_uop_queue_empty_di0:u,670106582
B,9cebbbe,f7_n5000_bound_physics,RelaxBounds,3,op_cache_hit_miss.op_cache_miss:u,25440786
B,9cebbbe,f7_n5000_bound_physics,RelaxBounds,3,op_cache_hit_miss.op_cache_hit:u,1207873733
B,9cebbbe,f7_n5000_bound_physics,RelaxBounds,3,ic_fetch_stall.ic_stall_any:u,1608348741
B,9cebbbe,f7_n5000_bound_physics,RelaxBounds,3,elapsed_s,0.967957148
B,9cebbbe,f7_n5000_bound_physics,RelaxBounds,4,instructions:u,4736419331
B,9cebbbe,f7_n5000_bound_physics,RelaxBounds,4,cycles:u,3049124626
B,9cebbbe,f7_n5000_bound_physics,RelaxBounds,4,de_dis_uop_queue_empty_di0:u,660544647
B,9cebbbe,f7_n5000_bound_physics,RelaxBounds,4,op_cache_hit_miss.op_cache_miss:u,25576709
B,9cebbbe,f7_n5000_bound_physics,RelaxBounds,4,op_cache_hit_miss.op_cache_hit:u,1192555929
B,9cebbbe,f7_n5000_bound_physics,RelaxBounds,4,ic_fetch_stall.ic_stall_any:u,1592164630
B,9cebbbe,f7_n5000_bound_physics,RelaxBounds,4,elapsed_s,0.956507483
B,9cebbbe,f7_n5000_bound_physics,RelaxBounds,5,instructions:u,4752119268
B,9cebbbe,f7_n5000_bound_physics,RelaxBounds,5,cycles:u,3059054890
B,9cebbbe,f7_n5000_bound_physics,RelaxBounds,5,de_dis_uop_queue_empty_di0:u,663966095
B,9cebbbe,f7_n5000_bound_physics,RelaxBounds,5,op_cache_hit_miss.op_cache_miss:u,25451270
B,9cebbbe,f7_n5000_bound_physics,RelaxBounds,5,op_cache_hit_miss.op_cache_hit:u,1198117130
B,9cebbbe,f7_n5000_bound_physics,RelaxBounds,5,ic_fetch_stall.ic_stall_any:u,1595797641
B,9cebbbe,f7_n5000_bound_physics,RelaxBounds,5,elapsed_s,0.958766153
B,control,f7_n10000_bound_neutral,MakeConstraint,1,instructions:u,7047712346
B,control,f7_n10000_bound_neutral,MakeConstraint,1,cycles:u,2912274780
B,control,f7_n10000_bound_neutral,MakeConstraint,1,de_dis_uop_queue_empty_di0:u,287757368
B,control,f7_n10000_bound_neutral,MakeConstraint,1,op_cache_hit_miss.op_cache_miss:u,93015744
B,control,f7_n10000_bound_neutral,MakeConstraint,1,op_cache_hit_miss.op_cache_hit:u,1185460131
B,control,f7_n10000_bound_neutral,MakeConstraint,1,ic_fetch_stall.ic_stall_any:u,1373898204
B,control,f7_n10000_bound_neutral,MakeConstraint,1,elapsed_s,0.967062082
B,control,f7_n10000_bound_neutral,MakeConstraint,2,instructions:u,7021150326
B,control,f7_n10000_bound_neutral,MakeConstraint,2,cycles:u,2895699818
B,control,f7_n10000_bound_neutral,MakeConstraint,2,de_dis_uop_queue_empty_di0:u,284292431
B,control,f7_n10000_bound_neutral,MakeConstraint,2,op_cache_hit_miss.op_cache_miss:u,92113807
B,control,f7_n10000_bound_neutral,MakeConstraint,2,op_cache_hit_miss.op_cache_hit:u,1177993879
B,control,f7_n10000_bound_neutral,MakeConstraint,2,ic_fetch_stall.ic_stall_any:u,1367632964
B,control,f7_n10000_bound_neutral,MakeConstraint,2,elapsed_s,0.965146751
B,control,f7_n10000_bound_neutral,MakeConstraint,3,instructions:u,7027898968
B,control,f7_n10000_bound_neutral,MakeConstraint,3,cycles:u,2901202476
B,control,f7_n10000_bound_neutral,MakeConstraint,3,de_dis_uop_queue_empty_di0:u,286008615
B,control,f7_n10000_bound_neutral,MakeConstraint,3,op_cache_hit_miss.op_cache_miss:u,92188784
B,control,f7_n10000_bound_neutral,MakeConstraint,3,op_cache_hit_miss.op_cache_hit:u,1179984851
B,control,f7_n10000_bound_neutral,MakeConstraint,3,ic_fetch_stall.ic_stall_any:u,1369703649
B,control,f7_n10000_bound_neutral,MakeConstraint,3,elapsed_s,0.968613235
B,control,f7_n10000_bound_neutral,MakeConstraint,4,instructions:u,7026812680
B,control,f7_n10000_bound_neutral,MakeConstraint,4,cycles:u,2896638554
B,control,f7_n10000_bound_neutral,MakeConstraint,4,de_dis_uop_queue_empty_di0:u,284740487
B,control,f7_n10000_bound_neutral,MakeConstraint,4,op_cache_hit_miss.op_cache_miss:u,92375457
B,control,f7_n10000_bound_neutral,MakeConstraint,4,op_cache_hit_miss.op_cache_hit:u,1178689194
B,control,f7_n10000_bound_neutral,MakeConstraint,4,ic_fetch_stall.ic_stall_any:u,1367426335
B,control,f7_n10000_bound_neutral,MakeConstraint,4,elapsed_s,0.965946468
B,control,f7_n10000_bound_neutral,MakeConstraint,5,instructions:u,7080117537
B,control,f7_n10000_bound_neutral,MakeConstraint,5,cycles:u,2906345398
B,control,f7_n10000_bound_neutral,MakeConstraint,5,de_dis_uop_queue_empty_di0:u,281817548
B,control,f7_n10000_bound_neutral,MakeConstraint,5,op_cache_hit_miss.op_cache_miss:u,92626191
B,control,f7_n10000_bound_neutral,MakeConstraint,5,op_cache_hit_miss.op_cache_hit:u,1195615428
B,control,f7_n10000_bound_neutral,MakeConstraint,5,ic_fetch_stall.ic_stall_any:u,1355965069
B,control,f7_n10000_bound_neutral,MakeConstraint,5,elapsed_s,0.970464726
B,control,f7_n10000_bound_neutral,MakeParameter,1,instructions:u,8892783348
B,control,f7_n10000_bound_neutral,MakeParameter,1,cycles:u,4145045897
B,control,f7_n10000_bound_neutral,MakeParameter,1,de_dis_uop_queue_empty_di0:u,537856545
B,control,f7_n10000_bound_neutral,MakeParameter,1,op_cache_hit_miss.op_cache_miss:u,93179850
B,control,f7_n10000_bound_neutral,MakeParameter,1,op_cache_hit_miss.op_cache_hit:u,1720429147
B,control,f7_n10000_bound_neutral,MakeParameter,1,ic_fetch_stall.ic_stall_any:u,1952407040
B,control,f7_n10000_bound_neutral,MakeParameter,1,elapsed_s,1.334089471
B,control,f7_n10000_bound_neutral,MakeParameter,2,instructions:u,8784804764
B,control,f7_n10000_bound_neutral,MakeParameter,2,cycles:u,4139357448
B,control,f7_n10000_bound_neutral,MakeParameter,2,de_dis_uop_queue_empty_di0:u,541918078
B,control,f7_n10000_bound_neutral,MakeParameter,2,op_cache_hit_miss.op_cache_miss:u,92323919
B,control,f7_n10000_bound_neutral,MakeParameter,2,op_cache_hit_miss.op_cache_hit:u,1689263894
B,control,f7_n10000_bound_neutral,MakeParameter,2,ic_fetch_stall.ic_stall_any:u,1986420261
B,control,f7_n10000_bound_neutral,MakeParameter,2,elapsed_s,1.33420322
B,control,f7_n10000_bound_neutral,MakeParameter,3,instructions:u,8791747376
B,control,f7_n10000_bound_neutral,MakeParameter,3,cycles:u,4134712488
B,control,f7_n10000_bound_neutral,MakeParameter,3,de_dis_uop_queue_empty_di0:u,543035363
B,control,f7_n10000_bound_neutral,MakeParameter,3,op_cache_hit_miss.op_cache_miss:u,91754630
B,control,f7_n10000_bound_neutral,MakeParameter,3,op_cache_hit_miss.op_cache_hit:u,1691560402
B,control,f7_n10000_bound_neutral,MakeParameter,3,ic_fetch_stall.ic_stall_any:u,1979175110
B,control,f7_n10000_bound_neutral,MakeParameter,3,elapsed_s,1.335110117
B,control,f7_n10000_bound_neutral,MakeParameter,4,instructions:u,8785624979
B,control,f7_n10000_bound_neutral,MakeParameter,4,cycles:u,4135650546
B,control,f7_n10000_bound_neutral,MakeParameter,4,de_dis_uop_queue_empty_di0:u,542712683
B,control,f7_n10000_bound_neutral,MakeParameter,4,op_cache_hit_miss.op_cache_miss:u,92882680
B,control,f7_n10000_bound_neutral,MakeParameter,4,op_cache_hit_miss.op_cache_hit:u,1690305180
B,control,f7_n10000_bound_neutral,MakeParameter,4,ic_fetch_stall.ic_stall_any:u,1980678942
B,control,f7_n10000_bound_neutral,MakeParameter,4,elapsed_s,1.335418764
B,control,f7_n10000_bound_neutral,MakeParameter,5,instructions:u,8794019229
B,control,f7_n10000_bound_neutral,MakeParameter,5,cycles:u,4138007667
B,control,f7_n10000_bound_neutral,MakeParameter,5,de_dis_uop_queue_empty_di0:u,543256227
B,control,f7_n10000_bound_neutral,MakeParameter,5,op_cache_hit_miss.op_cache_miss:u,92850831
B,control,f7_n10000_bound_neutral,MakeParameter,5,op_cache_hit_miss.op_cache_hit:u,1692140101
B,control,f7_n10000_bound_neutral,MakeParameter,5,ic_fetch_stall.ic_stall_any:u,1980716022
B,control,f7_n10000_bound_neutral,MakeParameter,5,elapsed_s,1.334791648
B,control,f7_n10000_bound_neutral,RelaxBounds,1,instructions:u,7052533239
B,control,f7_n10000_bound_neutral,RelaxBounds,1,cycles:u,2944996945
B,control,f7_n10000_bound_neutral,RelaxBounds,1,de_dis_uop_queue_empty_di0:u,289439589
B,control,f7_n10000_bound_neutral,RelaxBounds,1,op_cache_hit_miss.op_cache_miss:u,93513197
B,control,f7_n10000_bound_neutral,RelaxBounds,1,op_cache_hit_miss.op_cache_hit:u,1190296180
B,control,f7_n10000_bound_neutral,RelaxBounds,1,ic_fetch_stall.ic_stall_any:u,1400282943
B,control,f7_n10000_bound_neutral,RelaxBounds,1,elapsed_s,0.977222664
B,control,f7_n10000_bound_neutral,RelaxBounds,2,instructions:u,7034557217
B,control,f7_n10000_bound_neutral,RelaxBounds,2,cycles:u,2905412380
B,control,f7_n10000_bound_neutral,RelaxBounds,2,de_dis_uop_queue_empty_di0:u,286539844
B,control,f7_n10000_bound_neutral,RelaxBounds,2,op_cache_hit_miss.op_cache_miss:u,92444059
B,control,f7_n10000_bound_neutral,RelaxBounds,2,op_cache_hit_miss.op_cache_hit:u,1182466966
B,control,f7_n10000_bound_neutral,RelaxBounds,2,ic_fetch_stall.ic_stall_any:u,1371365565
B,control,f7_n10000_bound_neutral,RelaxBounds,2,elapsed_s,0.968083158
B,control,f7_n10000_bound_neutral,RelaxBounds,3,instructions:u,6990941776
B,control,f7_n10000_bound_neutral,RelaxBounds,3,cycles:u,2878469738
B,control,f7_n10000_bound_neutral,RelaxBounds,3,de_dis_uop_queue_empty_di0:u,281236340
B,control,f7_n10000_bound_neutral,RelaxBounds,3,op_cache_hit_miss.op_cache_miss:u,92060530
B,control,f7_n10000_bound_neutral,RelaxBounds,3,op_cache_hit_miss.op_cache_hit:u,1170125858
B,control,f7_n10000_bound_neutral,RelaxBounds,3,ic_fetch_stall.ic_stall_any:u,1359212293
B,control,f7_n10000_bound_neutral,RelaxBounds,3,elapsed_s,0.959131201
B,control,f7_n10000_bound_neutral,RelaxBounds,4,instructions:u,6996412909
B,control,f7_n10000_bound_neutral,RelaxBounds,4,cycles:u,2882373490
B,control,f7_n10000_bound_neutral,RelaxBounds,4,de_dis_uop_queue_empty_di0:u,281131074
B,control,f7_n10000_bound_neutral,RelaxBounds,4,op_cache_hit_miss.op_cache_miss:u,91856749
B,control,f7_n10000_bound_neutral,RelaxBounds,4,op_cache_hit_miss.op_cache_hit:u,1171230226
B,control,f7_n10000_bound_neutral,RelaxBounds,4,ic_fetch_stall.ic_stall_any:u,1362144795
B,control,f7_n10000_bound_neutral,RelaxBounds,4,elapsed_s,0.95926384
B,control,f7_n10000_bound_neutral,RelaxBounds,5,instructions:u,6999478810
B,control,f7_n10000_bound_neutral,RelaxBounds,5,cycles:u,2882820693
B,control,f7_n10000_bound_neutral,RelaxBounds,5,de_dis_uop_queue_empty_di0:u,280584829
B,control,f7_n10000_bound_neutral,RelaxBounds,5,op_cache_hit_miss.op_cache_miss:u,92209725
B,control,f7_n10000_bound_neutral,RelaxBounds,5,op_cache_hit_miss.op_cache_hit:u,1170372082
B,control,f7_n10000_bound_neutral,RelaxBounds,5,ic_fetch_stall.ic_stall_any:u,1363457508
B,control,f7_n10000_bound_neutral,RelaxBounds,5,elapsed_s,0.960189695
B,control,f7_n1000_bound_physics,MakeConstraint,1,instructions:u,4753910350
B,control,f7_n1000_bound_physics,MakeConstraint,1,cycles:u,3213747280
B,control,f7_n1000_bound_physics,MakeConstraint,1,de_dis_uop_queue_empty_di0:u,650107643
B,control,f7_n1000_bound_physics,MakeConstraint,1,op_cache_hit_miss.op_cache_miss:u,5640461
B,control,f7_n1000_bound_physics,MakeConstraint,1,op_cache_hit_miss.op_cache_hit:u,1327144521
B,control,f7_n1000_bound_physics,MakeConstraint,1,ic_fetch_stall.ic_stall_any:u,1586094024
B,control,f7_n1000_bound_physics,MakeConstraint,1,elapsed_s,0.969114983
B,control,f7_n1000_bound_physics,MakeConstraint,2,instructions:u,4742711139
B,control,f7_n1000_bound_physics,MakeConstraint,2,cycles:u,3211896429
B,control,f7_n1000_bound_physics,MakeConstraint,2,de_dis_uop_queue_empty_di0:u,648835440
B,control,f7_n1000_bound_physics,MakeConstraint,2,op_cache_hit_miss.op_cache_miss:u,5619388
B,control,f7_n1000_bound_physics,MakeConstraint,2,op_cache_hit_miss.op_cache_hit:u,1323928734
B,control,f7_n1000_bound_physics,MakeConstraint,2,ic_fetch_stall.ic_stall_any:u,1588641223
B,control,f7_n1000_bound_physics,MakeConstraint,2,elapsed_s,0.969070543
B,control,f7_n1000_bound_physics,MakeConstraint,3,instructions:u,4744164340
B,control,f7_n1000_bound_physics,MakeConstraint,3,cycles:u,3208563734
B,control,f7_n1000_bound_physics,MakeConstraint,3,de_dis_uop_queue_empty_di0:u,648875191
B,control,f7_n1000_bound_physics,MakeConstraint,3,op_cache_hit_miss.op_cache_miss:u,5617812
B,control,f7_n1000_bound_physics,MakeConstraint,3,op_cache_hit_miss.op_cache_hit:u,1324377600
B,control,f7_n1000_bound_physics,MakeConstraint,3,ic_fetch_stall.ic_stall_any:u,1584230422
B,control,f7_n1000_bound_physics,MakeConstraint,3,elapsed_s,0.968352366
B,control,f7_n1000_bound_physics,MakeConstraint,4,instructions:u,4746013647
B,control,f7_n1000_bound_physics,MakeConstraint,4,cycles:u,3210627229
B,control,f7_n1000_bound_physics,MakeConstraint,4,de_dis_uop_queue_empty_di0:u,649554192
B,control,f7_n1000_bound_physics,MakeConstraint,4,op_cache_hit_miss.op_cache_miss:u,8090264
B,control,f7_n1000_bound_physics,MakeConstraint,4,op_cache_hit_miss.op_cache_hit:u,1322413104
B,control,f7_n1000_bound_physics,MakeConstraint,4,ic_fetch_stall.ic_stall_any:u,1584914573
B,control,f7_n1000_bound_physics,MakeConstraint,4,elapsed_s,0.968858984
B,control,f7_n1000_bound_physics,MakeConstraint,5,instructions:u,4748951422
B,control,f7_n1000_bound_physics,MakeConstraint,5,cycles:u,3212145407
B,control,f7_n1000_bound_physics,MakeConstraint,5,de_dis_uop_queue_empty_di0:u,650155259
B,control,f7_n1000_bound_physics,MakeConstraint,5,op_cache_hit_miss.op_cache_miss:u,5578755
B,control,f7_n1000_bound_physics,MakeConstraint,5,op_cache_hit_miss.op_cache_hit:u,1325702750
B,control,f7_n1000_bound_physics,MakeConstraint,5,ic_fetch_stall.ic_stall_any:u,1586295465
B,control,f7_n1000_bound_physics,MakeConstraint,5,elapsed_s,0.968980163
B,control,f7_n1000_bound_physics,MakeParameter,1,instructions:u,4214191812
B,control,f7_n1000_bound_physics,MakeParameter,1,cycles:u,2835174049
B,control,f7_n1000_bound_physics,MakeParameter,1,de_dis_uop_queue_empty_di0:u,571360324
B,control,f7_n1000_bound_physics,MakeParameter,1,op_cache_hit_miss.op_cache_miss:u,5640631
B,control,f7_n1000_bound_physics,MakeParameter,1,op_cache_hit_miss.op_cache_hit:u,1170437952
B,control,f7_n1000_bound_physics,MakeParameter,1,ic_fetch_stall.ic_stall_any:u,1399122960
B,control,f7_n1000_bound_physics,MakeParameter,1,elapsed_s,0.856864364
B,control,f7_n1000_bound_physics,MakeParameter,2,instructions:u,4184345256
B,control,f7_n1000_bound_physics,MakeParameter,2,cycles:u,2813969734
B,control,f7_n1000_bound_physics,MakeParameter,2,de_dis_uop_queue_empty_di0:u,566815222
B,control,f7_n1000_bound_physics,MakeParameter,2,op_cache_hit_miss.op_cache_miss:u,5589466
B,control,f7_n1000_bound_physics,MakeParameter,2,op_cache_hit_miss.op_cache_hit:u,1161797486
B,control,f7_n1000_bound_physics,MakeParameter,2,ic_fetch_stall.ic_stall_any:u,1388472738
B,control,f7_n1000_bound_physics,MakeParameter,2,elapsed_s,0.850938783
B,control,f7_n1000_bound_physics,MakeParameter,3,instructions:u,3830422276
B,control,f7_n1000_bound_physics,MakeParameter,3,cycles:u,2574372330
B,control,f7_n1000_bound_physics,MakeParameter,3,de_dis_uop_queue_empty_di0:u,513499856
B,control,f7_n1000_bound_physics,MakeParameter,3,op_cache_hit_miss.op_cache_miss:u,5608983
B,control,f7_n1000_bound_physics,MakeParameter,3,op_cache_hit_miss.op_cache_hit:u,1059073494
B,control,f7_n1000_bound_physics,MakeParameter,3,ic_fetch_stall.ic_stall_any:u,1275108627
B,control,f7_n1000_bound_physics,MakeParameter,3,elapsed_s,0.780116664
B,control,f7_n1000_bound_physics,MakeParameter,4,instructions:u,4132050039
B,control,f7_n1000_bound_physics,MakeParameter,4,cycles:u,2778709159
B,control,f7_n1000_bound_physics,MakeParameter,4,de_dis_uop_queue_empty_di0:u,559438545
B,control,f7_n1000_bound_physics,MakeParameter,4,op_cache_hit_miss.op_cache_miss:u,5558833
B,control,f7_n1000_bound_physics,MakeParameter,4,op_cache_hit_miss.op_cache_hit:u,1146761536
B,control,f7_n1000_bound_physics,MakeParameter,4,ic_fetch_stall.ic_stall_any:u,1371569461
B,control,f7_n1000_bound_physics,MakeParameter,4,elapsed_s,0.840408664
B,control,f7_n1000_bound_physics,MakeParameter,5,instructions:u,4181936238
B,control,f7_n1000_bound_physics,MakeParameter,5,cycles:u,2814132822
B,control,f7_n1000_bound_physics,MakeParameter,5,de_dis_uop_queue_empty_di0:u,567373582
B,control,f7_n1000_bound_physics,MakeParameter,5,op_cache_hit_miss.op_cache_miss:u,5587965
B,control,f7_n1000_bound_physics,MakeParameter,5,op_cache_hit_miss.op_cache_hit:u,1161136515
B,control,f7_n1000_bound_physics,MakeParameter,5,ic_fetch_stall.ic_stall_any:u,1389291622
B,control,f7_n1000_bound_physics,MakeParameter,5,elapsed_s,0.850933233
B,control,f7_n1000_bound_physics,RelaxBounds,1,instructions:u,4755063735
B,control,f7_n1000_bound_physics,RelaxBounds,1,cycles:u,3215676904
B,control,f7_n1000_bound_physics,RelaxBounds,1,de_dis_uop_queue_empty_di0:u,650581257
B,control,f7_n1000_bound_physics,RelaxBounds,1,op_cache_hit_miss.op_cache_miss:u,5665663
B,control,f7_n1000_bound_physics,RelaxBounds,1,op_cache_hit_miss.op_cache_hit:u,1327562300
B,control,f7_n1000_bound_physics,RelaxBounds,1,ic_fetch_stall.ic_stall_any:u,1587455483
B,control,f7_n1000_bound_physics,RelaxBounds,1,elapsed_s,0.969473531
B,control,f7_n1000_bound_physics,RelaxBounds,2,instructions:u,4750575513
B,control,f7_n1000_bound_physics,RelaxBounds,2,cycles:u,3212125479
B,control,f7_n1000_bound_physics,RelaxBounds,2,de_dis_uop_queue_empty_di0:u,649940715
B,control,f7_n1000_bound_physics,RelaxBounds,2,op_cache_hit_miss.op_cache_miss:u,5586832
B,control,f7_n1000_bound_physics,RelaxBounds,2,op_cache_hit_miss.op_cache_hit:u,1326247826
B,control,f7_n1000_bound_physics,RelaxBounds,2,ic_fetch_stall.ic_stall_any:u,1585605431
B,control,f7_n1000_bound_physics,RelaxBounds,2,elapsed_s,0.968933094
B,control,f7_n1000_bound_physics,RelaxBounds,3,instructions:u,4746493426
B,control,f7_n1000_bound_physics,RelaxBounds,3,cycles:u,3208272539
B,control,f7_n1000_bound_physics,RelaxBounds,3,de_dis_uop_queue_empty_di0:u,649177423
B,control,f7_n1000_bound_physics,RelaxBounds,3,op_cache_hit_miss.op_cache_miss:u,5599017
B,control,f7_n1000_bound_physics,RelaxBounds,3,op_cache_hit_miss.op_cache_hit:u,1325007498
B,control,f7_n1000_bound_physics,RelaxBounds,3,ic_fetch_stall.ic_stall_any:u,1583238230
B,control,f7_n1000_bound_physics,RelaxBounds,3,elapsed_s,0.968000988
B,control,f7_n1000_bound_physics,RelaxBounds,4,instructions:u,4744991293
B,control,f7_n1000_bound_physics,RelaxBounds,4,cycles:u,3210273957
B,control,f7_n1000_bound_physics,RelaxBounds,4,de_dis_uop_queue_empty_di0:u,649222272
B,control,f7_n1000_bound_physics,RelaxBounds,4,op_cache_hit_miss.op_cache_miss:u,5566036
B,control,f7_n1000_bound_physics,RelaxBounds,4,op_cache_hit_miss.op_cache_hit:u,1324640850
B,control,f7_n1000_bound_physics,RelaxBounds,4,ic_fetch_stall.ic_stall_any:u,1585784851
B,control,f7_n1000_bound_physics,RelaxBounds,4,elapsed_s,0.968291646
B,control,f7_n1000_bound_physics,RelaxBounds,5,instructions:u,4755759883
B,control,f7_n1000_bound_physics,RelaxBounds,5,cycles:u,3213376161
B,control,f7_n1000_bound_physics,RelaxBounds,5,de_dis_uop_queue_empty_di0:u,650033792
B,control,f7_n1000_bound_physics,RelaxBounds,5,op_cache_hit_miss.op_cache_miss:u,5590725
B,control,f7_n1000_bound_physics,RelaxBounds,5,op_cache_hit_miss.op_cache_hit:u,1327818090
B,control,f7_n1000_bound_physics,RelaxBounds,5,ic_fetch_stall.ic_stall_any:u,1584903682
B,control,f7_n1000_bound_physics,RelaxBounds,5,elapsed_s,0.969205592
B,control,f7_n20000_bound_neutral,MakeConstraint,1,instructions:u,14183146077
B,control,f7_n20000_bound_neutral,MakeConstraint,1,cycles:u,5969536305
B,control,f7_n20000_bound_neutral,MakeConstraint,1,de_dis_uop_queue_empty_di0:u,576859309
B,control,f7_n20000_bound_neutral,MakeConstraint,1,op_cache_hit_miss.op_cache_miss:u,184908273
B,control,f7_n20000_bound_neutral,MakeConstraint,1,op_cache_hit_miss.op_cache_hit:u,2380099946
B,control,f7_n20000_bound_neutral,MakeConstraint,1,ic_fetch_stall.ic_stall_any:u,2882320016
B,control,f7_n20000_bound_neutral,MakeConstraint,1,elapsed_s,1.975325836
B,control,f7_n20000_bound_neutral,MakeConstraint,2,instructions:u,14140538182
B,control,f7_n20000_bound_neutral,MakeConstraint,2,cycles:u,5925400891
B,control,f7_n20000_bound_neutral,MakeConstraint,2,de_dis_uop_queue_empty_di0:u,569102192
B,control,f7_n20000_bound_neutral,MakeConstraint,2,op_cache_hit_miss.op_cache_miss:u,184674431
B,control,f7_n20000_bound_neutral,MakeConstraint,2,op_cache_hit_miss.op_cache_hit:u,2365397602
B,control,f7_n20000_bound_neutral,MakeConstraint,2,ic_fetch_stall.ic_stall_any:u,2858167280
B,control,f7_n20000_bound_neutral,MakeConstraint,2,elapsed_s,1.969385025
B,control,f7_n20000_bound_neutral,MakeConstraint,3,instructions:u,14105936121
B,control,f7_n20000_bound_neutral,MakeConstraint,3,cycles:u,5937713092
B,control,f7_n20000_bound_neutral,MakeConstraint,3,de_dis_uop_queue_empty_di0:u,562320895
B,control,f7_n20000_bound_neutral,MakeConstraint,3,op_cache_hit_miss.op_cache_miss:u,183329306
B,control,f7_n20000_bound_neutral,MakeConstraint,3,op_cache_hit_miss.op_cache_hit:u,2355180807
B,control,f7_n20000_bound_neutral,MakeConstraint,3,ic_fetch_stall.ic_stall_any:u,2884671323
B,control,f7_n20000_bound_neutral,MakeConstraint,3,elapsed_s,1.975111177
B,control,f7_n20000_bound_neutral,MakeConstraint,4,instructions:u,14140389489
B,control,f7_n20000_bound_neutral,MakeConstraint,4,cycles:u,5923890537
B,control,f7_n20000_bound_neutral,MakeConstraint,4,de_dis_uop_queue_empty_di0:u,568010085
B,control,f7_n20000_bound_neutral,MakeConstraint,4,op_cache_hit_miss.op_cache_miss:u,183304517
B,control,f7_n20000_bound_neutral,MakeConstraint,4,op_cache_hit_miss.op_cache_hit:u,2367170795
B,control,f7_n20000_bound_neutral,MakeConstraint,4,ic_fetch_stall.ic_stall_any:u,2856313945
B,control,f7_n20000_bound_neutral,MakeConstraint,4,elapsed_s,1.967175775
B,control,f7_n20000_bound_neutral,MakeConstraint,5,instructions:u,14123360229
B,control,f7_n20000_bound_neutral,MakeConstraint,5,cycles:u,5914731821
B,control,f7_n20000_bound_neutral,MakeConstraint,5,de_dis_uop_queue_empty_di0:u,566091840
B,control,f7_n20000_bound_neutral,MakeConstraint,5,op_cache_hit_miss.op_cache_miss:u,183508086
B,control,f7_n20000_bound_neutral,MakeConstraint,5,op_cache_hit_miss.op_cache_hit:u,2362165836
B,control,f7_n20000_bound_neutral,MakeConstraint,5,ic_fetch_stall.ic_stall_any:u,2852687788
B,control,f7_n20000_bound_neutral,MakeConstraint,5,elapsed_s,1.966803067
B,control,f7_n20000_bound_neutral,MakeParameter,1,instructions:u,12185508806
B,control,f7_n20000_bound_neutral,MakeParameter,1,cycles:u,4547093501
B,control,f7_n20000_bound_neutral,MakeParameter,1,de_dis_uop_queue_empty_di0:u,279964789
B,control,f7_n20000_bound_neutral,MakeParameter,1,op_cache_hit_miss.op_cache_miss:u,185259121
B,control,f7_n20000_bound_neutral,MakeParameter,1,op_cache_hit_miss.op_cache_hit:u,1796717833
B,control,f7_n20000_bound_neutral,MakeParameter,1,ic_fetch_stall.ic_stall_any:u,2175124256
B,control,f7_n20000_bound_neutral,MakeParameter,1,elapsed_s,1.551439622
B,control,f7_n20000_bound_neutral,MakeParameter,2,instructions:u,12204593066
B,control,f7_n20000_bound_neutral,MakeParameter,2,cycles:u,4564263977
B,control,f7_n20000_bound_neutral,MakeParameter,2,de_dis_uop_queue_empty_di0:u,285653987
B,control,f7_n20000_bound_neutral,MakeParameter,2,op_cache_hit_miss.op_cache_miss:u,183717006
B,control,f7_n20000_bound_neutral,MakeParameter,2,op_cache_hit_miss.op_cache_hit:u,1803865197
B,control,f7_n20000_bound_neutral,MakeParameter,2,ic_fetch_stall.ic_stall_any:u,2183530403
B,control,f7_n20000_bound_neutral,MakeParameter,2,elapsed_s,1.563057526
B,control,f7_n20000_bound_neutral,MakeParameter,3,instructions:u,12189151827
B,control,f7_n20000_bound_neutral,MakeParameter,3,cycles:u,4567212339
B,control,f7_n20000_bound_neutral,MakeParameter,3,de_dis_uop_queue_empty_di0:u,286003476
B,control,f7_n20000_bound_neutral,MakeParameter,3,op_cache_hit_miss.op_cache_miss:u,184415441
B,control,f7_n20000_bound_neutral,MakeParameter,3,op_cache_hit_miss.op_cache_hit:u,1802470069
B,control,f7_n20000_bound_neutral,MakeParameter,3,ic_fetch_stall.ic_stall_any:u,2188293432
B,control,f7_n20000_bound_neutral,MakeParameter,3,elapsed_s,1.567287276
B,control,f7_n20000_bound_neutral,MakeParameter,4,instructions:u,12197191254
B,control,f7_n20000_bound_neutral,MakeParameter,4,cycles:u,4557071487
B,control,f7_n20000_bound_neutral,MakeParameter,4,de_dis_uop_queue_empty_di0:u,284334302
B,control,f7_n20000_bound_neutral,MakeParameter,4,op_cache_hit_miss.op_cache_miss:u,183657304
B,control,f7_n20000_bound_neutral,MakeParameter,4,op_cache_hit_miss.op_cache_hit:u,1801772396
B,control,f7_n20000_bound_neutral,MakeParameter,4,ic_fetch_stall.ic_stall_any:u,2180322357
B,control,f7_n20000_bound_neutral,MakeParameter,4,elapsed_s,1.562430059
B,control,f7_n20000_bound_neutral,MakeParameter,5,instructions:u,12194073933
B,control,f7_n20000_bound_neutral,MakeParameter,5,cycles:u,4565879218
B,control,f7_n20000_bound_neutral,MakeParameter,5,de_dis_uop_queue_empty_di0:u,284073571
B,control,f7_n20000_bound_neutral,MakeParameter,5,op_cache_hit_miss.op_cache_miss:u,184246034
B,control,f7_n20000_bound_neutral,MakeParameter,5,op_cache_hit_miss.op_cache_hit:u,1801648819
B,control,f7_n20000_bound_neutral,MakeParameter,5,ic_fetch_stall.ic_stall_any:u,2188743732
B,control,f7_n20000_bound_neutral,MakeParameter,5,elapsed_s,1.565579594
B,control,f7_n20000_bound_neutral,RelaxBounds,1,instructions:u,14144905346
B,control,f7_n20000_bound_neutral,RelaxBounds,1,cycles:u,5945111656
B,control,f7_n20000_bound_neutral,RelaxBounds,1,de_dis_uop_queue_empty_di0:u,569441755
B,control,f7_n20000_bound_neutral,RelaxBounds,1,op_cache_hit_miss.op_cache_miss:u,183703142
B,control,f7_n20000_bound_neutral,RelaxBounds,1,op_cache_hit_miss.op_cache_hit:u,2367434391
B,control,f7_n20000_bound_neutral,RelaxBounds,1,ic_fetch_stall.ic_stall_any:u,2876462104
B,control,f7_n20000_bound_neutral,RelaxBounds,1,elapsed_s,1.971045917
B,control,f7_n20000_bound_neutral,RelaxBounds,2,instructions:u,14134036793
B,control,f7_n20000_bound_neutral,RelaxBounds,2,cycles:u,5921447628
B,control,f7_n20000_bound_neutral,RelaxBounds,2,de_dis_uop_queue_empty_di0:u,570046500
B,control,f7_n20000_bound_neutral,RelaxBounds,2,op_cache_hit_miss.op_cache_miss:u,184083068
B,control,f7_n20000_bound_neutral,RelaxBounds,2,op_cache_hit_miss.op_cache_hit:u,2365289619
B,control,f7_n20000_bound_neutral,RelaxBounds,2,ic_fetch_stall.ic_stall_any:u,2853210257
B,control,f7_n20000_bound_neutral,RelaxBounds,2,elapsed_s,1.966669968
B,control,f7_n20000_bound_neutral,RelaxBounds,3,instructions:u,14067409397
B,control,f7_n20000_bound_neutral,RelaxBounds,3,cycles:u,5874775826
B,control,f7_n20000_bound_neutral,RelaxBounds,3,de_dis_uop_queue_empty_di0:u,558524909
B,control,f7_n20000_bound_neutral,RelaxBounds,3,op_cache_hit_miss.op_cache_miss:u,183669689
B,control,f7_n20000_bound_neutral,RelaxBounds,3,op_cache_hit_miss.op_cache_hit:u,2344802400
B,control,f7_n20000_bound_neutral,RelaxBounds,3,ic_fetch_stall.ic_stall_any:u,2833791322
B,control,f7_n20000_bound_neutral,RelaxBounds,3,elapsed_s,1.955248743
B,control,f7_n20000_bound_neutral,RelaxBounds,4,instructions:u,14143336579
B,control,f7_n20000_bound_neutral,RelaxBounds,4,cycles:u,5925155069
B,control,f7_n20000_bound_neutral,RelaxBounds,4,de_dis_uop_queue_empty_di0:u,569482746
B,control,f7_n20000_bound_neutral,RelaxBounds,4,op_cache_hit_miss.op_cache_miss:u,183628529
B,control,f7_n20000_bound_neutral,RelaxBounds,4,op_cache_hit_miss.op_cache_hit:u,2367171940
B,control,f7_n20000_bound_neutral,RelaxBounds,4,ic_fetch_stall.ic_stall_any:u,2857031435
B,control,f7_n20000_bound_neutral,RelaxBounds,4,elapsed_s,1.967566964
B,control,f7_n20000_bound_neutral,RelaxBounds,5,instructions:u,14124863535
B,control,f7_n20000_bound_neutral,RelaxBounds,5,cycles:u,5913520445
B,control,f7_n20000_bound_neutral,RelaxBounds,5,de_dis_uop_queue_empty_di0:u,565443926
B,control,f7_n20000_bound_neutral,RelaxBounds,5,op_cache_hit_miss.op_cache_miss:u,183275173
B,control,f7_n20000_bound_neutral,RelaxBounds,5,op_cache_hit_miss.op_cache_hit:u,2363806709
B,control,f7_n20000_bound_neutral,RelaxBounds,5,ic_fetch_stall.ic_stall_any:u,2850508964
B,control,f7_n20000_bound_neutral,RelaxBounds,5,elapsed_s,1.967123696
B,control,f7_n5000_bound_physics,MakeConstraint,1,instructions:u,5325020841
B,control,f7_n5000_bound_physics,MakeConstraint,1,cycles:u,3084044503
B,control,f7_n5000_bound_physics,MakeConstraint,1,de_dis_uop_queue_empty_di0:u,535843031
B,control,f7_n5000_bound_physics,MakeConstraint,1,op_cache_hit_miss.op_cache_miss:u,26924091
B,control,f7_n5000_bound_physics,MakeConstraint,1,op_cache_hit_miss.op_cache_hit:u,1269608724
B,control,f7_n5000_bound_physics,MakeConstraint,1,ic_fetch_stall.ic_stall_any:u,1510219549
B,control,f7_n5000_bound_physics,MakeConstraint,1,elapsed_s,0.967646529
B,control,f7_n5000_bound_physics,MakeConstraint,2,instructions:u,5323403101
B,control,f7_n5000_bound_physics,MakeConstraint,2,cycles:u,3078243150
B,control,f7_n5000_bound_physics,MakeConstraint,2,de_dis_uop_queue_empty_di0:u,535351774
B,control,f7_n5000_bound_physics,MakeConstraint,2,op_cache_hit_miss.op_cache_miss:u,26682502
B,control,f7_n5000_bound_physics,MakeConstraint,2,op_cache_hit_miss.op_cache_hit:u,1268695164
B,control,f7_n5000_bound_physics,MakeConstraint,2,ic_fetch_stall.ic_stall_any:u,1505137475
B,control,f7_n5000_bound_physics,MakeConstraint,2,elapsed_s,0.967357261
B,control,f7_n5000_bound_physics,MakeConstraint,3,instructions:u,5321719713
B,control,f7_n5000_bound_physics,MakeConstraint,3,cycles:u,3077426222
B,control,f7_n5000_bound_physics,MakeConstraint,3,de_dis_uop_queue_empty_di0:u,535009790
B,control,f7_n5000_bound_physics,MakeConstraint,3,op_cache_hit_miss.op_cache_miss:u,26602739
B,control,f7_n5000_bound_physics,MakeConstraint,3,op_cache_hit_miss.op_cache_hit:u,1268773057
B,control,f7_n5000_bound_physics,MakeConstraint,3,ic_fetch_stall.ic_stall_any:u,1504518336
B,control,f7_n5000_bound_physics,MakeConstraint,3,elapsed_s,0.9675562
B,control,f7_n5000_bound_physics,MakeConstraint,4,instructions:u,5322075417
B,control,f7_n5000_bound_physics,MakeConstraint,4,cycles:u,3078908839
B,control,f7_n5000_bound_physics,MakeConstraint,4,de_dis_uop_queue_empty_di0:u,535584520
B,control,f7_n5000_bound_physics,MakeConstraint,4,op_cache_hit_miss.op_cache_miss:u,26707167
B,control,f7_n5000_bound_physics,MakeConstraint,4,op_cache_hit_miss.op_cache_hit:u,1268526613
B,control,f7_n5000_bound_physics,MakeConstraint,4,ic_fetch_stall.ic_stall_any:u,1506218099
B,control,f7_n5000_bound_physics,MakeConstraint,4,elapsed_s,0.967952858
B,control,f7_n5000_bound_physics,MakeConstraint,5,instructions:u,5322028989
B,control,f7_n5000_bound_physics,MakeConstraint,5,cycles:u,3077704987
B,control,f7_n5000_bound_physics,MakeConstraint,5,de_dis_uop_queue_empty_di0:u,535093907
B,control,f7_n5000_bound_physics,MakeConstraint,5,op_cache_hit_miss.op_cache_miss:u,26658789
B,control,f7_n5000_bound_physics,MakeConstraint,5,op_cache_hit_miss.op_cache_hit:u,1268491147
B,control,f7_n5000_bound_physics,MakeConstraint,5,ic_fetch_stall.ic_stall_any:u,1505195125
B,control,f7_n5000_bound_physics,MakeConstraint,5,elapsed_s,0.968187037
B,control,f7_n5000_bound_physics,MakeParameter,1,instructions:u,6045609417
B,control,f7_n5000_bound_physics,MakeParameter,1,cycles:u,3587596934
B,control,f7_n5000_bound_physics,MakeParameter,1,de_dis_uop_queue_empty_di0:u,641078012
B,control,f7_n5000_bound_physics,MakeParameter,1,op_cache_hit_miss.op_cache_miss:u,27029476
B,control,f7_n5000_bound_physics,MakeParameter,1,op_cache_hit_miss.op_cache_hit:u,1478534582
B,control,f7_n5000_bound_physics,MakeParameter,1,ic_fetch_stall.ic_stall_any:u,1757723194
B,control,f7_n5000_bound_physics,MakeParameter,1,elapsed_s,1.118027623
B,control,f7_n5000_bound_physics,MakeParameter,2,instructions:u,6043362275
B,control,f7_n5000_bound_physics,MakeParameter,2,cycles:u,3585844243
B,control,f7_n5000_bound_physics,MakeParameter,2,de_dis_uop_queue_empty_di0:u,641232680
B,control,f7_n5000_bound_physics,MakeParameter,2,op_cache_hit_miss.op_cache_miss:u,26587897
B,control,f7_n5000_bound_physics,MakeParameter,2,op_cache_hit_miss.op_cache_hit:u,1478357167
B,control,f7_n5000_bound_physics,MakeParameter,2,ic_fetch_stall.ic_stall_any:u,1756656317
B,control,f7_n5000_bound_physics,MakeParameter,2,elapsed_s,1.11875462
B,control,f7_n5000_bound_physics,MakeParameter,3,instructions:u,6005917515
B,control,f7_n5000_bound_physics,MakeParameter,3,cycles:u,3559770447
B,control,f7_n5000_bound_physics,MakeParameter,3,de_dis_uop_queue_empty_di0:u,635634428
B,control,f7_n5000_bound_physics,MakeParameter,3,op_cache_hit_miss.op_cache_miss:u,26752604
B,control,f7_n5000_bound_physics,MakeParameter,3,op_cache_hit_miss.op_cache_hit:u,1467147076
B,control,f7_n5000_bound_physics,MakeParameter,3,ic_fetch_stall.ic_stall_any:u,1743890313
B,control,f7_n5000_bound_physics,MakeParameter,3,elapsed_s,1.10842555
B,control,f7_n5000_bound_physics,MakeParameter,4,instructions:u,5971152549
B,control,f7_n5000_bound_physics,MakeParameter,4,cycles:u,3534682774
B,control,f7_n5000_bound_physics,MakeParameter,4,de_dis_uop_queue_empty_di0:u,630129369
B,control,f7_n5000_bound_physics,MakeParameter,4,op_cache_hit_miss.op_cache_miss:u,26608602
B,control,f7_n5000_bound_physics,MakeParameter,4,op_cache_hit_miss.op_cache_hit:u,1456901975
B,control,f7_n5000_bound_physics,MakeParameter,4,ic_fetch_stall.ic_stall_any:u,1731968013
B,control,f7_n5000_bound_physics,MakeParameter,4,elapsed_s,1.100646097
B,control,f7_n5000_bound_physics,MakeParameter,5,instructions:u,6038145263
B,control,f7_n5000_bound_physics,MakeParameter,5,cycles:u,3581700570
B,control,f7_n5000_bound_physics,MakeParameter,5,de_dis_uop_queue_empty_di0:u,640268927
B,control,f7_n5000_bound_physics,MakeParameter,5,op_cache_hit_miss.op_cache_miss:u,26628482
B,control,f7_n5000_bound_physics,MakeParameter,5,op_cache_hit_miss.op_cache_hit:u,1476537699
B,control,f7_n5000_bound_physics,MakeParameter,5,ic_fetch_stall.ic_stall_any:u,1754626751
B,control,f7_n5000_bound_physics,MakeParameter,5,elapsed_s,1.117827305
B,control,f7_n5000_bound_physics,RelaxBounds,1,instructions:u,5296313977
B,control,f7_n5000_bound_physics,RelaxBounds,1,cycles:u,3060631537
B,control,f7_n5000_bound_physics,RelaxBounds,1,de_dis_uop_queue_empty_di0:u,531489512
B,control,f7_n5000_bound_physics,RelaxBounds,1,op_cache_hit_miss.op_cache_miss:u,27066461
B,control,f7_n5000_bound_physics,RelaxBounds,1,op_cache_hit_miss.op_cache_hit:u,1261092306
B,control,f7_n5000_bound_physics,RelaxBounds,1,ic_fetch_stall.ic_stall_any:u,1496511451
B,control,f7_n5000_bound_physics,RelaxBounds,1,elapsed_s,0.957514758
B,control,f7_n5000_bound_physics,RelaxBounds,2,instructions:u,5292799876
B,control,f7_n5000_bound_physics,RelaxBounds,2,cycles:u,3057448139
B,control,f7_n5000_bound_physics,RelaxBounds,2,de_dis_uop_queue_empty_di0:u,531235792
B,control,f7_n5000_bound_physics,RelaxBounds,2,op_cache_hit_miss.op_cache_miss:u,26645478
B,control,f7_n5000_bound_physics,RelaxBounds,2,op_cache_hit_miss.op_cache_hit:u,1260026375
B,control,f7_n5000_bound_physics,RelaxBounds,2,ic_fetch_stall.ic_stall_any:u,1495075274
B,control,f7_n5000_bound_physics,RelaxBounds,2,elapsed_s,0.958535593
B,control,f7_n5000_bound_physics,RelaxBounds,3,instructions:u,5307798094
B,control,f7_n5000_bound_physics,RelaxBounds,3,cycles:u,3078334071
B,control,f7_n5000_bound_physics,RelaxBounds,3,de_dis_uop_queue_empty_di0:u,535003394
B,control,f7_n5000_bound_physics,RelaxBounds,3,op_cache_hit_miss.op_cache_miss:u,26718942
B,control,f7_n5000_bound_physics,RelaxBounds,3,op_cache_hit_miss.op_cache_hit:u,1264584941
B,control,f7_n5000_bound_physics,RelaxBounds,3,ic_fetch_stall.ic_stall_any:u,1510394833
B,control,f7_n5000_bound_physics,RelaxBounds,3,elapsed_s,0.96765359
B,control,f7_n5000_bound_physics,RelaxBounds,4,instructions:u,5325034473
B,control,f7_n5000_bound_physics,RelaxBounds,4,cycles:u,3079575956
B,control,f7_n5000_bound_physics,RelaxBounds,4,de_dis_uop_queue_empty_di0:u,535466449
B,control,f7_n5000_bound_physics,RelaxBounds,4,op_cache_hit_miss.op_cache_miss:u,26833030
B,control,f7_n5000_bound_physics,RelaxBounds,4,op_cache_hit_miss.op_cache_hit:u,1269309916
B,control,f7_n5000_bound_physics,RelaxBounds,4,ic_fetch_stall.ic_stall_any:u,1505524200
B,control,f7_n5000_bound_physics,RelaxBounds,4,elapsed_s,0.968299047
B,control,f7_n5000_bound_physics,RelaxBounds,5,instructions:u,5302164190
B,control,f7_n5000_bound_physics,RelaxBounds,5,cycles:u,3064254410
B,control,f7_n5000_bound_physics,RelaxBounds,5,de_dis_uop_queue_empty_di0:u,532525645
B,control,f7_n5000_bound_physics,RelaxBounds,5,op_cache_hit_miss.op_cache_miss:u,26587969
B,control,f7_n5000_bound_physics,RelaxBounds,5,op_cache_hit_miss.op_cache_hit:u,1262763014
B,control,f7_n5000_bound_physics,RelaxBounds,5,ic_fetch_stall.ic_stall_any:u,1498547069
B,control,f7_n5000_bound_physics,RelaxBounds,5,elapsed_s,0.967051192
C,510a4bb,f7_n10000_bound_neutral,MakeConstraint,1,L1-dcache-load-misses:u,73886982
C,510a4bb,f7_n10000_bound_neutral,MakeConstraint,1,LLC-load-misses:u,
C,510a4bb,f7_n10000_bound_neutral,MakeConstraint,1,dTLB-load-misses:u,530353
C,510a4bb,f7_n10000_bound_neutral,MakeConstraint,1,page-faults:u,50739
C,510a4bb,f7_n10000_bound_neutral,MakeConstraint,1,elapsed_s,0.967740019
C,510a4bb,f7_n10000_bound_neutral,MakeConstraint,2,L1-dcache-load-misses:u,73868316
C,510a4bb,f7_n10000_bound_neutral,MakeConstraint,2,LLC-load-misses:u,
C,510a4bb,f7_n10000_bound_neutral,MakeConstraint,2,dTLB-load-misses:u,525728
C,510a4bb,f7_n10000_bound_neutral,MakeConstraint,2,page-faults:u,50740
C,510a4bb,f7_n10000_bound_neutral,MakeConstraint,2,elapsed_s,0.967096393
C,510a4bb,f7_n10000_bound_neutral,MakeConstraint,3,L1-dcache-load-misses:u,73984253
C,510a4bb,f7_n10000_bound_neutral,MakeConstraint,3,LLC-load-misses:u,
C,510a4bb,f7_n10000_bound_neutral,MakeConstraint,3,dTLB-load-misses:u,527588
C,510a4bb,f7_n10000_bound_neutral,MakeConstraint,3,page-faults:u,50742
C,510a4bb,f7_n10000_bound_neutral,MakeConstraint,3,elapsed_s,0.966475175
C,510a4bb,f7_n10000_bound_neutral,MakeConstraint,4,L1-dcache-load-misses:u,73878538
C,510a4bb,f7_n10000_bound_neutral,MakeConstraint,4,LLC-load-misses:u,
C,510a4bb,f7_n10000_bound_neutral,MakeConstraint,4,dTLB-load-misses:u,531952
C,510a4bb,f7_n10000_bound_neutral,MakeConstraint,4,page-faults:u,50741
C,510a4bb,f7_n10000_bound_neutral,MakeConstraint,4,elapsed_s,0.966615305
C,510a4bb,f7_n10000_bound_neutral,MakeConstraint,5,L1-dcache-load-misses:u,73926426
C,510a4bb,f7_n10000_bound_neutral,MakeConstraint,5,LLC-load-misses:u,
C,510a4bb,f7_n10000_bound_neutral,MakeConstraint,5,dTLB-load-misses:u,535777
C,510a4bb,f7_n10000_bound_neutral,MakeConstraint,5,page-faults:u,50740
C,510a4bb,f7_n10000_bound_neutral,MakeConstraint,5,elapsed_s,0.968506405
C,510a4bb,f7_n10000_bound_neutral,MakeParameter,1,L1-dcache-load-misses:u,73890306
C,510a4bb,f7_n10000_bound_neutral,MakeParameter,1,LLC-load-misses:u,
C,510a4bb,f7_n10000_bound_neutral,MakeParameter,1,dTLB-load-misses:u,516088
C,510a4bb,f7_n10000_bound_neutral,MakeParameter,1,page-faults:u,50741
C,510a4bb,f7_n10000_bound_neutral,MakeParameter,1,elapsed_s,1.335145016
C,510a4bb,f7_n10000_bound_neutral,MakeParameter,2,L1-dcache-load-misses:u,74040946
C,510a4bb,f7_n10000_bound_neutral,MakeParameter,2,LLC-load-misses:u,
C,510a4bb,f7_n10000_bound_neutral,MakeParameter,2,dTLB-load-misses:u,527608
C,510a4bb,f7_n10000_bound_neutral,MakeParameter,2,page-faults:u,50739
C,510a4bb,f7_n10000_bound_neutral,MakeParameter,2,elapsed_s,1.336584239
C,510a4bb,f7_n10000_bound_neutral,MakeParameter,3,L1-dcache-load-misses:u,73898056
C,510a4bb,f7_n10000_bound_neutral,MakeParameter,3,LLC-load-misses:u,
C,510a4bb,f7_n10000_bound_neutral,MakeParameter,3,dTLB-load-misses:u,533244
C,510a4bb,f7_n10000_bound_neutral,MakeParameter,3,page-faults:u,50742
C,510a4bb,f7_n10000_bound_neutral,MakeParameter,3,elapsed_s,1.335998651
C,510a4bb,f7_n10000_bound_neutral,MakeParameter,4,L1-dcache-load-misses:u,73895178
C,510a4bb,f7_n10000_bound_neutral,MakeParameter,4,LLC-load-misses:u,
C,510a4bb,f7_n10000_bound_neutral,MakeParameter,4,dTLB-load-misses:u,530974
C,510a4bb,f7_n10000_bound_neutral,MakeParameter,4,page-faults:u,50741
C,510a4bb,f7_n10000_bound_neutral,MakeParameter,4,elapsed_s,1.337561814
C,510a4bb,f7_n10000_bound_neutral,MakeParameter,5,L1-dcache-load-misses:u,74082557
C,510a4bb,f7_n10000_bound_neutral,MakeParameter,5,LLC-load-misses:u,
C,510a4bb,f7_n10000_bound_neutral,MakeParameter,5,dTLB-load-misses:u,530789
C,510a4bb,f7_n10000_bound_neutral,MakeParameter,5,page-faults:u,50738
C,510a4bb,f7_n10000_bound_neutral,MakeParameter,5,elapsed_s,1.335700933
C,510a4bb,f7_n10000_bound_neutral,RelaxBounds,1,L1-dcache-load-misses:u,74092481
C,510a4bb,f7_n10000_bound_neutral,RelaxBounds,1,LLC-load-misses:u,
C,510a4bb,f7_n10000_bound_neutral,RelaxBounds,1,dTLB-load-misses:u,587084
C,510a4bb,f7_n10000_bound_neutral,RelaxBounds,1,page-faults:u,50780
C,510a4bb,f7_n10000_bound_neutral,RelaxBounds,1,elapsed_s,0.960571444
C,510a4bb,f7_n10000_bound_neutral,RelaxBounds,2,L1-dcache-load-misses:u,73882435
C,510a4bb,f7_n10000_bound_neutral,RelaxBounds,2,LLC-load-misses:u,
C,510a4bb,f7_n10000_bound_neutral,RelaxBounds,2,dTLB-load-misses:u,532239
C,510a4bb,f7_n10000_bound_neutral,RelaxBounds,2,page-faults:u,50739
C,510a4bb,f7_n10000_bound_neutral,RelaxBounds,2,elapsed_s,0.959777767
C,510a4bb,f7_n10000_bound_neutral,RelaxBounds,3,L1-dcache-load-misses:u,73862149
C,510a4bb,f7_n10000_bound_neutral,RelaxBounds,3,LLC-load-misses:u,
C,510a4bb,f7_n10000_bound_neutral,RelaxBounds,3,dTLB-load-misses:u,532940
C,510a4bb,f7_n10000_bound_neutral,RelaxBounds,3,page-faults:u,50737
C,510a4bb,f7_n10000_bound_neutral,RelaxBounds,3,elapsed_s,0.96750202
C,510a4bb,f7_n10000_bound_neutral,RelaxBounds,4,L1-dcache-load-misses:u,73975370
C,510a4bb,f7_n10000_bound_neutral,RelaxBounds,4,LLC-load-misses:u,
C,510a4bb,f7_n10000_bound_neutral,RelaxBounds,4,dTLB-load-misses:u,534080
C,510a4bb,f7_n10000_bound_neutral,RelaxBounds,4,page-faults:u,50742
C,510a4bb,f7_n10000_bound_neutral,RelaxBounds,4,elapsed_s,0.968062628
C,510a4bb,f7_n10000_bound_neutral,RelaxBounds,5,L1-dcache-load-misses:u,73936375
C,510a4bb,f7_n10000_bound_neutral,RelaxBounds,5,LLC-load-misses:u,
C,510a4bb,f7_n10000_bound_neutral,RelaxBounds,5,dTLB-load-misses:u,530379
C,510a4bb,f7_n10000_bound_neutral,RelaxBounds,5,page-faults:u,50741
C,510a4bb,f7_n10000_bound_neutral,RelaxBounds,5,elapsed_s,0.966335066
C,510a4bb,f7_n1000_bound_physics,MakeConstraint,1,L1-dcache-load-misses:u,4828990
C,510a4bb,f7_n1000_bound_physics,MakeConstraint,1,LLC-load-misses:u,
C,510a4bb,f7_n1000_bound_physics,MakeConstraint,1,dTLB-load-misses:u,21450
C,510a4bb,f7_n1000_bound_physics,MakeConstraint,1,page-faults:u,5081
C,510a4bb,f7_n1000_bound_physics,MakeConstraint,1,elapsed_s,0.968962254
C,510a4bb,f7_n1000_bound_physics,MakeConstraint,2,L1-dcache-load-misses:u,4862783
C,510a4bb,f7_n1000_bound_physics,MakeConstraint,2,LLC-load-misses:u,
C,510a4bb,f7_n1000_bound_physics,MakeConstraint,2,dTLB-load-misses:u,21812
C,510a4bb,f7_n1000_bound_physics,MakeConstraint,2,page-faults:u,5082
C,510a4bb,f7_n1000_bound_physics,MakeConstraint,2,elapsed_s,0.969081743
C,510a4bb,f7_n1000_bound_physics,MakeConstraint,3,L1-dcache-load-misses:u,4918644
C,510a4bb,f7_n1000_bound_physics,MakeConstraint,3,LLC-load-misses:u,
C,510a4bb,f7_n1000_bound_physics,MakeConstraint,3,dTLB-load-misses:u,21586
C,510a4bb,f7_n1000_bound_physics,MakeConstraint,3,page-faults:u,5081
C,510a4bb,f7_n1000_bound_physics,MakeConstraint,3,elapsed_s,0.968849924
C,510a4bb,f7_n1000_bound_physics,MakeConstraint,4,L1-dcache-load-misses:u,4843963
C,510a4bb,f7_n1000_bound_physics,MakeConstraint,4,LLC-load-misses:u,
C,510a4bb,f7_n1000_bound_physics,MakeConstraint,4,dTLB-load-misses:u,21526
C,510a4bb,f7_n1000_bound_physics,MakeConstraint,4,page-faults:u,5080
C,510a4bb,f7_n1000_bound_physics,MakeConstraint,4,elapsed_s,0.96968654
C,510a4bb,f7_n1000_bound_physics,MakeConstraint,5,L1-dcache-load-misses:u,4857360
C,510a4bb,f7_n1000_bound_physics,MakeConstraint,5,LLC-load-misses:u,
C,510a4bb,f7_n1000_bound_physics,MakeConstraint,5,dTLB-load-misses:u,21677
C,510a4bb,f7_n1000_bound_physics,MakeConstraint,5,page-faults:u,5083
C,510a4bb,f7_n1000_bound_physics,MakeConstraint,5,elapsed_s,0.969207442
C,510a4bb,f7_n1000_bound_physics,MakeParameter,1,L1-dcache-load-misses:u,4837459
C,510a4bb,f7_n1000_bound_physics,MakeParameter,1,LLC-load-misses:u,
C,510a4bb,f7_n1000_bound_physics,MakeParameter,1,dTLB-load-misses:u,21933
C,510a4bb,f7_n1000_bound_physics,MakeParameter,1,page-faults:u,5083
C,510a4bb,f7_n1000_bound_physics,MakeParameter,1,elapsed_s,0.983804391
C,510a4bb,f7_n1000_bound_physics,MakeParameter,2,L1-dcache-load-misses:u,4851563
C,510a4bb,f7_n1000_bound_physics,MakeParameter,2,LLC-load-misses:u,
C,510a4bb,f7_n1000_bound_physics,MakeParameter,2,dTLB-load-misses:u,21571
C,510a4bb,f7_n1000_bound_physics,MakeParameter,2,page-faults:u,5081
C,510a4bb,f7_n1000_bound_physics,MakeParameter,2,elapsed_s,0.846545464
C,510a4bb,f7_n1000_bound_physics,MakeParameter,3,L1-dcache-load-misses:u,4851125
C,510a4bb,f7_n1000_bound_physics,MakeParameter,3,LLC-load-misses:u,
C,510a4bb,f7_n1000_bound_physics,MakeParameter,3,dTLB-load-misses:u,21527
C,510a4bb,f7_n1000_bound_physics,MakeParameter,3,page-faults:u,5083
C,510a4bb,f7_n1000_bound_physics,MakeParameter,3,elapsed_s,0.85150966
C,510a4bb,f7_n1000_bound_physics,MakeParameter,4,L1-dcache-load-misses:u,4839266
C,510a4bb,f7_n1000_bound_physics,MakeParameter,4,LLC-load-misses:u,
C,510a4bb,f7_n1000_bound_physics,MakeParameter,4,dTLB-load-misses:u,21648
C,510a4bb,f7_n1000_bound_physics,MakeParameter,4,page-faults:u,5084
C,510a4bb,f7_n1000_bound_physics,MakeParameter,4,elapsed_s,0.771570296
C,510a4bb,f7_n1000_bound_physics,MakeParameter,5,L1-dcache-load-misses:u,4878663
C,510a4bb,f7_n1000_bound_physics,MakeParameter,5,LLC-load-misses:u,
C,510a4bb,f7_n1000_bound_physics,MakeParameter,5,dTLB-load-misses:u,21401
C,510a4bb,f7_n1000_bound_physics,MakeParameter,5,page-faults:u,5084
C,510a4bb,f7_n1000_bound_physics,MakeParameter,5,elapsed_s,0.8558571
C,510a4bb,f7_n1000_bound_physics,RelaxBounds,1,L1-dcache-load-misses:u,4846141
C,510a4bb,f7_n1000_bound_physics,RelaxBounds,1,LLC-load-misses:u,
C,510a4bb,f7_n1000_bound_physics,RelaxBounds,1,dTLB-load-misses:u,21594
C,510a4bb,f7_n1000_bound_physics,RelaxBounds,1,page-faults:u,5083
C,510a4bb,f7_n1000_bound_physics,RelaxBounds,1,elapsed_s,0.970023498
C,510a4bb,f7_n1000_bound_physics,RelaxBounds,2,L1-dcache-load-misses:u,4842200
C,510a4bb,f7_n1000_bound_physics,RelaxBounds,2,LLC-load-misses:u,
C,510a4bb,f7_n1000_bound_physics,RelaxBounds,2,dTLB-load-misses:u,21345
C,510a4bb,f7_n1000_bound_physics,RelaxBounds,2,page-faults:u,5082
C,510a4bb,f7_n1000_bound_physics,RelaxBounds,2,elapsed_s,0.969285942
C,510a4bb,f7_n1000_bound_physics,RelaxBounds,3,L1-dcache-load-misses:u,4846873
C,510a4bb,f7_n1000_bound_physics,RelaxBounds,3,LLC-load-misses:u,
C,510a4bb,f7_n1000_bound_physics,RelaxBounds,3,dTLB-load-misses:u,21977
C,510a4bb,f7_n1000_bound_physics,RelaxBounds,3,page-faults:u,5081
C,510a4bb,f7_n1000_bound_physics,RelaxBounds,3,elapsed_s,0.969970488
C,510a4bb,f7_n1000_bound_physics,RelaxBounds,4,L1-dcache-load-misses:u,4841312
C,510a4bb,f7_n1000_bound_physics,RelaxBounds,4,LLC-load-misses:u,
C,510a4bb,f7_n1000_bound_physics,RelaxBounds,4,dTLB-load-misses:u,21313
C,510a4bb,f7_n1000_bound_physics,RelaxBounds,4,page-faults:u,5082
C,510a4bb,f7_n1000_bound_physics,RelaxBounds,4,elapsed_s,0.969213092
C,510a4bb,f7_n1000_bound_physics,RelaxBounds,5,L1-dcache-load-misses:u,4873259
C,510a4bb,f7_n1000_bound_physics,RelaxBounds,5,LLC-load-misses:u,
C,510a4bb,f7_n1000_bound_physics,RelaxBounds,5,dTLB-load-misses:u,21515
C,510a4bb,f7_n1000_bound_physics,RelaxBounds,5,page-faults:u,5080
C,510a4bb,f7_n1000_bound_physics,RelaxBounds,5,elapsed_s,0.969061162
C,510a4bb,f7_n20000_bound_neutral,MakeConstraint,1,L1-dcache-load-misses:u,149805332
C,510a4bb,f7_n20000_bound_neutral,MakeConstraint,1,LLC-load-misses:u,
C,510a4bb,f7_n20000_bound_neutral,MakeConstraint,1,dTLB-load-misses:u,1342289
C,510a4bb,f7_n20000_bound_neutral,MakeConstraint,1,page-faults:u,101325
C,510a4bb,f7_n20000_bound_neutral,MakeConstraint,1,elapsed_s,1.97035935
C,510a4bb,f7_n20000_bound_neutral,MakeConstraint,2,L1-dcache-load-misses:u,149833285
C,510a4bb,f7_n20000_bound_neutral,MakeConstraint,2,LLC-load-misses:u,
C,510a4bb,f7_n20000_bound_neutral,MakeConstraint,2,dTLB-load-misses:u,1333693
C,510a4bb,f7_n20000_bound_neutral,MakeConstraint,2,page-faults:u,101327
C,510a4bb,f7_n20000_bound_neutral,MakeConstraint,2,elapsed_s,1.967624753
C,510a4bb,f7_n20000_bound_neutral,MakeConstraint,3,L1-dcache-load-misses:u,149988389
C,510a4bb,f7_n20000_bound_neutral,MakeConstraint,3,LLC-load-misses:u,
C,510a4bb,f7_n20000_bound_neutral,MakeConstraint,3,dTLB-load-misses:u,1326477
C,510a4bb,f7_n20000_bound_neutral,MakeConstraint,3,page-faults:u,101325
C,510a4bb,f7_n20000_bound_neutral,MakeConstraint,3,elapsed_s,1.972583009
C,510a4bb,f7_n20000_bound_neutral,MakeConstraint,4,L1-dcache-load-misses:u,149702437
C,510a4bb,f7_n20000_bound_neutral,MakeConstraint,4,LLC-load-misses:u,
C,510a4bb,f7_n20000_bound_neutral,MakeConstraint,4,dTLB-load-misses:u,1340548
C,510a4bb,f7_n20000_bound_neutral,MakeConstraint,4,page-faults:u,101326
C,510a4bb,f7_n20000_bound_neutral,MakeConstraint,4,elapsed_s,1.961244754
C,510a4bb,f7_n20000_bound_neutral,MakeConstraint,5,L1-dcache-load-misses:u,149770142
C,510a4bb,f7_n20000_bound_neutral,MakeConstraint,5,LLC-load-misses:u,
C,510a4bb,f7_n20000_bound_neutral,MakeConstraint,5,dTLB-load-misses:u,1353667
C,510a4bb,f7_n20000_bound_neutral,MakeConstraint,5,page-faults:u,101323
C,510a4bb,f7_n20000_bound_neutral,MakeConstraint,5,elapsed_s,1.970207241
C,510a4bb,f7_n20000_bound_neutral,MakeParameter,1,L1-dcache-load-misses:u,149741789
C,510a4bb,f7_n20000_bound_neutral,MakeParameter,1,LLC-load-misses:u,
C,510a4bb,f7_n20000_bound_neutral,MakeParameter,1,dTLB-load-misses:u,1280084
C,510a4bb,f7_n20000_bound_neutral,MakeParameter,1,page-faults:u,101321
C,510a4bb,f7_n20000_bound_neutral,MakeParameter,1,elapsed_s,1.561928711
C,510a4bb,f7_n20000_bound_neutral,MakeParameter,2,L1-dcache-load-misses:u,149909917
C,510a4bb,f7_n20000_bound_neutral,MakeParameter,2,LLC-load-misses:u,
C,510a4bb,f7_n20000_bound_neutral,MakeParameter,2,dTLB-load-misses:u,1354149
C,510a4bb,f7_n20000_bound_neutral,MakeParameter,2,page-faults:u,101328
C,510a4bb,f7_n20000_bound_neutral,MakeParameter,2,elapsed_s,1.569528234
C,510a4bb,f7_n20000_bound_neutral,MakeParameter,3,L1-dcache-load-misses:u,149821617
C,510a4bb,f7_n20000_bound_neutral,MakeParameter,3,LLC-load-misses:u,
C,510a4bb,f7_n20000_bound_neutral,MakeParameter,3,dTLB-load-misses:u,1311927
C,510a4bb,f7_n20000_bound_neutral,MakeParameter,3,page-faults:u,101325
C,510a4bb,f7_n20000_bound_neutral,MakeParameter,3,elapsed_s,1.566227311
C,510a4bb,f7_n20000_bound_neutral,MakeParameter,4,L1-dcache-load-misses:u,163589754
C,510a4bb,f7_n20000_bound_neutral,MakeParameter,4,LLC-load-misses:u,
C,510a4bb,f7_n20000_bound_neutral,MakeParameter,4,dTLB-load-misses:u,1330395
C,510a4bb,f7_n20000_bound_neutral,MakeParameter,4,page-faults:u,101326
C,510a4bb,f7_n20000_bound_neutral,MakeParameter,4,elapsed_s,1.572181142
C,510a4bb,f7_n20000_bound_neutral,MakeParameter,5,L1-dcache-load-misses:u,149933471
C,510a4bb,f7_n20000_bound_neutral,MakeParameter,5,LLC-load-misses:u,
C,510a4bb,f7_n20000_bound_neutral,MakeParameter,5,dTLB-load-misses:u,1356236
C,510a4bb,f7_n20000_bound_neutral,MakeParameter,5,page-faults:u,101326
C,510a4bb,f7_n20000_bound_neutral,MakeParameter,5,elapsed_s,1.565429675
C,510a4bb,f7_n20000_bound_neutral,RelaxBounds,1,L1-dcache-load-misses:u,149988884
C,510a4bb,f7_n20000_bound_neutral,RelaxBounds,1,LLC-load-misses:u,
C,510a4bb,f7_n20000_bound_neutral,RelaxBounds,1,dTLB-load-misses:u,1295805
C,510a4bb,f7_n20000_bound_neutral,RelaxBounds,1,page-faults:u,101327
C,510a4bb,f7_n20000_bound_neutral,RelaxBounds,1,elapsed_s,1.970821908
C,510a4bb,f7_n20000_bound_neutral,RelaxBounds,2,L1-dcache-load-misses:u,149794992
C,510a4bb,f7_n20000_bound_neutral,RelaxBounds,2,LLC-load-misses:u,
C,510a4bb,f7_n20000_bound_neutral,RelaxBounds,2,dTLB-load-misses:u,1318676
C,510a4bb,f7_n20000_bound_neutral,RelaxBounds,2,page-faults:u,101326
C,510a4bb,f7_n20000_bound_neutral,RelaxBounds,2,elapsed_s,1.96838284
C,510a4bb,f7_n20000_bound_neutral,RelaxBounds,3,L1-dcache-load-misses:u,149962600
C,510a4bb,f7_n20000_bound_neutral,RelaxBounds,3,LLC-load-misses:u,
C,510a4bb,f7_n20000_bound_neutral,RelaxBounds,3,dTLB-load-misses:u,1343115
C,510a4bb,f7_n20000_bound_neutral,RelaxBounds,3,page-faults:u,101325
C,510a4bb,f7_n20000_bound_neutral,RelaxBounds,3,elapsed_s,1.968611669
C,510a4bb,f7_n20000_bound_neutral,RelaxBounds,4,L1-dcache-load-misses:u,149774894
C,510a4bb,f7_n20000_bound_neutral,RelaxBounds,4,LLC-load-misses:u,
C,510a4bb,f7_n20000_bound_neutral,RelaxBounds,4,dTLB-load-misses:u,1358072
C,510a4bb,f7_n20000_bound_neutral,RelaxBounds,4,page-faults:u,101326
C,510a4bb,f7_n20000_bound_neutral,RelaxBounds,4,elapsed_s,1.968844167
C,510a4bb,f7_n20000_bound_neutral,RelaxBounds,5,L1-dcache-load-misses:u,149750165
C,510a4bb,f7_n20000_bound_neutral,RelaxBounds,5,LLC-load-misses:u,
C,510a4bb,f7_n20000_bound_neutral,RelaxBounds,5,dTLB-load-misses:u,1282375
C,510a4bb,f7_n20000_bound_neutral,RelaxBounds,5,page-faults:u,101325
C,510a4bb,f7_n20000_bound_neutral,RelaxBounds,5,elapsed_s,1.967865982
C,510a4bb,f7_n5000_bound_physics,MakeConstraint,1,L1-dcache-load-misses:u,25423304
C,510a4bb,f7_n5000_bound_physics,MakeConstraint,1,LLC-load-misses:u,
C,510a4bb,f7_n5000_bound_physics,MakeConstraint,1,dTLB-load-misses:u,152971
C,510a4bb,f7_n5000_bound_physics,MakeConstraint,1,page-faults:u,24608
C,510a4bb,f7_n5000_bound_physics,MakeConstraint,1,elapsed_s,0.96744267
C,510a4bb,f7_n5000_bound_physics,MakeConstraint,2,L1-dcache-load-misses:u,25421640
C,510a4bb,f7_n5000_bound_physics,MakeConstraint,2,LLC-load-misses:u,
C,510a4bb,f7_n5000_bound_physics,MakeConstraint,2,dTLB-load-misses:u,153272
C,510a4bb,f7_n5000_bound_physics,MakeConstraint,2,page-faults:u,24609
C,510a4bb,f7_n5000_bound_physics,MakeConstraint,2,elapsed_s,0.966754574
C,510a4bb,f7_n5000_bound_physics,MakeConstraint,3,L1-dcache-load-misses:u,25423260
C,510a4bb,f7_n5000_bound_physics,MakeConstraint,3,LLC-load-misses:u,
C,510a4bb,f7_n5000_bound_physics,MakeConstraint,3,dTLB-load-misses:u,153606
C,510a4bb,f7_n5000_bound_physics,MakeConstraint,3,page-faults:u,24610
C,510a4bb,f7_n5000_bound_physics,MakeConstraint,3,elapsed_s,0.968639445
C,510a4bb,f7_n5000_bound_physics,MakeConstraint,4,L1-dcache-load-misses:u,25410480
C,510a4bb,f7_n5000_bound_physics,MakeConstraint,4,LLC-load-misses:u,
C,510a4bb,f7_n5000_bound_physics,MakeConstraint,4,dTLB-load-misses:u,152900
C,510a4bb,f7_n5000_bound_physics,MakeConstraint,4,page-faults:u,24609
C,510a4bb,f7_n5000_bound_physics,MakeConstraint,4,elapsed_s,0.968083127
C,510a4bb,f7_n5000_bound_physics,MakeConstraint,5,L1-dcache-load-misses:u,25456176
C,510a4bb,f7_n5000_bound_physics,MakeConstraint,5,LLC-load-misses:u,
C,510a4bb,f7_n5000_bound_physics,MakeConstraint,5,dTLB-load-misses:u,153233
C,510a4bb,f7_n5000_bound_physics,MakeConstraint,5,page-faults:u,24605
C,510a4bb,f7_n5000_bound_physics,MakeConstraint,5,elapsed_s,0.968232727
C,510a4bb,f7_n5000_bound_physics,MakeParameter,1,L1-dcache-load-misses:u,25374024
C,510a4bb,f7_n5000_bound_physics,MakeParameter,1,LLC-load-misses:u,
C,510a4bb,f7_n5000_bound_physics,MakeParameter,1,dTLB-load-misses:u,153538
C,510a4bb,f7_n5000_bound_physics,MakeParameter,1,page-faults:u,24606
C,510a4bb,f7_n5000_bound_physics,MakeParameter,1,elapsed_s,1.119854545
C,510a4bb,f7_n5000_bound_physics,MakeParameter,2,L1-dcache-load-misses:u,25410636
C,510a4bb,f7_n5000_bound_physics,MakeParameter,2,LLC-load-misses:u,
C,510a4bb,f7_n5000_bound_physics,MakeParameter,2,dTLB-load-misses:u,152624
C,510a4bb,f7_n5000_bound_physics,MakeParameter,2,page-faults:u,24608
C,510a4bb,f7_n5000_bound_physics,MakeParameter,2,elapsed_s,1.105644834
C,510a4bb,f7_n5000_bound_physics,MakeParameter,3,L1-dcache-load-misses:u,25394398
C,510a4bb,f7_n5000_bound_physics,MakeParameter,3,LLC-load-misses:u,
C,510a4bb,f7_n5000_bound_physics,MakeParameter,3,dTLB-load-misses:u,153287
C,510a4bb,f7_n5000_bound_physics,MakeParameter,3,page-faults:u,24610
C,510a4bb,f7_n5000_bound_physics,MakeParameter,3,elapsed_s,1.119248668
C,510a4bb,f7_n5000_bound_physics,MakeParameter,4,L1-dcache-load-misses:u,25404904
C,510a4bb,f7_n5000_bound_physics,MakeParameter,4,LLC-load-misses:u,
C,510a4bb,f7_n5000_bound_physics,MakeParameter,4,dTLB-load-misses:u,156205
C,510a4bb,f7_n5000_bound_physics,MakeParameter,4,page-faults:u,24609
C,510a4bb,f7_n5000_bound_physics,MakeParameter,4,elapsed_s,1.119619726
C,510a4bb,f7_n5000_bound_physics,MakeParameter,5,L1-dcache-load-misses:u,25518559
C,510a4bb,f7_n5000_bound_physics,MakeParameter,5,LLC-load-misses:u,
C,510a4bb,f7_n5000_bound_physics,MakeParameter,5,dTLB-load-misses:u,153911
C,510a4bb,f7_n5000_bound_physics,MakeParameter,5,page-faults:u,24608
C,510a4bb,f7_n5000_bound_physics,MakeParameter,5,elapsed_s,1.112092552
C,510a4bb,f7_n5000_bound_physics,RelaxBounds,1,L1-dcache-load-misses:u,25464075
C,510a4bb,f7_n5000_bound_physics,RelaxBounds,1,LLC-load-misses:u,
C,510a4bb,f7_n5000_bound_physics,RelaxBounds,1,dTLB-load-misses:u,153966
C,510a4bb,f7_n5000_bound_physics,RelaxBounds,1,page-faults:u,24608
C,510a4bb,f7_n5000_bound_physics,RelaxBounds,1,elapsed_s,0.968460016
C,510a4bb,f7_n5000_bound_physics,RelaxBounds,2,L1-dcache-load-misses:u,25443928
C,510a4bb,f7_n5000_bound_physics,RelaxBounds,2,LLC-load-misses:u,
C,510a4bb,f7_n5000_bound_physics,RelaxBounds,2,dTLB-load-misses:u,152683
C,510a4bb,f7_n5000_bound_physics,RelaxBounds,2,page-faults:u,24610
C,510a4bb,f7_n5000_bound_physics,RelaxBounds,2,elapsed_s,0.968125328
C,510a4bb,f7_n5000_bound_physics,RelaxBounds,3,L1-dcache-load-misses:u,25445043
C,510a4bb,f7_n5000_bound_physics,RelaxBounds,3,LLC-load-misses:u,
C,510a4bb,f7_n5000_bound_physics,RelaxBounds,3,dTLB-load-misses:u,154134
C,510a4bb,f7_n5000_bound_physics,RelaxBounds,3,page-faults:u,24606
C,510a4bb,f7_n5000_bound_physics,RelaxBounds,3,elapsed_s,0.962152506
C,510a4bb,f7_n5000_bound_physics,RelaxBounds,4,L1-dcache-load-misses:u,25401151
C,510a4bb,f7_n5000_bound_physics,RelaxBounds,4,LLC-load-misses:u,
C,510a4bb,f7_n5000_bound_physics,RelaxBounds,4,dTLB-load-misses:u,153870
C,510a4bb,f7_n5000_bound_physics,RelaxBounds,4,page-faults:u,24605
C,510a4bb,f7_n5000_bound_physics,RelaxBounds,4,elapsed_s,0.960135605
C,510a4bb,f7_n5000_bound_physics,RelaxBounds,5,L1-dcache-load-misses:u,25458424
C,510a4bb,f7_n5000_bound_physics,RelaxBounds,5,LLC-load-misses:u,
C,510a4bb,f7_n5000_bound_physics,RelaxBounds,5,dTLB-load-misses:u,153802
C,510a4bb,f7_n5000_bound_physics,RelaxBounds,5,page-faults:u,24609
C,510a4bb,f7_n5000_bound_physics,RelaxBounds,5,elapsed_s,0.964994112
C,9cebbbe,f7_n10000_bound_neutral,MakeConstraint,1,L1-dcache-load-misses:u,74353291
C,9cebbbe,f7_n10000_bound_neutral,MakeConstraint,1,LLC-load-misses:u,
C,9cebbbe,f7_n10000_bound_neutral,MakeConstraint,1,dTLB-load-misses:u,529790
C,9cebbbe,f7_n10000_bound_neutral,MakeConstraint,1,page-faults:u,50719
C,9cebbbe,f7_n10000_bound_neutral,MakeConstraint,1,elapsed_s,0.964492265
C,9cebbbe,f7_n10000_bound_neutral,MakeConstraint,2,L1-dcache-load-misses:u,74439913
C,9cebbbe,f7_n10000_bound_neutral,MakeConstraint,2,LLC-load-misses:u,
C,9cebbbe,f7_n10000_bound_neutral,MakeConstraint,2,dTLB-load-misses:u,538969
C,9cebbbe,f7_n10000_bound_neutral,MakeConstraint,2,page-faults:u,50717
C,9cebbbe,f7_n10000_bound_neutral,MakeConstraint,2,elapsed_s,0.965266851
C,9cebbbe,f7_n10000_bound_neutral,MakeConstraint,3,L1-dcache-load-misses:u,74247030
C,9cebbbe,f7_n10000_bound_neutral,MakeConstraint,3,LLC-load-misses:u,
C,9cebbbe,f7_n10000_bound_neutral,MakeConstraint,3,dTLB-load-misses:u,536713
C,9cebbbe,f7_n10000_bound_neutral,MakeConstraint,3,page-faults:u,50716
C,9cebbbe,f7_n10000_bound_neutral,MakeConstraint,3,elapsed_s,0.965720799
C,9cebbbe,f7_n10000_bound_neutral,MakeConstraint,4,L1-dcache-load-misses:u,74357228
C,9cebbbe,f7_n10000_bound_neutral,MakeConstraint,4,LLC-load-misses:u,
C,9cebbbe,f7_n10000_bound_neutral,MakeConstraint,4,dTLB-load-misses:u,528800
C,9cebbbe,f7_n10000_bound_neutral,MakeConstraint,4,page-faults:u,50714
C,9cebbbe,f7_n10000_bound_neutral,MakeConstraint,4,elapsed_s,0.96749544
C,9cebbbe,f7_n10000_bound_neutral,MakeConstraint,5,L1-dcache-load-misses:u,74325970
C,9cebbbe,f7_n10000_bound_neutral,MakeConstraint,5,LLC-load-misses:u,
C,9cebbbe,f7_n10000_bound_neutral,MakeConstraint,5,dTLB-load-misses:u,531351
C,9cebbbe,f7_n10000_bound_neutral,MakeConstraint,5,page-faults:u,50718
C,9cebbbe,f7_n10000_bound_neutral,MakeConstraint,5,elapsed_s,0.966865084
C,9cebbbe,f7_n10000_bound_neutral,MakeParameter,1,L1-dcache-load-misses:u,74698132
C,9cebbbe,f7_n10000_bound_neutral,MakeParameter,1,LLC-load-misses:u,
C,9cebbbe,f7_n10000_bound_neutral,MakeParameter,1,dTLB-load-misses:u,533047
C,9cebbbe,f7_n10000_bound_neutral,MakeParameter,1,page-faults:u,50716
C,9cebbbe,f7_n10000_bound_neutral,MakeParameter,1,elapsed_s,1.337213086
C,9cebbbe,f7_n10000_bound_neutral,MakeParameter,2,L1-dcache-load-misses:u,74464104
C,9cebbbe,f7_n10000_bound_neutral,MakeParameter,2,LLC-load-misses:u,
C,9cebbbe,f7_n10000_bound_neutral,MakeParameter,2,dTLB-load-misses:u,532915
C,9cebbbe,f7_n10000_bound_neutral,MakeParameter,2,page-faults:u,50717
C,9cebbbe,f7_n10000_bound_neutral,MakeParameter,2,elapsed_s,1.337787493
C,9cebbbe,f7_n10000_bound_neutral,MakeParameter,3,L1-dcache-load-misses:u,74526720
C,9cebbbe,f7_n10000_bound_neutral,MakeParameter,3,LLC-load-misses:u,
C,9cebbbe,f7_n10000_bound_neutral,MakeParameter,3,dTLB-load-misses:u,534972
C,9cebbbe,f7_n10000_bound_neutral,MakeParameter,3,page-faults:u,50716
C,9cebbbe,f7_n10000_bound_neutral,MakeParameter,3,elapsed_s,1.337103126
C,9cebbbe,f7_n10000_bound_neutral,MakeParameter,4,L1-dcache-load-misses:u,74616111
C,9cebbbe,f7_n10000_bound_neutral,MakeParameter,4,LLC-load-misses:u,
C,9cebbbe,f7_n10000_bound_neutral,MakeParameter,4,dTLB-load-misses:u,532050
C,9cebbbe,f7_n10000_bound_neutral,MakeParameter,4,page-faults:u,50713
C,9cebbbe,f7_n10000_bound_neutral,MakeParameter,4,elapsed_s,1.336920328
C,9cebbbe,f7_n10000_bound_neutral,MakeParameter,5,L1-dcache-load-misses:u,74352802
C,9cebbbe,f7_n10000_bound_neutral,MakeParameter,5,LLC-load-misses:u,
C,9cebbbe,f7_n10000_bound_neutral,MakeParameter,5,dTLB-load-misses:u,527738
C,9cebbbe,f7_n10000_bound_neutral,MakeParameter,5,page-faults:u,50716
C,9cebbbe,f7_n10000_bound_neutral,MakeParameter,5,elapsed_s,1.336061951
C,9cebbbe,f7_n10000_bound_neutral,RelaxBounds,1,L1-dcache-load-misses:u,74457366
C,9cebbbe,f7_n10000_bound_neutral,RelaxBounds,1,LLC-load-misses:u,
C,9cebbbe,f7_n10000_bound_neutral,RelaxBounds,1,dTLB-load-misses:u,530444
C,9cebbbe,f7_n10000_bound_neutral,RelaxBounds,1,page-faults:u,50717
C,9cebbbe,f7_n10000_bound_neutral,RelaxBounds,1,elapsed_s,0.968679535
C,9cebbbe,f7_n10000_bound_neutral,RelaxBounds,2,L1-dcache-load-misses:u,74307186
C,9cebbbe,f7_n10000_bound_neutral,RelaxBounds,2,LLC-load-misses:u,
C,9cebbbe,f7_n10000_bound_neutral,RelaxBounds,2,dTLB-load-misses:u,530946
C,9cebbbe,f7_n10000_bound_neutral,RelaxBounds,2,page-faults:u,50718
C,9cebbbe,f7_n10000_bound_neutral,RelaxBounds,2,elapsed_s,0.969310611
C,9cebbbe,f7_n10000_bound_neutral,RelaxBounds,3,L1-dcache-load-misses:u,74274856
C,9cebbbe,f7_n10000_bound_neutral,RelaxBounds,3,LLC-load-misses:u,
C,9cebbbe,f7_n10000_bound_neutral,RelaxBounds,3,dTLB-load-misses:u,531800
C,9cebbbe,f7_n10000_bound_neutral,RelaxBounds,3,page-faults:u,50712
C,9cebbbe,f7_n10000_bound_neutral,RelaxBounds,3,elapsed_s,0.958464154
C,9cebbbe,f7_n10000_bound_neutral,RelaxBounds,4,L1-dcache-load-misses:u,74226805
C,9cebbbe,f7_n10000_bound_neutral,RelaxBounds,4,LLC-load-misses:u,
C,9cebbbe,f7_n10000_bound_neutral,RelaxBounds,4,dTLB-load-misses:u,538767
C,9cebbbe,f7_n10000_bound_neutral,RelaxBounds,4,page-faults:u,50716
C,9cebbbe,f7_n10000_bound_neutral,RelaxBounds,4,elapsed_s,0.954585523
C,9cebbbe,f7_n10000_bound_neutral,RelaxBounds,5,L1-dcache-load-misses:u,74373942
C,9cebbbe,f7_n10000_bound_neutral,RelaxBounds,5,LLC-load-misses:u,
C,9cebbbe,f7_n10000_bound_neutral,RelaxBounds,5,dTLB-load-misses:u,534861
C,9cebbbe,f7_n10000_bound_neutral,RelaxBounds,5,page-faults:u,50714
C,9cebbbe,f7_n10000_bound_neutral,RelaxBounds,5,elapsed_s,0.968246466
C,9cebbbe,f7_n1000_bound_physics,MakeConstraint,1,L1-dcache-load-misses:u,4908182
C,9cebbbe,f7_n1000_bound_physics,MakeConstraint,1,LLC-load-misses:u,
C,9cebbbe,f7_n1000_bound_physics,MakeConstraint,1,dTLB-load-misses:u,21457
C,9cebbbe,f7_n1000_bound_physics,MakeConstraint,1,page-faults:u,5055
C,9cebbbe,f7_n1000_bound_physics,MakeConstraint,1,elapsed_s,0.96957095
C,9cebbbe,f7_n1000_bound_physics,MakeConstraint,2,L1-dcache-load-misses:u,4867303
C,9cebbbe,f7_n1000_bound_physics,MakeConstraint,2,LLC-load-misses:u,
C,9cebbbe,f7_n1000_bound_physics,MakeConstraint,2,dTLB-load-misses:u,21236
C,9cebbbe,f7_n1000_bound_physics,MakeConstraint,2,page-faults:u,5055
C,9cebbbe,f7_n1000_bound_physics,MakeConstraint,2,elapsed_s,0.969127862
C,9cebbbe,f7_n1000_bound_physics,MakeConstraint,3,L1-dcache-load-misses:u,4888198
C,9cebbbe,f7_n1000_bound_physics,MakeConstraint,3,LLC-load-misses:u,
C,9cebbbe,f7_n1000_bound_physics,MakeConstraint,3,dTLB-load-misses:u,21333
C,9cebbbe,f7_n1000_bound_physics,MakeConstraint,3,page-faults:u,5058
C,9cebbbe,f7_n1000_bound_physics,MakeConstraint,3,elapsed_s,0.969182183
C,9cebbbe,f7_n1000_bound_physics,MakeConstraint,4,L1-dcache-load-misses:u,4884183
C,9cebbbe,f7_n1000_bound_physics,MakeConstraint,4,LLC-load-misses:u,
C,9cebbbe,f7_n1000_bound_physics,MakeConstraint,4,dTLB-load-misses:u,21153
C,9cebbbe,f7_n1000_bound_physics,MakeConstraint,4,page-faults:u,5058
C,9cebbbe,f7_n1000_bound_physics,MakeConstraint,4,elapsed_s,0.969812219
C,9cebbbe,f7_n1000_bound_physics,MakeConstraint,5,L1-dcache-load-misses:u,4911521
C,9cebbbe,f7_n1000_bound_physics,MakeConstraint,5,LLC-load-misses:u,
C,9cebbbe,f7_n1000_bound_physics,MakeConstraint,5,dTLB-load-misses:u,21460
C,9cebbbe,f7_n1000_bound_physics,MakeConstraint,5,page-faults:u,5056
C,9cebbbe,f7_n1000_bound_physics,MakeConstraint,5,elapsed_s,0.968658715
C,9cebbbe,f7_n1000_bound_physics,MakeParameter,1,L1-dcache-load-misses:u,4869416
C,9cebbbe,f7_n1000_bound_physics,MakeParameter,1,LLC-load-misses:u,
C,9cebbbe,f7_n1000_bound_physics,MakeParameter,1,dTLB-load-misses:u,21106
C,9cebbbe,f7_n1000_bound_physics,MakeParameter,1,page-faults:u,5055
C,9cebbbe,f7_n1000_bound_physics,MakeParameter,1,elapsed_s,0.849841649
C,9cebbbe,f7_n1000_bound_physics,MakeParameter,2,L1-dcache-load-misses:u,4900281
C,9cebbbe,f7_n1000_bound_physics,MakeParameter,2,LLC-load-misses:u,
C,9cebbbe,f7_n1000_bound_physics,MakeParameter,2,dTLB-load-misses:u,21166
C,9cebbbe,f7_n1000_bound_physics,MakeParameter,2,page-faults:u,5055
C,9cebbbe,f7_n1000_bound_physics,MakeParameter,2,elapsed_s,0.772547081
C,9cebbbe,f7_n1000_bound_physics,MakeParameter,3,L1-dcache-load-misses:u,4928155
C,9cebbbe,f7_n1000_bound_physics,MakeParameter,3,LLC-load-misses:u,
C,9cebbbe,f7_n1000_bound_physics,MakeParameter,3,dTLB-load-misses:u,22152
C,9cebbbe,f7_n1000_bound_physics,MakeParameter,3,page-faults:u,5059
C,9cebbbe,f7_n1000_bound_physics,MakeParameter,3,elapsed_s,0.847913508
C,9cebbbe,f7_n1000_bound_physics,MakeParameter,4,L1-dcache-load-misses:u,4896903
C,9cebbbe,f7_n1000_bound_physics,MakeParameter,4,LLC-load-misses:u,
C,9cebbbe,f7_n1000_bound_physics,MakeParameter,4,dTLB-load-misses:u,21605
C,9cebbbe,f7_n1000_bound_physics,MakeParameter,4,page-faults:u,5057
C,9cebbbe,f7_n1000_bound_physics,MakeParameter,4,elapsed_s,0.849107922
C,9cebbbe,f7_n1000_bound_physics,MakeParameter,5,L1-dcache-load-misses:u,5033279
C,9cebbbe,f7_n1000_bound_physics,MakeParameter,5,LLC-load-misses:u,
C,9cebbbe,f7_n1000_bound_physics,MakeParameter,5,dTLB-load-misses:u,21423
C,9cebbbe,f7_n1000_bound_physics,MakeParameter,5,page-faults:u,5058
C,9cebbbe,f7_n1000_bound_physics,MakeParameter,5,elapsed_s,0.773131289
C,9cebbbe,f7_n1000_bound_physics,RelaxBounds,1,L1-dcache-load-misses:u,4889844
C,9cebbbe,f7_n1000_bound_physics,RelaxBounds,1,LLC-load-misses:u,
C,9cebbbe,f7_n1000_bound_physics,RelaxBounds,1,dTLB-load-misses:u,21794
C,9cebbbe,f7_n1000_bound_physics,RelaxBounds,1,page-faults:u,5058
C,9cebbbe,f7_n1000_bound_physics,RelaxBounds,1,elapsed_s,0.968820014
C,9cebbbe,f7_n1000_bound_physics,RelaxBounds,2,L1-dcache-load-misses:u,4886882
C,9cebbbe,f7_n1000_bound_physics,RelaxBounds,2,LLC-load-misses:u,
C,9cebbbe,f7_n1000_bound_physics,RelaxBounds,2,dTLB-load-misses:u,21520
C,9cebbbe,f7_n1000_bound_physics,RelaxBounds,2,page-faults:u,5059
C,9cebbbe,f7_n1000_bound_physics,RelaxBounds,2,elapsed_s,0.969905809
C,9cebbbe,f7_n1000_bound_physics,RelaxBounds,3,L1-dcache-load-misses:u,4896275
C,9cebbbe,f7_n1000_bound_physics,RelaxBounds,3,LLC-load-misses:u,
C,9cebbbe,f7_n1000_bound_physics,RelaxBounds,3,dTLB-load-misses:u,21280
C,9cebbbe,f7_n1000_bound_physics,RelaxBounds,3,page-faults:u,5053
C,9cebbbe,f7_n1000_bound_physics,RelaxBounds,3,elapsed_s,0.969513231
C,9cebbbe,f7_n1000_bound_physics,RelaxBounds,4,L1-dcache-load-misses:u,4912310
C,9cebbbe,f7_n1000_bound_physics,RelaxBounds,4,LLC-load-misses:u,
C,9cebbbe,f7_n1000_bound_physics,RelaxBounds,4,dTLB-load-misses:u,21405
C,9cebbbe,f7_n1000_bound_physics,RelaxBounds,4,page-faults:u,5058
C,9cebbbe,f7_n1000_bound_physics,RelaxBounds,4,elapsed_s,0.968970563
C,9cebbbe,f7_n1000_bound_physics,RelaxBounds,5,L1-dcache-load-misses:u,4884006
C,9cebbbe,f7_n1000_bound_physics,RelaxBounds,5,LLC-load-misses:u,
C,9cebbbe,f7_n1000_bound_physics,RelaxBounds,5,dTLB-load-misses:u,21799
C,9cebbbe,f7_n1000_bound_physics,RelaxBounds,5,page-faults:u,5057
C,9cebbbe,f7_n1000_bound_physics,RelaxBounds,5,elapsed_s,0.969426121
C,9cebbbe,f7_n20000_bound_neutral,MakeConstraint,1,L1-dcache-load-misses:u,150481092
C,9cebbbe,f7_n20000_bound_neutral,MakeConstraint,1,LLC-load-misses:u,
C,9cebbbe,f7_n20000_bound_neutral,MakeConstraint,1,dTLB-load-misses:u,1339938
C,9cebbbe,f7_n20000_bound_neutral,MakeConstraint,1,page-faults:u,101322
C,9cebbbe,f7_n20000_bound_neutral,MakeConstraint,1,elapsed_s,1.970964107
C,9cebbbe,f7_n20000_bound_neutral,MakeConstraint,2,L1-dcache-load-misses:u,159625894
C,9cebbbe,f7_n20000_bound_neutral,MakeConstraint,2,LLC-load-misses:u,
C,9cebbbe,f7_n20000_bound_neutral,MakeConstraint,2,dTLB-load-misses:u,1340900
C,9cebbbe,f7_n20000_bound_neutral,MakeConstraint,2,page-faults:u,101324
C,9cebbbe,f7_n20000_bound_neutral,MakeConstraint,2,elapsed_s,1.971782883
C,9cebbbe,f7_n20000_bound_neutral,MakeConstraint,3,L1-dcache-load-misses:u,150387597
C,9cebbbe,f7_n20000_bound_neutral,MakeConstraint,3,LLC-load-misses:u,
C,9cebbbe,f7_n20000_bound_neutral,MakeConstraint,3,dTLB-load-misses:u,1335981
C,9cebbbe,f7_n20000_bound_neutral,MakeConstraint,3,page-faults:u,101323
C,9cebbbe,f7_n20000_bound_neutral,MakeConstraint,3,elapsed_s,1.965520214
C,9cebbbe,f7_n20000_bound_neutral,MakeConstraint,4,L1-dcache-load-misses:u,151941522
C,9cebbbe,f7_n20000_bound_neutral,MakeConstraint,4,LLC-load-misses:u,
C,9cebbbe,f7_n20000_bound_neutral,MakeConstraint,4,dTLB-load-misses:u,1324977
C,9cebbbe,f7_n20000_bound_neutral,MakeConstraint,4,page-faults:u,101326
C,9cebbbe,f7_n20000_bound_neutral,MakeConstraint,4,elapsed_s,1.964569888
C,9cebbbe,f7_n20000_bound_neutral,MakeConstraint,5,L1-dcache-load-misses:u,150450668
C,9cebbbe,f7_n20000_bound_neutral,MakeConstraint,5,LLC-load-misses:u,
C,9cebbbe,f7_n20000_bound_neutral,MakeConstraint,5,dTLB-load-misses:u,1334677
C,9cebbbe,f7_n20000_bound_neutral,MakeConstraint,5,page-faults:u,101325
C,9cebbbe,f7_n20000_bound_neutral,MakeConstraint,5,elapsed_s,1.974135122
C,9cebbbe,f7_n20000_bound_neutral,MakeParameter,1,L1-dcache-load-misses:u,150311909
C,9cebbbe,f7_n20000_bound_neutral,MakeParameter,1,LLC-load-misses:u,
C,9cebbbe,f7_n20000_bound_neutral,MakeParameter,1,dTLB-load-misses:u,1322061
C,9cebbbe,f7_n20000_bound_neutral,MakeParameter,1,page-faults:u,101325
C,9cebbbe,f7_n20000_bound_neutral,MakeParameter,1,elapsed_s,1.566472339
C,9cebbbe,f7_n20000_bound_neutral,MakeParameter,2,L1-dcache-load-misses:u,150781133
C,9cebbbe,f7_n20000_bound_neutral,MakeParameter,2,LLC-load-misses:u,
C,9cebbbe,f7_n20000_bound_neutral,MakeParameter,2,dTLB-load-misses:u,1256464
C,9cebbbe,f7_n20000_bound_neutral,MakeParameter,2,page-faults:u,101325
C,9cebbbe,f7_n20000_bound_neutral,MakeParameter,2,elapsed_s,1.564982536
C,9cebbbe,f7_n20000_bound_neutral,MakeParameter,3,L1-dcache-load-misses:u,150536480
C,9cebbbe,f7_n20000_bound_neutral,MakeParameter,3,LLC-load-misses:u,
C,9cebbbe,f7_n20000_bound_neutral,MakeParameter,3,dTLB-load-misses:u,1259718
C,9cebbbe,f7_n20000_bound_neutral,MakeParameter,3,page-faults:u,101323
C,9cebbbe,f7_n20000_bound_neutral,MakeParameter,3,elapsed_s,1.568534229
C,9cebbbe,f7_n20000_bound_neutral,MakeParameter,4,L1-dcache-load-misses:u,150836866
C,9cebbbe,f7_n20000_bound_neutral,MakeParameter,4,LLC-load-misses:u,
C,9cebbbe,f7_n20000_bound_neutral,MakeParameter,4,dTLB-load-misses:u,1330993
C,9cebbbe,f7_n20000_bound_neutral,MakeParameter,4,page-faults:u,101322
C,9cebbbe,f7_n20000_bound_neutral,MakeParameter,4,elapsed_s,1.568470439
C,9cebbbe,f7_n20000_bound_neutral,MakeParameter,5,L1-dcache-load-misses:u,150747716
C,9cebbbe,f7_n20000_bound_neutral,MakeParameter,5,LLC-load-misses:u,
C,9cebbbe,f7_n20000_bound_neutral,MakeParameter,5,dTLB-load-misses:u,1289069
C,9cebbbe,f7_n20000_bound_neutral,MakeParameter,5,page-faults:u,101325
C,9cebbbe,f7_n20000_bound_neutral,MakeParameter,5,elapsed_s,1.566063671
C,9cebbbe,f7_n20000_bound_neutral,RelaxBounds,1,L1-dcache-load-misses:u,150432055
C,9cebbbe,f7_n20000_bound_neutral,RelaxBounds,1,LLC-load-misses:u,
C,9cebbbe,f7_n20000_bound_neutral,RelaxBounds,1,dTLB-load-misses:u,1344510
C,9cebbbe,f7_n20000_bound_neutral,RelaxBounds,1,page-faults:u,101325
C,9cebbbe,f7_n20000_bound_neutral,RelaxBounds,1,elapsed_s,1.964841807
C,9cebbbe,f7_n20000_bound_neutral,RelaxBounds,2,L1-dcache-load-misses:u,150522708
C,9cebbbe,f7_n20000_bound_neutral,RelaxBounds,2,LLC-load-misses:u,
C,9cebbbe,f7_n20000_bound_neutral,RelaxBounds,2,dTLB-load-misses:u,1339914
C,9cebbbe,f7_n20000_bound_neutral,RelaxBounds,2,page-faults:u,101325
C,9cebbbe,f7_n20000_bound_neutral,RelaxBounds,2,elapsed_s,1.967693053
C,9cebbbe,f7_n20000_bound_neutral,RelaxBounds,3,L1-dcache-load-misses:u,150401140
C,9cebbbe,f7_n20000_bound_neutral,RelaxBounds,3,LLC-load-misses:u,
C,9cebbbe,f7_n20000_bound_neutral,RelaxBounds,3,dTLB-load-misses:u,1330696
C,9cebbbe,f7_n20000_bound_neutral,RelaxBounds,3,page-faults:u,101323
C,9cebbbe,f7_n20000_bound_neutral,RelaxBounds,3,elapsed_s,1.970737138
C,9cebbbe,f7_n20000_bound_neutral,RelaxBounds,4,L1-dcache-load-misses:u,150422353
C,9cebbbe,f7_n20000_bound_neutral,RelaxBounds,4,LLC-load-misses:u,
C,9cebbbe,f7_n20000_bound_neutral,RelaxBounds,4,dTLB-load-misses:u,1334849
C,9cebbbe,f7_n20000_bound_neutral,RelaxBounds,4,page-faults:u,101323
C,9cebbbe,f7_n20000_bound_neutral,RelaxBounds,4,elapsed_s,1.968594759
C,9cebbbe,f7_n20000_bound_neutral,RelaxBounds,5,L1-dcache-load-misses:u,150168814
C,9cebbbe,f7_n20000_bound_neutral,RelaxBounds,5,LLC-load-misses:u,
C,9cebbbe,f7_n20000_bound_neutral,RelaxBounds,5,dTLB-load-misses:u,1335625
C,9cebbbe,f7_n20000_bound_neutral,RelaxBounds,5,page-faults:u,101322
C,9cebbbe,f7_n20000_bound_neutral,RelaxBounds,5,elapsed_s,1.965525373
C,9cebbbe,f7_n5000_bound_physics,MakeConstraint,1,L1-dcache-load-misses:u,25595945
C,9cebbbe,f7_n5000_bound_physics,MakeConstraint,1,LLC-load-misses:u,
C,9cebbbe,f7_n5000_bound_physics,MakeConstraint,1,dTLB-load-misses:u,153555
C,9cebbbe,f7_n5000_bound_physics,MakeConstraint,1,page-faults:u,24607
C,9cebbbe,f7_n5000_bound_physics,MakeConstraint,1,elapsed_s,0.968771154
C,9cebbbe,f7_n5000_bound_physics,MakeConstraint,2,L1-dcache-load-misses:u,25571066
C,9cebbbe,f7_n5000_bound_physics,MakeConstraint,2,LLC-load-misses:u,
C,9cebbbe,f7_n5000_bound_physics,MakeConstraint,2,dTLB-load-misses:u,153734
C,9cebbbe,f7_n5000_bound_physics,MakeConstraint,2,page-faults:u,24611
C,9cebbbe,f7_n5000_bound_physics,MakeConstraint,2,elapsed_s,0.968086218
C,9cebbbe,f7_n5000_bound_physics,MakeConstraint,3,L1-dcache-load-misses:u,25619468
C,9cebbbe,f7_n5000_bound_physics,MakeConstraint,3,LLC-load-misses:u,
C,9cebbbe,f7_n5000_bound_physics,MakeConstraint,3,dTLB-load-misses:u,154762
C,9cebbbe,f7_n5000_bound_physics,MakeConstraint,3,page-faults:u,24610
C,9cebbbe,f7_n5000_bound_physics,MakeConstraint,3,elapsed_s,0.969374941
C,9cebbbe,f7_n5000_bound_physics,MakeConstraint,4,L1-dcache-load-misses:u,25761098
C,9cebbbe,f7_n5000_bound_physics,MakeConstraint,4,LLC-load-misses:u,
C,9cebbbe,f7_n5000_bound_physics,MakeConstraint,4,dTLB-load-misses:u,154386
C,9cebbbe,f7_n5000_bound_physics,MakeConstraint,4,page-faults:u,24608
C,9cebbbe,f7_n5000_bound_physics,MakeConstraint,4,elapsed_s,0.968157458
C,9cebbbe,f7_n5000_bound_physics,MakeConstraint,5,L1-dcache-load-misses:u,25620717
C,9cebbbe,f7_n5000_bound_physics,MakeConstraint,5,LLC-load-misses:u,
C,9cebbbe,f7_n5000_bound_physics,MakeConstraint,5,dTLB-load-misses:u,153993
C,9cebbbe,f7_n5000_bound_physics,MakeConstraint,5,page-faults:u,24609
C,9cebbbe,f7_n5000_bound_physics,MakeConstraint,5,elapsed_s,0.968863314
C,9cebbbe,f7_n5000_bound_physics,MakeParameter,1,L1-dcache-load-misses:u,25682992
C,9cebbbe,f7_n5000_bound_physics,MakeParameter,1,LLC-load-misses:u,
C,9cebbbe,f7_n5000_bound_physics,MakeParameter,1,dTLB-load-misses:u,152431
C,9cebbbe,f7_n5000_bound_physics,MakeParameter,1,page-faults:u,24609
C,9cebbbe,f7_n5000_bound_physics,MakeParameter,1,elapsed_s,1.117896234
C,9cebbbe,f7_n5000_bound_physics,MakeParameter,2,L1-dcache-load-misses:u,25686361
C,9cebbbe,f7_n5000_bound_physics,MakeParameter,2,LLC-load-misses:u,
C,9cebbbe,f7_n5000_bound_physics,MakeParameter,2,dTLB-load-misses:u,153332
C,9cebbbe,f7_n5000_bound_physics,MakeParameter,2,page-faults:u,24606
C,9cebbbe,f7_n5000_bound_physics,MakeParameter,2,elapsed_s,1.109134416
C,9cebbbe,f7_n5000_bound_physics,MakeParameter,3,L1-dcache-load-misses:u,25529281
C,9cebbbe,f7_n5000_bound_physics,MakeParameter,3,LLC-load-misses:u,
C,9cebbbe,f7_n5000_bound_physics,MakeParameter,3,dTLB-load-misses:u,153935
C,9cebbbe,f7_n5000_bound_physics,MakeParameter,3,page-faults:u,24608
C,9cebbbe,f7_n5000_bound_physics,MakeParameter,3,elapsed_s,1.109744503
C,9cebbbe,f7_n5000_bound_physics,MakeParameter,4,L1-dcache-load-misses:u,25797820
C,9cebbbe,f7_n5000_bound_physics,MakeParameter,4,LLC-load-misses:u,
C,9cebbbe,f7_n5000_bound_physics,MakeParameter,4,dTLB-load-misses:u,153675
C,9cebbbe,f7_n5000_bound_physics,MakeParameter,4,page-faults:u,24606
C,9cebbbe,f7_n5000_bound_physics,MakeParameter,4,elapsed_s,1.120301423
C,9cebbbe,f7_n5000_bound_physics,MakeParameter,5,L1-dcache-load-misses:u,25606709
C,9cebbbe,f7_n5000_bound_physics,MakeParameter,5,LLC-load-misses:u,
C,9cebbbe,f7_n5000_bound_physics,MakeParameter,5,dTLB-load-misses:u,154566
C,9cebbbe,f7_n5000_bound_physics,MakeParameter,5,page-faults:u,24610
C,9cebbbe,f7_n5000_bound_physics,MakeParameter,5,elapsed_s,1.120139893
C,9cebbbe,f7_n5000_bound_physics,RelaxBounds,1,L1-dcache-load-misses:u,25618090
C,9cebbbe,f7_n5000_bound_physics,RelaxBounds,1,LLC-load-misses:u,
C,9cebbbe,f7_n5000_bound_physics,RelaxBounds,1,dTLB-load-misses:u,152917
C,9cebbbe,f7_n5000_bound_physics,RelaxBounds,1,page-faults:u,24609
C,9cebbbe,f7_n5000_bound_physics,RelaxBounds,1,elapsed_s,0.953593587
C,9cebbbe,f7_n5000_bound_physics,RelaxBounds,2,L1-dcache-load-misses:u,25543919
C,9cebbbe,f7_n5000_bound_physics,RelaxBounds,2,LLC-load-misses:u,
C,9cebbbe,f7_n5000_bound_physics,RelaxBounds,2,dTLB-load-misses:u,153413
C,9cebbbe,f7_n5000_bound_physics,RelaxBounds,2,page-faults:u,24607
C,9cebbbe,f7_n5000_bound_physics,RelaxBounds,2,elapsed_s,0.968775994
C,9cebbbe,f7_n5000_bound_physics,RelaxBounds,3,L1-dcache-load-misses:u,25623629
C,9cebbbe,f7_n5000_bound_physics,RelaxBounds,3,LLC-load-misses:u,
C,9cebbbe,f7_n5000_bound_physics,RelaxBounds,3,dTLB-load-misses:u,155079
C,9cebbbe,f7_n5000_bound_physics,RelaxBounds,3,page-faults:u,24606
C,9cebbbe,f7_n5000_bound_physics,RelaxBounds,3,elapsed_s,0.96744938
C,9cebbbe,f7_n5000_bound_physics,RelaxBounds,4,L1-dcache-load-misses:u,25582460
C,9cebbbe,f7_n5000_bound_physics,RelaxBounds,4,LLC-load-misses:u,
C,9cebbbe,f7_n5000_bound_physics,RelaxBounds,4,dTLB-load-misses:u,153016
C,9cebbbe,f7_n5000_bound_physics,RelaxBounds,4,page-faults:u,24609
C,9cebbbe,f7_n5000_bound_physics,RelaxBounds,4,elapsed_s,0.970172577
C,9cebbbe,f7_n5000_bound_physics,RelaxBounds,5,L1-dcache-load-misses:u,25532947
C,9cebbbe,f7_n5000_bound_physics,RelaxBounds,5,LLC-load-misses:u,
C,9cebbbe,f7_n5000_bound_physics,RelaxBounds,5,dTLB-load-misses:u,153902
C,9cebbbe,f7_n5000_bound_physics,RelaxBounds,5,page-faults:u,24610
C,9cebbbe,f7_n5000_bound_physics,RelaxBounds,5,elapsed_s,0.955957526
C,control,f7_n10000_bound_neutral,MakeConstraint,1,L1-dcache-load-misses:u,74278522
C,control,f7_n10000_bound_neutral,MakeConstraint,1,LLC-load-misses:u,
C,control,f7_n10000_bound_neutral,MakeConstraint,1,dTLB-load-misses:u,529496
C,control,f7_n10000_bound_neutral,MakeConstraint,1,page-faults:u,50739
C,control,f7_n10000_bound_neutral,MakeConstraint,1,elapsed_s,0.967685569
C,control,f7_n10000_bound_neutral,MakeConstraint,2,L1-dcache-load-misses:u,73933652
C,control,f7_n10000_bound_neutral,MakeConstraint,2,LLC-load-misses:u,
C,control,f7_n10000_bound_neutral,MakeConstraint,2,dTLB-load-misses:u,531752
C,control,f7_n10000_bound_neutral,MakeConstraint,2,page-faults:u,50742
C,control,f7_n10000_bound_neutral,MakeConstraint,2,elapsed_s,0.966931063
C,control,f7_n10000_bound_neutral,MakeConstraint,3,L1-dcache-load-misses:u,73819203
C,control,f7_n10000_bound_neutral,MakeConstraint,3,LLC-load-misses:u,
C,control,f7_n10000_bound_neutral,MakeConstraint,3,dTLB-load-misses:u,528167
C,control,f7_n10000_bound_neutral,MakeConstraint,3,page-faults:u,50741
C,control,f7_n10000_bound_neutral,MakeConstraint,3,elapsed_s,0.965148822
C,control,f7_n10000_bound_neutral,MakeConstraint,4,L1-dcache-load-misses:u,73899955
C,control,f7_n10000_bound_neutral,MakeConstraint,4,LLC-load-misses:u,
C,control,f7_n10000_bound_neutral,MakeConstraint,4,dTLB-load-misses:u,540241
C,control,f7_n10000_bound_neutral,MakeConstraint,4,page-faults:u,50739
C,control,f7_n10000_bound_neutral,MakeConstraint,4,elapsed_s,0.963152991
C,control,f7_n10000_bound_neutral,MakeConstraint,5,L1-dcache-load-misses:u,73771573
C,control,f7_n10000_bound_neutral,MakeConstraint,5,LLC-load-misses:u,
C,control,f7_n10000_bound_neutral,MakeConstraint,5,dTLB-load-misses:u,538232
C,control,f7_n10000_bound_neutral,MakeConstraint,5,page-faults:u,50739
C,control,f7_n10000_bound_neutral,MakeConstraint,5,elapsed_s,0.968476596
C,control,f7_n10000_bound_neutral,MakeParameter,1,L1-dcache-load-misses:u,73991331
C,control,f7_n10000_bound_neutral,MakeParameter,1,LLC-load-misses:u,
C,control,f7_n10000_bound_neutral,MakeParameter,1,dTLB-load-misses:u,534651
C,control,f7_n10000_bound_neutral,MakeParameter,1,page-faults:u,50741
C,control,f7_n10000_bound_neutral,MakeParameter,1,elapsed_s,1.335708493
C,control,f7_n10000_bound_neutral,MakeParameter,2,L1-dcache-load-misses:u,73832767
C,control,f7_n10000_bound_neutral,MakeParameter,2,LLC-load-misses:u,
C,control,f7_n10000_bound_neutral,MakeParameter,2,dTLB-load-misses:u,535023
C,control,f7_n10000_bound_neutral,MakeParameter,2,page-faults:u,50742
C,control,f7_n10000_bound_neutral,MakeParameter,2,elapsed_s,1.335047387
C,control,f7_n10000_bound_neutral,MakeParameter,3,L1-dcache-load-misses:u,74331964
C,control,f7_n10000_bound_neutral,MakeParameter,3,LLC-load-misses:u,
C,control,f7_n10000_bound_neutral,MakeParameter,3,dTLB-load-misses:u,531494
C,control,f7_n10000_bound_neutral,MakeParameter,3,page-faults:u,50741
C,control,f7_n10000_bound_neutral,MakeParameter,3,elapsed_s,1.338007542
C,control,f7_n10000_bound_neutral,MakeParameter,4,L1-dcache-load-misses:u,73926362
C,control,f7_n10000_bound_neutral,MakeParameter,4,LLC-load-misses:u,
C,control,f7_n10000_bound_neutral,MakeParameter,4,dTLB-load-misses:u,530130
C,control,f7_n10000_bound_neutral,MakeParameter,4,page-faults:u,50742
C,control,f7_n10000_bound_neutral,MakeParameter,4,elapsed_s,1.340779849
C,control,f7_n10000_bound_neutral,MakeParameter,5,L1-dcache-load-misses:u,73829552
C,control,f7_n10000_bound_neutral,MakeParameter,5,LLC-load-misses:u,
C,control,f7_n10000_bound_neutral,MakeParameter,5,dTLB-load-misses:u,529590
C,control,f7_n10000_bound_neutral,MakeParameter,5,page-faults:u,50739
C,control,f7_n10000_bound_neutral,MakeParameter,5,elapsed_s,1.335377125
C,control,f7_n10000_bound_neutral,RelaxBounds,1,L1-dcache-load-misses:u,73850579
C,control,f7_n10000_bound_neutral,RelaxBounds,1,LLC-load-misses:u,
C,control,f7_n10000_bound_neutral,RelaxBounds,1,dTLB-load-misses:u,533815
C,control,f7_n10000_bound_neutral,RelaxBounds,1,page-faults:u,50742
C,control,f7_n10000_bound_neutral,RelaxBounds,1,elapsed_s,0.958819262
C,control,f7_n10000_bound_neutral,RelaxBounds,2,L1-dcache-load-misses:u,74025043
C,control,f7_n10000_bound_neutral,RelaxBounds,2,LLC-load-misses:u,
C,control,f7_n10000_bound_neutral,RelaxBounds,2,dTLB-load-misses:u,530594
C,control,f7_n10000_bound_neutral,RelaxBounds,2,page-faults:u,50741
C,control,f7_n10000_bound_neutral,RelaxBounds,2,elapsed_s,0.969065953
C,control,f7_n10000_bound_neutral,RelaxBounds,3,L1-dcache-load-misses:u,73752684
C,control,f7_n10000_bound_neutral,RelaxBounds,3,LLC-load-misses:u,
C,control,f7_n10000_bound_neutral,RelaxBounds,3,dTLB-load-misses:u,528694
C,control,f7_n10000_bound_neutral,RelaxBounds,3,page-faults:u,50738
C,control,f7_n10000_bound_neutral,RelaxBounds,3,elapsed_s,0.968690264
C,control,f7_n10000_bound_neutral,RelaxBounds,4,L1-dcache-load-misses:u,73896530
C,control,f7_n10000_bound_neutral,RelaxBounds,4,LLC-load-misses:u,
C,control,f7_n10000_bound_neutral,RelaxBounds,4,dTLB-load-misses:u,531269
C,control,f7_n10000_bound_neutral,RelaxBounds,4,page-faults:u,50738
C,control,f7_n10000_bound_neutral,RelaxBounds,4,elapsed_s,0.96747046
C,control,f7_n10000_bound_neutral,RelaxBounds,5,L1-dcache-load-misses:u,73823881
C,control,f7_n10000_bound_neutral,RelaxBounds,5,LLC-load-misses:u,
C,control,f7_n10000_bound_neutral,RelaxBounds,5,dTLB-load-misses:u,530640
C,control,f7_n10000_bound_neutral,RelaxBounds,5,page-faults:u,50741
C,control,f7_n10000_bound_neutral,RelaxBounds,5,elapsed_s,0.95919342
C,control,f7_n1000_bound_physics,MakeConstraint,1,L1-dcache-load-misses:u,4851636
C,control,f7_n1000_bound_physics,MakeConstraint,1,LLC-load-misses:u,
C,control,f7_n1000_bound_physics,MakeConstraint,1,dTLB-load-misses:u,21227
C,control,f7_n1000_bound_physics,MakeConstraint,1,page-faults:u,5082
C,control,f7_n1000_bound_physics,MakeConstraint,1,elapsed_s,0.969531491
C,control,f7_n1000_bound_physics,MakeConstraint,2,L1-dcache-load-misses:u,4876767
C,control,f7_n1000_bound_physics,MakeConstraint,2,LLC-load-misses:u,
C,control,f7_n1000_bound_physics,MakeConstraint,2,dTLB-load-misses:u,21853
C,control,f7_n1000_bound_physics,MakeConstraint,2,page-faults:u,5083
C,control,f7_n1000_bound_physics,MakeConstraint,2,elapsed_s,0.969102882
C,control,f7_n1000_bound_physics,MakeConstraint,3,L1-dcache-load-misses:u,4855232
C,control,f7_n1000_bound_physics,MakeConstraint,3,LLC-load-misses:u,
C,control,f7_n1000_bound_physics,MakeConstraint,3,dTLB-load-misses:u,21669
C,control,f7_n1000_bound_physics,MakeConstraint,3,page-faults:u,5079
C,control,f7_n1000_bound_physics,MakeConstraint,3,elapsed_s,0.969250292
C,control,f7_n1000_bound_physics,MakeConstraint,4,L1-dcache-load-misses:u,4839351
C,control,f7_n1000_bound_physics,MakeConstraint,4,LLC-load-misses:u,
C,control,f7_n1000_bound_physics,MakeConstraint,4,dTLB-load-misses:u,21198
C,control,f7_n1000_bound_physics,MakeConstraint,4,page-faults:u,5082
C,control,f7_n1000_bound_physics,MakeConstraint,4,elapsed_s,0.969347331
C,control,f7_n1000_bound_physics,MakeConstraint,5,L1-dcache-load-misses:u,4850825
C,control,f7_n1000_bound_physics,MakeConstraint,5,LLC-load-misses:u,
C,control,f7_n1000_bound_physics,MakeConstraint,5,dTLB-load-misses:u,21664
C,control,f7_n1000_bound_physics,MakeConstraint,5,page-faults:u,5078
C,control,f7_n1000_bound_physics,MakeConstraint,5,elapsed_s,0.968947873
C,control,f7_n1000_bound_physics,MakeParameter,1,L1-dcache-load-misses:u,4874901
C,control,f7_n1000_bound_physics,MakeParameter,1,LLC-load-misses:u,
C,control,f7_n1000_bound_physics,MakeParameter,1,dTLB-load-misses:u,21558
C,control,f7_n1000_bound_physics,MakeParameter,1,page-faults:u,5080
C,control,f7_n1000_bound_physics,MakeParameter,1,elapsed_s,0.852282597
C,control,f7_n1000_bound_physics,MakeParameter,2,L1-dcache-load-misses:u,4839335
C,control,f7_n1000_bound_physics,MakeParameter,2,LLC-load-misses:u,
C,control,f7_n1000_bound_physics,MakeParameter,2,dTLB-load-misses:u,21795
C,control,f7_n1000_bound_physics,MakeParameter,2,page-faults:u,5083
C,control,f7_n1000_bound_physics,MakeParameter,2,elapsed_s,0.847799578
C,control,f7_n1000_bound_physics,MakeParameter,3,L1-dcache-load-misses:u,4835539
C,control,f7_n1000_bound_physics,MakeParameter,3,LLC-load-misses:u,
C,control,f7_n1000_bound_physics,MakeParameter,3,dTLB-load-misses:u,21791
C,control,f7_n1000_bound_physics,MakeParameter,3,page-faults:u,5079
C,control,f7_n1000_bound_physics,MakeParameter,3,elapsed_s,0.774378542
C,control,f7_n1000_bound_physics,MakeParameter,4,L1-dcache-load-misses:u,4867823
C,control,f7_n1000_bound_physics,MakeParameter,4,LLC-load-misses:u,
C,control,f7_n1000_bound_physics,MakeParameter,4,dTLB-load-misses:u,22015
C,control,f7_n1000_bound_physics,MakeParameter,4,page-faults:u,5082
C,control,f7_n1000_bound_physics,MakeParameter,4,elapsed_s,0.85142681
C,control,f7_n1000_bound_physics,MakeParameter,5,L1-dcache-load-misses:u,4893453
C,control,f7_n1000_bound_physics,MakeParameter,5,LLC-load-misses:u,
C,control,f7_n1000_bound_physics,MakeParameter,5,dTLB-load-misses:u,22961
C,control,f7_n1000_bound_physics,MakeParameter,5,page-faults:u,5082
C,control,f7_n1000_bound_physics,MakeParameter,5,elapsed_s,0.848629495
C,control,f7_n1000_bound_physics,RelaxBounds,1,L1-dcache-load-misses:u,4835126
C,control,f7_n1000_bound_physics,RelaxBounds,1,LLC-load-misses:u,
C,control,f7_n1000_bound_physics,RelaxBounds,1,dTLB-load-misses:u,21639
C,control,f7_n1000_bound_physics,RelaxBounds,1,page-faults:u,5083
C,control,f7_n1000_bound_physics,RelaxBounds,1,elapsed_s,0.969450831
C,control,f7_n1000_bound_physics,RelaxBounds,2,L1-dcache-load-misses:u,4835402
C,control,f7_n1000_bound_physics,RelaxBounds,2,LLC-load-misses:u,
C,control,f7_n1000_bound_physics,RelaxBounds,2,dTLB-load-misses:u,21507
C,control,f7_n1000_bound_physics,RelaxBounds,2,page-faults:u,5081
C,control,f7_n1000_bound_physics,RelaxBounds,2,elapsed_s,0.968794894
C,control,f7_n1000_bound_physics,RelaxBounds,3,L1-dcache-load-misses:u,4861442
C,control,f7_n1000_bound_physics,RelaxBounds,3,LLC-load-misses:u,
C,control,f7_n1000_bound_physics,RelaxBounds,3,dTLB-load-misses:u,21656
C,control,f7_n1000_bound_physics,RelaxBounds,3,page-faults:u,5082
C,control,f7_n1000_bound_physics,RelaxBounds,3,elapsed_s,0.969454671
C,control,f7_n1000_bound_physics,RelaxBounds,4,L1-dcache-load-misses:u,4856231
C,control,f7_n1000_bound_physics,RelaxBounds,4,LLC-load-misses:u,
C,control,f7_n1000_bound_physics,RelaxBounds,4,dTLB-load-misses:u,21601
C,control,f7_n1000_bound_physics,RelaxBounds,4,page-faults:u,5082
C,control,f7_n1000_bound_physics,RelaxBounds,4,elapsed_s,0.969449711
C,control,f7_n1000_bound_physics,RelaxBounds,5,L1-dcache-load-misses:u,4841673
C,control,f7_n1000_bound_physics,RelaxBounds,5,LLC-load-misses:u,
C,control,f7_n1000_bound_physics,RelaxBounds,5,dTLB-load-misses:u,21461
C,control,f7_n1000_bound_physics,RelaxBounds,5,page-faults:u,5083
C,control,f7_n1000_bound_physics,RelaxBounds,5,elapsed_s,0.96954527
C,control,f7_n20000_bound_neutral,MakeConstraint,1,L1-dcache-load-misses:u,149772701
C,control,f7_n20000_bound_neutral,MakeConstraint,1,LLC-load-misses:u,
C,control,f7_n20000_bound_neutral,MakeConstraint,1,dTLB-load-misses:u,1347776
C,control,f7_n20000_bound_neutral,MakeConstraint,1,page-faults:u,101326
C,control,f7_n20000_bound_neutral,MakeConstraint,1,elapsed_s,1.964396449
C,control,f7_n20000_bound_neutral,MakeConstraint,2,L1-dcache-load-misses:u,149786896
C,control,f7_n20000_bound_neutral,MakeConstraint,2,LLC-load-misses:u,
C,control,f7_n20000_bound_neutral,MakeConstraint,2,dTLB-load-misses:u,1361225
C,control,f7_n20000_bound_neutral,MakeConstraint,2,page-faults:u,101326
C,control,f7_n20000_bound_neutral,MakeConstraint,2,elapsed_s,1.96819038
C,control,f7_n20000_bound_neutral,MakeConstraint,3,L1-dcache-load-misses:u,152471052
C,control,f7_n20000_bound_neutral,MakeConstraint,3,LLC-load-misses:u,
C,control,f7_n20000_bound_neutral,MakeConstraint,3,dTLB-load-misses:u,1346332
C,control,f7_n20000_bound_neutral,MakeConstraint,3,page-faults:u,101326
C,control,f7_n20000_bound_neutral,MakeConstraint,3,elapsed_s,1.976151292
C,control,f7_n20000_bound_neutral,MakeConstraint,4,L1-dcache-load-misses:u,149716317
C,control,f7_n20000_bound_neutral,MakeConstraint,4,LLC-load-misses:u,
C,control,f7_n20000_bound_neutral,MakeConstraint,4,dTLB-load-misses:u,1341493
C,control,f7_n20000_bound_neutral,MakeConstraint,4,page-faults:u,101324
C,control,f7_n20000_bound_neutral,MakeConstraint,4,elapsed_s,1.965968331
C,control,f7_n20000_bound_neutral,MakeConstraint,5,L1-dcache-load-misses:u,149617032
C,control,f7_n20000_bound_neutral,MakeConstraint,5,LLC-load-misses:u,
C,control,f7_n20000_bound_neutral,MakeConstraint,5,dTLB-load-misses:u,1353262
C,control,f7_n20000_bound_neutral,MakeConstraint,5,page-faults:u,101326
C,control,f7_n20000_bound_neutral,MakeConstraint,5,elapsed_s,1.968627659
C,control,f7_n20000_bound_neutral,MakeParameter,1,L1-dcache-load-misses:u,149902963
C,control,f7_n20000_bound_neutral,MakeParameter,1,LLC-load-misses:u,
C,control,f7_n20000_bound_neutral,MakeParameter,1,dTLB-load-misses:u,1314821
C,control,f7_n20000_bound_neutral,MakeParameter,1,page-faults:u,101327
C,control,f7_n20000_bound_neutral,MakeParameter,1,elapsed_s,1.572322881
C,control,f7_n20000_bound_neutral,MakeParameter,2,L1-dcache-load-misses:u,149929637
C,control,f7_n20000_bound_neutral,MakeParameter,2,LLC-load-misses:u,
C,control,f7_n20000_bound_neutral,MakeParameter,2,dTLB-load-misses:u,1270012
C,control,f7_n20000_bound_neutral,MakeParameter,2,page-faults:u,101327
C,control,f7_n20000_bound_neutral,MakeParameter,2,elapsed_s,1.565071586
C,control,f7_n20000_bound_neutral,MakeParameter,3,L1-dcache-load-misses:u,149641690
C,control,f7_n20000_bound_neutral,MakeParameter,3,LLC-load-misses:u,
C,control,f7_n20000_bound_neutral,MakeParameter,3,dTLB-load-misses:u,1336819
C,control,f7_n20000_bound_neutral,MakeParameter,3,page-faults:u,101327
C,control,f7_n20000_bound_neutral,MakeParameter,3,elapsed_s,1.566194791
C,control,f7_n20000_bound_neutral,MakeParameter,4,L1-dcache-load-misses:u,149615032
C,control,f7_n20000_bound_neutral,MakeParameter,4,LLC-load-misses:u,
C,control,f7_n20000_bound_neutral,MakeParameter,4,dTLB-load-misses:u,1267942
C,control,f7_n20000_bound_neutral,MakeParameter,4,page-faults:u,101324
C,control,f7_n20000_bound_neutral,MakeParameter,4,elapsed_s,1.568944848
C,control,f7_n20000_bound_neutral,MakeParameter,5,L1-dcache-load-misses:u,149735141
C,control,f7_n20000_bound_neutral,MakeParameter,5,LLC-load-misses:u,
C,control,f7_n20000_bound_neutral,MakeParameter,5,dTLB-load-misses:u,1345915
C,control,f7_n20000_bound_neutral,MakeParameter,5,page-faults:u,101326
C,control,f7_n20000_bound_neutral,MakeParameter,5,elapsed_s,1.563842622
C,control,f7_n20000_bound_neutral,RelaxBounds,1,L1-dcache-load-misses:u,149787775
C,control,f7_n20000_bound_neutral,RelaxBounds,1,LLC-load-misses:u,
C,control,f7_n20000_bound_neutral,RelaxBounds,1,dTLB-load-misses:u,1297609
C,control,f7_n20000_bound_neutral,RelaxBounds,1,page-faults:u,101326
C,control,f7_n20000_bound_neutral,RelaxBounds,1,elapsed_s,1.968657198
C,control,f7_n20000_bound_neutral,RelaxBounds,2,L1-dcache-load-misses:u,149732907
C,control,f7_n20000_bound_neutral,RelaxBounds,2,LLC-load-misses:u,
C,control,f7_n20000_bound_neutral,RelaxBounds,2,dTLB-load-misses:u,1337714
C,control,f7_n20000_bound_neutral,RelaxBounds,2,page-faults:u,101327
C,control,f7_n20000_bound_neutral,RelaxBounds,2,elapsed_s,1.972841058
C,control,f7_n20000_bound_neutral,RelaxBounds,3,L1-dcache-load-misses:u,149809470
C,control,f7_n20000_bound_neutral,RelaxBounds,3,LLC-load-misses:u,
C,control,f7_n20000_bound_neutral,RelaxBounds,3,dTLB-load-misses:u,1342582
C,control,f7_n20000_bound_neutral,RelaxBounds,3,page-faults:u,101325
C,control,f7_n20000_bound_neutral,RelaxBounds,3,elapsed_s,1.96198655
C,control,f7_n20000_bound_neutral,RelaxBounds,4,L1-dcache-load-misses:u,149709588
C,control,f7_n20000_bound_neutral,RelaxBounds,4,LLC-load-misses:u,
C,control,f7_n20000_bound_neutral,RelaxBounds,4,dTLB-load-misses:u,1350613
C,control,f7_n20000_bound_neutral,RelaxBounds,4,page-faults:u,101324
C,control,f7_n20000_bound_neutral,RelaxBounds,4,elapsed_s,1.970909257
C,control,f7_n20000_bound_neutral,RelaxBounds,5,L1-dcache-load-misses:u,149638086
C,control,f7_n20000_bound_neutral,RelaxBounds,5,LLC-load-misses:u,
C,control,f7_n20000_bound_neutral,RelaxBounds,5,dTLB-load-misses:u,1354238
C,control,f7_n20000_bound_neutral,RelaxBounds,5,page-faults:u,101326
C,control,f7_n20000_bound_neutral,RelaxBounds,5,elapsed_s,1.96838089
C,control,f7_n5000_bound_physics,MakeConstraint,1,L1-dcache-load-misses:u,25365944
C,control,f7_n5000_bound_physics,MakeConstraint,1,LLC-load-misses:u,
C,control,f7_n5000_bound_physics,MakeConstraint,1,dTLB-load-misses:u,155313
C,control,f7_n5000_bound_physics,MakeConstraint,1,page-faults:u,24609
C,control,f7_n5000_bound_physics,MakeConstraint,1,elapsed_s,0.969118402
C,control,f7_n5000_bound_physics,MakeConstraint,2,L1-dcache-load-misses:u,25343075
C,control,f7_n5000_bound_physics,MakeConstraint,2,LLC-load-misses:u,
C,control,f7_n5000_bound_physics,MakeConstraint,2,dTLB-load-misses:u,153100
C,control,f7_n5000_bound_physics,MakeConstraint,2,page-faults:u,24610
C,control,f7_n5000_bound_physics,MakeConstraint,2,elapsed_s,0.968102798
C,control,f7_n5000_bound_physics,MakeConstraint,3,L1-dcache-load-misses:u,25356001
C,control,f7_n5000_bound_physics,MakeConstraint,3,LLC-load-misses:u,
C,control,f7_n5000_bound_physics,MakeConstraint,3,dTLB-load-misses:u,153175
C,control,f7_n5000_bound_physics,MakeConstraint,3,page-faults:u,24606
C,control,f7_n5000_bound_physics,MakeConstraint,3,elapsed_s,0.968658755
C,control,f7_n5000_bound_physics,MakeConstraint,4,L1-dcache-load-misses:u,25427453
C,control,f7_n5000_bound_physics,MakeConstraint,4,LLC-load-misses:u,
C,control,f7_n5000_bound_physics,MakeConstraint,4,dTLB-load-misses:u,154011
C,control,f7_n5000_bound_physics,MakeConstraint,4,page-faults:u,24604
C,control,f7_n5000_bound_physics,MakeConstraint,4,elapsed_s,0.966673095
C,control,f7_n5000_bound_physics,MakeConstraint,5,L1-dcache-load-misses:u,25379881
C,control,f7_n5000_bound_physics,MakeConstraint,5,LLC-load-misses:u,
C,control,f7_n5000_bound_physics,MakeConstraint,5,dTLB-load-misses:u,152942
C,control,f7_n5000_bound_physics,MakeConstraint,5,page-faults:u,24608
C,control,f7_n5000_bound_physics,MakeConstraint,5,elapsed_s,0.967814799
C,control,f7_n5000_bound_physics,MakeParameter,1,L1-dcache-load-misses:u,25416326
C,control,f7_n5000_bound_physics,MakeParameter,1,LLC-load-misses:u,
C,control,f7_n5000_bound_physics,MakeParameter,1,dTLB-load-misses:u,153666
C,control,f7_n5000_bound_physics,MakeParameter,1,page-faults:u,24609
C,control,f7_n5000_bound_physics,MakeParameter,1,elapsed_s,1.118358282
C,control,f7_n5000_bound_physics,MakeParameter,2,L1-dcache-load-misses:u,25533051
C,control,f7_n5000_bound_physics,MakeParameter,2,LLC-load-misses:u,
C,control,f7_n5000_bound_physics,MakeParameter,2,dTLB-load-misses:u,153954
C,control,f7_n5000_bound_physics,MakeParameter,2,page-faults:u,24607
C,control,f7_n5000_bound_physics,MakeParameter,2,elapsed_s,1.120123384
C,control,f7_n5000_bound_physics,MakeParameter,3,L1-dcache-load-misses:u,25386337
C,control,f7_n5000_bound_physics,MakeParameter,3,LLC-load-misses:u,
C,control,f7_n5000_bound_physics,MakeParameter,3,dTLB-load-misses:u,153155
C,control,f7_n5000_bound_physics,MakeParameter,3,page-faults:u,24608
C,control,f7_n5000_bound_physics,MakeParameter,3,elapsed_s,1.109811083
C,control,f7_n5000_bound_physics,MakeParameter,4,L1-dcache-load-misses:u,25738288
C,control,f7_n5000_bound_physics,MakeParameter,4,LLC-load-misses:u,
C,control,f7_n5000_bound_physics,MakeParameter,4,dTLB-load-misses:u,153389
C,control,f7_n5000_bound_physics,MakeParameter,4,page-faults:u,24608
C,control,f7_n5000_bound_physics,MakeParameter,4,elapsed_s,1.109467315
C,control,f7_n5000_bound_physics,MakeParameter,5,L1-dcache-load-misses:u,25523374
C,control,f7_n5000_bound_physics,MakeParameter,5,LLC-load-misses:u,
C,control,f7_n5000_bound_physics,MakeParameter,5,dTLB-load-misses:u,154947
C,control,f7_n5000_bound_physics,MakeParameter,5,page-faults:u,24607
C,control,f7_n5000_bound_physics,MakeParameter,5,elapsed_s,1.106796038
C,control,f7_n5000_bound_physics,RelaxBounds,1,L1-dcache-load-misses:u,25364428
C,control,f7_n5000_bound_physics,RelaxBounds,1,LLC-load-misses:u,
C,control,f7_n5000_bound_physics,RelaxBounds,1,dTLB-load-misses:u,153959
C,control,f7_n5000_bound_physics,RelaxBounds,1,page-faults:u,24610
C,control,f7_n5000_bound_physics,RelaxBounds,1,elapsed_s,0.967353411
C,control,f7_n5000_bound_physics,RelaxBounds,2,L1-dcache-load-misses:u,25362228
C,control,f7_n5000_bound_physics,RelaxBounds,2,LLC-load-misses:u,
C,control,f7_n5000_bound_physics,RelaxBounds,2,dTLB-load-misses:u,153563
C,control,f7_n5000_bound_physics,RelaxBounds,2,page-faults:u,24606
C,control,f7_n5000_bound_physics,RelaxBounds,2,elapsed_s,0.962818513
C,control,f7_n5000_bound_physics,RelaxBounds,3,L1-dcache-load-misses:u,25413132
C,control,f7_n5000_bound_physics,RelaxBounds,3,LLC-load-misses:u,
C,control,f7_n5000_bound_physics,RelaxBounds,3,dTLB-load-misses:u,152837
C,control,f7_n5000_bound_physics,RelaxBounds,3,page-faults:u,24608
C,control,f7_n5000_bound_physics,RelaxBounds,3,elapsed_s,0.953988875
C,control,f7_n5000_bound_physics,RelaxBounds,4,L1-dcache-load-misses:u,25383394
C,control,f7_n5000_bound_physics,RelaxBounds,4,LLC-load-misses:u,
C,control,f7_n5000_bound_physics,RelaxBounds,4,dTLB-load-misses:u,156173
C,control,f7_n5000_bound_physics,RelaxBounds,4,page-faults:u,24608
C,control,f7_n5000_bound_physics,RelaxBounds,4,elapsed_s,0.968381236
C,control,f7_n5000_bound_physics,RelaxBounds,5,L1-dcache-load-misses:u,26273480
C,control,f7_n5000_bound_physics,RelaxBounds,5,LLC-load-misses:u,
C,control,f7_n5000_bound_physics,RelaxBounds,5,dTLB-load-misses:u,154290
C,control,f7_n5000_bound_physics,RelaxBounds,5,page-faults:u,24609
C,control,f7_n5000_bound_physics,RelaxBounds,5,elapsed_s,0.969059553
S,510a4bb,hs071_x1_fixed,MakeConstraint,1,instructions:u,4620787313
S,510a4bb,hs071_x1_fixed,MakeConstraint,1,branches:u,1340941474
S,510a4bb,hs071_x1_fixed,MakeConstraint,1,cycles:u,3246892818
S,510a4bb,hs071_x1_fixed,MakeConstraint,1,branch-misses:u,44477
S,510a4bb,hs071_x1_fixed,MakeConstraint,1,L1-icache-load-misses:u,4313
S,510a4bb,hs071_x1_fixed,MakeConstraint,1,elapsed_s,0.968360856
S,510a4bb,hs071_x1_fixed,MakeConstraint,2,instructions:u,4574562103
S,510a4bb,hs071_x1_fixed,MakeConstraint,2,branches:u,1327521084
S,510a4bb,hs071_x1_fixed,MakeConstraint,2,cycles:u,3216234358
S,510a4bb,hs071_x1_fixed,MakeConstraint,2,branch-misses:u,44670
S,510a4bb,hs071_x1_fixed,MakeConstraint,2,L1-icache-load-misses:u,4183
S,510a4bb,hs071_x1_fixed,MakeConstraint,2,elapsed_s,0.958055326
S,510a4bb,hs071_x1_fixed,MakeConstraint,3,instructions:u,4612073406
S,510a4bb,hs071_x1_fixed,MakeConstraint,3,branches:u,1338411689
S,510a4bb,hs071_x1_fixed,MakeConstraint,3,cycles:u,3240299472
S,510a4bb,hs071_x1_fixed,MakeConstraint,3,branch-misses:u,44633
S,510a4bb,hs071_x1_fixed,MakeConstraint,3,L1-icache-load-misses:u,4256
S,510a4bb,hs071_x1_fixed,MakeConstraint,3,elapsed_s,0.968227887
S,510a4bb,hs071_x1_fixed,MakeConstraint,4,instructions:u,4615593061
S,510a4bb,hs071_x1_fixed,MakeConstraint,4,branches:u,1339433449
S,510a4bb,hs071_x1_fixed,MakeConstraint,4,cycles:u,3244907107
S,510a4bb,hs071_x1_fixed,MakeConstraint,4,branch-misses:u,44723
S,510a4bb,hs071_x1_fixed,MakeConstraint,4,L1-icache-load-misses:u,4122
S,510a4bb,hs071_x1_fixed,MakeConstraint,4,elapsed_s,0.969327272
S,510a4bb,hs071_x1_fixed,MakeConstraint,5,instructions:u,4619342744
S,510a4bb,hs071_x1_fixed,MakeConstraint,5,branches:u,1340522086
S,510a4bb,hs071_x1_fixed,MakeConstraint,5,cycles:u,3246103613
S,510a4bb,hs071_x1_fixed,MakeConstraint,5,branch-misses:u,44275
S,510a4bb,hs071_x1_fixed,MakeConstraint,5,L1-icache-load-misses:u,4264
S,510a4bb,hs071_x1_fixed,MakeConstraint,5,elapsed_s,0.969520891
S,510a4bb,hs071_x1_fixed,MakeParameter,1,instructions:u,3241091971
S,510a4bb,hs071_x1_fixed,MakeParameter,1,branches:u,940394266
S,510a4bb,hs071_x1_fixed,MakeParameter,1,cycles:u,2277608265
S,510a4bb,hs071_x1_fixed,MakeParameter,1,branch-misses:u,44679
S,510a4bb,hs071_x1_fixed,MakeParameter,1,L1-icache-load-misses:u,4490
S,510a4bb,hs071_x1_fixed,MakeParameter,1,elapsed_s,0.679130682
S,510a4bb,hs071_x1_fixed,MakeParameter,2,instructions:u,4610076318
S,510a4bb,hs071_x1_fixed,MakeParameter,2,branches:u,1337841328
S,510a4bb,hs071_x1_fixed,MakeParameter,2,cycles:u,3242468791
S,510a4bb,hs071_x1_fixed,MakeParameter,2,branch-misses:u,44702
S,510a4bb,hs071_x1_fixed,MakeParameter,2,L1-icache-load-misses:u,4481
S,510a4bb,hs071_x1_fixed,MakeParameter,2,elapsed_s,0.968729675
S,510a4bb,hs071_x1_fixed,MakeParameter,3,instructions:u,4587633162
S,510a4bb,hs071_x1_fixed,MakeParameter,3,branches:u,1331325569
S,510a4bb,hs071_x1_fixed,MakeParameter,3,cycles:u,3224860610
S,510a4bb,hs071_x1_fixed,MakeParameter,3,branch-misses:u,44530
S,510a4bb,hs071_x1_fixed,MakeParameter,3,L1-icache-load-misses:u,4260
S,510a4bb,hs071_x1_fixed,MakeParameter,3,elapsed_s,0.967485121
S,510a4bb,hs071_x1_fixed,MakeParameter,4,instructions:u,4245397636
S,510a4bb,hs071_x1_fixed,MakeParameter,4,branches:u,1231966804
S,510a4bb,hs071_x1_fixed,MakeParameter,4,cycles:u,2984086678
S,510a4bb,hs071_x1_fixed,MakeParameter,4,branch-misses:u,44455
S,510a4bb,hs071_x1_fixed,MakeParameter,4,L1-icache-load-misses:u,4266
S,510a4bb,hs071_x1_fixed,MakeParameter,4,elapsed_s,0.891830096
S,510a4bb,hs071_x1_fixed,MakeParameter,5,instructions:u,4549538940
S,510a4bb,hs071_x1_fixed,MakeParameter,5,branches:u,1320265911
S,510a4bb,hs071_x1_fixed,MakeParameter,5,cycles:u,3196588096
S,510a4bb,hs071_x1_fixed,MakeParameter,5,branch-misses:u,44552
S,510a4bb,hs071_x1_fixed,MakeParameter,5,L1-icache-load-misses:u,4292
S,510a4bb,hs071_x1_fixed,MakeParameter,5,elapsed_s,0.952077654
S,510a4bb,hs071_x1_fixed,RelaxBounds,1,instructions:u,4618363137
S,510a4bb,hs071_x1_fixed,RelaxBounds,1,branches:u,1340232684
S,510a4bb,hs071_x1_fixed,RelaxBounds,1,cycles:u,3245273109
S,510a4bb,hs071_x1_fixed,RelaxBounds,1,branch-misses:u,45002
S,510a4bb,hs071_x1_fixed,RelaxBounds,1,L1-icache-load-misses:u,4733
S,510a4bb,hs071_x1_fixed,RelaxBounds,1,elapsed_s,0.969429361
S,510a4bb,hs071_x1_fixed,RelaxBounds,2,instructions:u,4618579255
S,510a4bb,hs071_x1_fixed,RelaxBounds,2,branches:u,1340295517
S,510a4bb,hs071_x1_fixed,RelaxBounds,2,cycles:u,3245568835
S,510a4bb,hs071_x1_fixed,RelaxBounds,2,branch-misses:u,44710
S,510a4bb,hs071_x1_fixed,RelaxBounds,2,L1-icache-load-misses:u,4437
S,510a4bb,hs071_x1_fixed,RelaxBounds,2,elapsed_s,0.96954344
S,510a4bb,hs071_x1_fixed,RelaxBounds,3,instructions:u,4617910835
S,510a4bb,hs071_x1_fixed,RelaxBounds,3,branches:u,1340101372
S,510a4bb,hs071_x1_fixed,RelaxBounds,3,cycles:u,3246335349
S,510a4bb,hs071_x1_fixed,RelaxBounds,3,branch-misses:u,44998
S,510a4bb,hs071_x1_fixed,RelaxBounds,3,L1-icache-load-misses:u,4519
S,510a4bb,hs071_x1_fixed,RelaxBounds,3,elapsed_s,0.969689759
S,510a4bb,hs071_x1_fixed,RelaxBounds,4,instructions:u,4594941831
S,510a4bb,hs071_x1_fixed,RelaxBounds,4,branches:u,1333432947
S,510a4bb,hs071_x1_fixed,RelaxBounds,4,cycles:u,3242637886
S,510a4bb,hs071_x1_fixed,RelaxBounds,4,branch-misses:u,44735
S,510a4bb,hs071_x1_fixed,RelaxBounds,4,L1-icache-load-misses:u,4437
S,510a4bb,hs071_x1_fixed,RelaxBounds,4,elapsed_s,0.968777234
S,510a4bb,hs071_x1_fixed,RelaxBounds,5,instructions:u,4619738191
S,510a4bb,hs071_x1_fixed,RelaxBounds,5,branches:u,1340631885
S,510a4bb,hs071_x1_fixed,RelaxBounds,5,cycles:u,3247655559
S,510a4bb,hs071_x1_fixed,RelaxBounds,5,branch-misses:u,44864
S,510a4bb,hs071_x1_fixed,RelaxBounds,5,L1-icache-load-misses:u,4420
S,510a4bb,hs071_x1_fixed,RelaxBounds,5,elapsed_s,0.970121198
S,9cebbbe,hs071_x1_fixed,MakeConstraint,1,instructions:u,3901816805
S,9cebbbe,hs071_x1_fixed,MakeConstraint,1,branches:u,1132206972
S,9cebbbe,hs071_x1_fixed,MakeConstraint,1,cycles:u,3245348954
S,9cebbbe,hs071_x1_fixed,MakeConstraint,1,branch-misses:u,45183
S,9cebbbe,hs071_x1_fixed,MakeConstraint,1,L1-icache-load-misses:u,4330
S,9cebbbe,hs071_x1_fixed,MakeConstraint,1,elapsed_s,0.969355191
S,9cebbbe,hs071_x1_fixed,MakeConstraint,2,instructions:u,3906566159
S,9cebbbe,hs071_x1_fixed,MakeConstraint,2,branches:u,1133585814
S,9cebbbe,hs071_x1_fixed,MakeConstraint,2,cycles:u,3248927838
S,9cebbbe,hs071_x1_fixed,MakeConstraint,2,branch-misses:u,45253
S,9cebbbe,hs071_x1_fixed,MakeConstraint,2,L1-icache-load-misses:u,4349
S,9cebbbe,hs071_x1_fixed,MakeConstraint,2,elapsed_s,0.970451296
S,9cebbbe,hs071_x1_fixed,MakeConstraint,3,instructions:u,3904031112
S,9cebbbe,hs071_x1_fixed,MakeConstraint,3,branches:u,1132849839
S,9cebbbe,hs071_x1_fixed,MakeConstraint,3,cycles:u,3246087489
S,9cebbbe,hs071_x1_fixed,MakeConstraint,3,branch-misses:u,45399
S,9cebbbe,hs071_x1_fixed,MakeConstraint,3,L1-icache-load-misses:u,4550
S,9cebbbe,hs071_x1_fixed,MakeConstraint,3,elapsed_s,0.96961671
S,9cebbbe,hs071_x1_fixed,MakeConstraint,4,instructions:u,3873185954
S,9cebbbe,hs071_x1_fixed,MakeConstraint,4,branches:u,1123894882
S,9cebbbe,hs071_x1_fixed,MakeConstraint,4,cycles:u,3234418106
S,9cebbbe,hs071_x1_fixed,MakeConstraint,4,branch-misses:u,45370
S,9cebbbe,hs071_x1_fixed,MakeConstraint,4,L1-icache-load-misses:u,3998
S,9cebbbe,hs071_x1_fixed,MakeConstraint,4,elapsed_s,0.966979453
S,9cebbbe,hs071_x1_fixed,MakeConstraint,5,instructions:u,3898595820
S,9cebbbe,hs071_x1_fixed,MakeConstraint,5,branches:u,1131271849
S,9cebbbe,hs071_x1_fixed,MakeConstraint,5,cycles:u,3242311318
S,9cebbbe,hs071_x1_fixed,MakeConstraint,5,branch-misses:u,45062
S,9cebbbe,hs071_x1_fixed,MakeConstraint,5,L1-icache-load-misses:u,4430
S,9cebbbe,hs071_x1_fixed,MakeConstraint,5,elapsed_s,0.968471575
S,9cebbbe,hs071_x1_fixed,MakeParameter,1,instructions:u,3899964473
S,9cebbbe,hs071_x1_fixed,MakeParameter,1,branches:u,1131678740
S,9cebbbe,hs071_x1_fixed,MakeParameter,1,cycles:u,3244055126
S,9cebbbe,hs071_x1_fixed,MakeParameter,1,branch-misses:u,45015
S,9cebbbe,hs071_x1_fixed,MakeParameter,1,L1-icache-load-misses:u,4489
S,9cebbbe,hs071_x1_fixed,MakeParameter,1,elapsed_s,0.969097473
S,9cebbbe,hs071_x1_fixed,MakeParameter,2,instructions:u,3579951858
S,9cebbbe,hs071_x1_fixed,MakeParameter,2,branches:u,1038771795
S,9cebbbe,hs071_x1_fixed,MakeParameter,2,cycles:u,2977511462
S,9cebbbe,hs071_x1_fixed,MakeParameter,2,branch-misses:u,44866
S,9cebbbe,hs071_x1_fixed,MakeParameter,2,L1-icache-load-misses:u,4505
S,9cebbbe,hs071_x1_fixed,MakeParameter,2,elapsed_s,0.889702556
S,9cebbbe,hs071_x1_fixed,MakeParameter,3,instructions:u,3871503029
S,9cebbbe,hs071_x1_fixed,MakeParameter,3,branches:u,1123415743
S,9cebbbe,hs071_x1_fixed,MakeParameter,3,cycles:u,3220231052
S,9cebbbe,hs071_x1_fixed,MakeParameter,3,branch-misses:u,44719
S,9cebbbe,hs071_x1_fixed,MakeParameter,3,L1-icache-load-misses:u,4484
S,9cebbbe,hs071_x1_fixed,MakeParameter,3,elapsed_s,0.959047481
S,9cebbbe,hs071_x1_fixed,MakeParameter,4,instructions:u,3899177898
S,9cebbbe,hs071_x1_fixed,MakeParameter,4,branches:u,1131450379
S,9cebbbe,hs071_x1_fixed,MakeParameter,4,cycles:u,3243221363
S,9cebbbe,hs071_x1_fixed,MakeParameter,4,branch-misses:u,45247
S,9cebbbe,hs071_x1_fixed,MakeParameter,4,L1-icache-load-misses:u,4360
S,9cebbbe,hs071_x1_fixed,MakeParameter,4,elapsed_s,0.968890173
S,9cebbbe,hs071_x1_fixed,MakeParameter,5,instructions:u,3554907410
S,9cebbbe,hs071_x1_fixed,MakeParameter,5,branches:u,1031500825
S,9cebbbe,hs071_x1_fixed,MakeParameter,5,cycles:u,2960791639
S,9cebbbe,hs071_x1_fixed,MakeParameter,5,branch-misses:u,44851
S,9cebbbe,hs071_x1_fixed,MakeParameter,5,L1-icache-load-misses:u,4513
S,9cebbbe,hs071_x1_fixed,MakeParameter,5,elapsed_s,0.882272161
S,9cebbbe,hs071_x1_fixed,RelaxBounds,1,instructions:u,3902326071
S,9cebbbe,hs071_x1_fixed,RelaxBounds,1,branches:u,1132349790
S,9cebbbe,hs071_x1_fixed,RelaxBounds,1,cycles:u,3246260431
S,9cebbbe,hs071_x1_fixed,RelaxBounds,1,branch-misses:u,45191
S,9cebbbe,hs071_x1_fixed,RelaxBounds,1,L1-icache-load-misses:u,4877
S,9cebbbe,hs071_x1_fixed,RelaxBounds,1,elapsed_s,0.969865269
S,9cebbbe,hs071_x1_fixed,RelaxBounds,2,instructions:u,3903640473
S,9cebbbe,hs071_x1_fixed,RelaxBounds,2,branches:u,1132731562
S,9cebbbe,hs071_x1_fixed,RelaxBounds,2,cycles:u,3246426169
S,9cebbbe,hs071_x1_fixed,RelaxBounds,2,branch-misses:u,45300
S,9cebbbe,hs071_x1_fixed,RelaxBounds,2,L1-icache-load-misses:u,4658
S,9cebbbe,hs071_x1_fixed,RelaxBounds,2,elapsed_s,0.969970418
S,9cebbbe,hs071_x1_fixed,RelaxBounds,3,instructions:u,3883493501
S,9cebbbe,hs071_x1_fixed,RelaxBounds,3,branches:u,1126882442
S,9cebbbe,hs071_x1_fixed,RelaxBounds,3,cycles:u,3230085557
S,9cebbbe,hs071_x1_fixed,RelaxBounds,3,branch-misses:u,45244
S,9cebbbe,hs071_x1_fixed,RelaxBounds,3,L1-icache-load-misses:u,4836
S,9cebbbe,hs071_x1_fixed,RelaxBounds,3,elapsed_s,0.964890903
S,9cebbbe,hs071_x1_fixed,RelaxBounds,4,instructions:u,3871887598
S,9cebbbe,hs071_x1_fixed,RelaxBounds,4,branches:u,1123513032
S,9cebbbe,hs071_x1_fixed,RelaxBounds,4,cycles:u,3220226113
S,9cebbbe,hs071_x1_fixed,RelaxBounds,4,branch-misses:u,45164
S,9cebbbe,hs071_x1_fixed,RelaxBounds,4,L1-icache-load-misses:u,5006
S,9cebbbe,hs071_x1_fixed,RelaxBounds,4,elapsed_s,0.959363819
S,9cebbbe,hs071_x1_fixed,RelaxBounds,5,instructions:u,3903841821
S,9cebbbe,hs071_x1_fixed,RelaxBounds,5,branches:u,1132790122
S,9cebbbe,hs071_x1_fixed,RelaxBounds,5,cycles:u,3247092293
S,9cebbbe,hs071_x1_fixed,RelaxBounds,5,branch-misses:u,45360
S,9cebbbe,hs071_x1_fixed,RelaxBounds,5,L1-icache-load-misses:u,4861
S,9cebbbe,hs071_x1_fixed,RelaxBounds,5,elapsed_s,0.970145317
S,control,hs071_x1_fixed,MakeConstraint,1,instructions:u,4614312998
S,control,hs071_x1_fixed,MakeConstraint,1,branches:u,1339061918
S,control,hs071_x1_fixed,MakeConstraint,1,cycles:u,3245731768
S,control,hs071_x1_fixed,MakeConstraint,1,branch-misses:u,44679
S,control,hs071_x1_fixed,MakeConstraint,1,L1-icache-load-misses:u,4225
S,control,hs071_x1_fixed,MakeConstraint,1,elapsed_s,0.96955511
S,control,hs071_x1_fixed,MakeConstraint,2,instructions:u,4619620667
S,control,hs071_x1_fixed,MakeConstraint,2,branches:u,1340602768
S,control,hs071_x1_fixed,MakeConstraint,2,cycles:u,3245253608
S,control,hs071_x1_fixed,MakeConstraint,2,branch-misses:u,44546
S,control,hs071_x1_fixed,MakeConstraint,2,L1-icache-load-misses:u,4367
S,control,hs071_x1_fixed,MakeConstraint,2,elapsed_s,0.969323091
S,control,hs071_x1_fixed,MakeConstraint,3,instructions:u,4622345225
S,control,hs071_x1_fixed,MakeConstraint,3,branches:u,1341393762
S,control,hs071_x1_fixed,MakeConstraint,3,cycles:u,3247829256
S,control,hs071_x1_fixed,MakeConstraint,3,branch-misses:u,44608
S,control,hs071_x1_fixed,MakeConstraint,3,L1-icache-load-misses:u,4254
S,control,hs071_x1_fixed,MakeConstraint,3,elapsed_s,0.970230297
S,control,hs071_x1_fixed,MakeConstraint,4,instructions:u,4618767423
S,control,hs071_x1_fixed,MakeConstraint,4,branches:u,1340355056
S,control,hs071_x1_fixed,MakeConstraint,4,cycles:u,3246806613
S,control,hs071_x1_fixed,MakeConstraint,4,branch-misses:u,44607
S,control,hs071_x1_fixed,MakeConstraint,4,L1-icache-load-misses:u,4368
S,control,hs071_x1_fixed,MakeConstraint,4,elapsed_s,0.96973925
S,control,hs071_x1_fixed,MakeConstraint,5,instructions:u,4586764910
S,control,hs071_x1_fixed,MakeConstraint,5,branches:u,1331063990
S,control,hs071_x1_fixed,MakeConstraint,5,cycles:u,3223537981
S,control,hs071_x1_fixed,MakeConstraint,5,branch-misses:u,44676
S,control,hs071_x1_fixed,MakeConstraint,5,L1-icache-load-misses:u,4298
S,control,hs071_x1_fixed,MakeConstraint,5,elapsed_s,0.960007957
S,control,hs071_x1_fixed,MakeParameter,1,instructions:u,4572080561
S,control,hs071_x1_fixed,MakeParameter,1,branches:u,1326810293
S,control,hs071_x1_fixed,MakeParameter,1,cycles:u,3213258155
S,control,hs071_x1_fixed,MakeParameter,1,branch-misses:u,44768
S,control,hs071_x1_fixed,MakeParameter,1,L1-icache-load-misses:u,4249
S,control,hs071_x1_fixed,MakeParameter,1,elapsed_s,0.95710477
S,control,hs071_x1_fixed,MakeParameter,2,instructions:u,4614939477
S,control,hs071_x1_fixed,MakeParameter,2,branches:u,1339253207
S,control,hs071_x1_fixed,MakeParameter,2,cycles:u,3242604875
S,control,hs071_x1_fixed,MakeParameter,2,branch-misses:u,44494
S,control,hs071_x1_fixed,MakeParameter,2,L1-icache-load-misses:u,4391
S,control,hs071_x1_fixed,MakeParameter,2,elapsed_s,0.968661415
S,control,hs071_x1_fixed,MakeParameter,3,instructions:u,4220636588
S,control,hs071_x1_fixed,MakeParameter,3,branches:u,1224778126
S,control,hs071_x1_fixed,MakeParameter,3,cycles:u,2964178925
S,control,hs071_x1_fixed,MakeParameter,3,branch-misses:u,44244
S,control,hs071_x1_fixed,MakeParameter,3,L1-icache-load-misses:u,4179
S,control,hs071_x1_fixed,MakeParameter,3,elapsed_s,0.883080798
S,control,hs071_x1_fixed,MakeParameter,4,instructions:u,4604258870
S,control,hs071_x1_fixed,MakeParameter,4,branches:u,1336152397
S,control,hs071_x1_fixed,MakeParameter,4,cycles:u,3235786677
S,control,hs071_x1_fixed,MakeParameter,4,branch-misses:u,44465
S,control,hs071_x1_fixed,MakeParameter,4,L1-icache-load-misses:u,4351
S,control,hs071_x1_fixed,MakeParameter,4,elapsed_s,0.966648755
S,control,hs071_x1_fixed,MakeParameter,5,instructions:u,4613444691
S,control,hs071_x1_fixed,MakeParameter,5,branches:u,1338819240
S,control,hs071_x1_fixed,MakeParameter,5,cycles:u,3241600303
S,control,hs071_x1_fixed,MakeParameter,5,branch-misses:u,44667
S,control,hs071_x1_fixed,MakeParameter,5,L1-icache-load-misses:u,4361
S,control,hs071_x1_fixed,MakeParameter,5,elapsed_s,0.968411526
S,control,hs071_x1_fixed,RelaxBounds,1,instructions:u,4573884568
S,control,hs071_x1_fixed,RelaxBounds,1,branches:u,1327319539
S,control,hs071_x1_fixed,RelaxBounds,1,cycles:u,3216154787
S,control,hs071_x1_fixed,RelaxBounds,1,branch-misses:u,45185
S,control,hs071_x1_fixed,RelaxBounds,1,L1-icache-load-misses:u,4690
S,control,hs071_x1_fixed,RelaxBounds,1,elapsed_s,0.958202626
S,control,hs071_x1_fixed,RelaxBounds,2,instructions:u,4604047820
S,control,hs071_x1_fixed,RelaxBounds,2,branches:u,1336076616
S,control,hs071_x1_fixed,RelaxBounds,2,cycles:u,3246382025
S,control,hs071_x1_fixed,RelaxBounds,2,branch-misses:u,44694
S,control,hs071_x1_fixed,RelaxBounds,2,L1-icache-load-misses:u,4485
S,control,hs071_x1_fixed,RelaxBounds,2,elapsed_s,0.969834629
S,control,hs071_x1_fixed,RelaxBounds,3,instructions:u,4701148673
S,control,hs071_x1_fixed,RelaxBounds,3,branches:u,1364267282
S,control,hs071_x1_fixed,RelaxBounds,3,cycles:u,3246023202
S,control,hs071_x1_fixed,RelaxBounds,3,branch-misses:u,44780
S,control,hs071_x1_fixed,RelaxBounds,3,L1-icache-load-misses:u,4682
S,control,hs071_x1_fixed,RelaxBounds,3,elapsed_s,0.969779379
S,control,hs071_x1_fixed,RelaxBounds,4,instructions:u,4620644050
S,control,hs071_x1_fixed,RelaxBounds,4,branches:u,1340894891
S,control,hs071_x1_fixed,RelaxBounds,4,cycles:u,3246904421
S,control,hs071_x1_fixed,RelaxBounds,4,branch-misses:u,44568
S,control,hs071_x1_fixed,RelaxBounds,4,L1-icache-load-misses:u,4475
S,control,hs071_x1_fixed,RelaxBounds,4,elapsed_s,0.969817509
S,control,hs071_x1_fixed,RelaxBounds,5,instructions:u,4619085100
S,control,hs071_x1_fixed,RelaxBounds,5,branches:u,1340442285
S,control,hs071_x1_fixed,RelaxBounds,5,cycles:u,3246542485
S,control,hs071_x1_fixed,RelaxBounds,5,branch-misses:u,44782
S,control,hs071_x1_fixed,RelaxBounds,5,L1-icache-load-misses:u,4586
S,control,hs071_x1_fixed,RelaxBounds,5,elapsed_s,0.96977579
